table.count 7594
row.0 minecraft:mushroom_fields -10000,10000 -10000,10000 -12000,-10500 -10000,10000 0,0 -10000,10000 0
row.1 minecraft:mushroom_fields -10000,10000 -10000,10000 -12000,-10500 -10000,10000 10000,10000 -10000,10000 0
row.2 minecraft:deep_frozen_ocean -10000,-4500 -10000,10000 -10500,-4550 -10000,10000 0,0 -10000,10000 0
row.3 minecraft:deep_frozen_ocean -10000,-4500 -10000,10000 -10500,-4550 -10000,10000 10000,10000 -10000,10000 0
row.4 minecraft:frozen_ocean -10000,-4500 -10000,10000 -4550,-1900 -10000,10000 0,0 -10000,10000 0
row.5 minecraft:frozen_ocean -10000,-4500 -10000,10000 -4550,-1900 -10000,10000 10000,10000 -10000,10000 0
row.6 minecraft:deep_cold_ocean -4500,-1500 -10000,10000 -10500,-4550 -10000,10000 0,0 -10000,10000 0
row.7 minecraft:deep_cold_ocean -4500,-1500 -10000,10000 -10500,-4550 -10000,10000 10000,10000 -10000,10000 0
row.8 minecraft:cold_ocean -4500,-1500 -10000,10000 -4550,-1900 -10000,10000 0,0 -10000,10000 0
row.9 minecraft:cold_ocean -4500,-1500 -10000,10000 -4550,-1900 -10000,10000 10000,10000 -10000,10000 0
row.10 minecraft:deep_ocean -1500,2000 -10000,10000 -10500,-4550 -10000,10000 0,0 -10000,10000 0
row.11 minecraft:deep_ocean -1500,2000 -10000,10000 -10500,-4550 -10000,10000 10000,10000 -10000,10000 0
row.12 minecraft:ocean -1500,2000 -10000,10000 -4550,-1900 -10000,10000 0,0 -10000,10000 0
row.13 minecraft:ocean -1500,2000 -10000,10000 -4550,-1900 -10000,10000 10000,10000 -10000,10000 0
row.14 minecraft:deep_lukewarm_ocean 2000,5500 -10000,10000 -10500,-4550 -10000,10000 0,0 -10000,10000 0
row.15 minecraft:deep_lukewarm_ocean 2000,5500 -10000,10000 -10500,-4550 -10000,10000 10000,10000 -10000,10000 0
row.16 minecraft:lukewarm_ocean 2000,5500 -10000,10000 -4550,-1900 -10000,10000 0,0 -10000,10000 0
row.17 minecraft:lukewarm_ocean 2000,5500 -10000,10000 -4550,-1900 -10000,10000 10000,10000 -10000,10000 0
row.18 minecraft:warm_ocean 5500,10000 -10000,10000 -10500,-4550 -10000,10000 0,0 -10000,10000 0
row.19 minecraft:warm_ocean 5500,10000 -10000,10000 -10500,-4550 -10000,10000 10000,10000 -10000,10000 0
row.20 minecraft:warm_ocean 5500,10000 -10000,10000 -4550,-1900 -10000,10000 0,0 -10000,10000 0
row.21 minecraft:warm_ocean 5500,10000 -10000,10000 -4550,-1900 -10000,10000 10000,10000 -10000,10000 0
row.22 minecraft:stony_shore -10000,10000 -10000,10000 -1900,-1100 -10000,-2225 0,0 -10000,-9333 0
row.23 minecraft:stony_shore -10000,10000 -10000,10000 -1900,-1100 -10000,-2225 10000,10000 -10000,-9333 0
row.24 minecraft:swamp -4500,2000 -10000,10000 -1100,10000 5500,10000 0,0 -10000,-9333 0
row.25 minecraft:swamp -4500,2000 -10000,10000 -1100,10000 5500,10000 10000,10000 -10000,-9333 0
row.26 minecraft:mangrove_swamp 2000,10000 -10000,10000 -1100,10000 5500,10000 0,0 -10000,-9333 0
row.27 minecraft:mangrove_swamp 2000,10000 -10000,10000 -1100,10000 5500,10000 10000,10000 -10000,-9333 0
row.28 minecraft:snowy_slopes -10000,-4500 -10000,-3500 -1100,10000 -10000,-7799 0,0 -10000,-9333 0
row.29 minecraft:snowy_slopes -10000,-4500 -10000,-3500 -1100,10000 -10000,-7799 10000,10000 -10000,-9333 0
row.30 minecraft:snowy_slopes -10000,-4500 -10000,-3500 -1100,3000 -7799,-3750 0,0 -10000,-9333 0
row.31 minecraft:snowy_slopes -10000,-4500 -10000,-3500 -1100,3000 -7799,-3750 10000,10000 -10000,-9333 0
row.32 minecraft:snowy_slopes -10000,-4500 -10000,-3500 3000,10000 -7799,-3750 0,0 -10000,-9333 0
row.33 minecraft:snowy_slopes -10000,-4500 -10000,-3500 3000,10000 -7799,-3750 10000,10000 -10000,-9333 0
row.34 minecraft:snowy_plains -10000,-4500 -10000,-3500 -1100,300 -3750,-2225 0,0 -10000,-9333 0
row.35 minecraft:snowy_plains -10000,-4500 -10000,-3500 -1100,300 -3750,-2225 10000,10000 -10000,-9333 0
row.36 minecraft:snowy_plains -10000,-4500 -10000,-3500 300,3000 -3750,-2225 0,0 -10000,-9333 0
row.37 minecraft:snowy_plains -10000,-4500 -10000,-3500 300,3000 -3750,-2225 10000,10000 -10000,-9333 0
row.38 minecraft:snowy_plains -10000,-4500 -10000,-3500 3000,10000 -3750,-2225 0,0 -10000,-9333 0
row.39 minecraft:snowy_plains -10000,-4500 -10000,-3500 3000,10000 -3750,-2225 10000,10000 -10000,-9333 0
row.40 minecraft:snowy_plains -10000,-4500 -10000,-3500 -1900,300 -2225,500 0,0 -10000,-9333 0
row.41 minecraft:snowy_plains -10000,-4500 -10000,-3500 -1900,300 -2225,500 10000,10000 -10000,-9333 0
row.42 minecraft:snowy_plains -10000,-4500 -10000,-3500 300,10000 -2225,500 0,0 -10000,-9333 0
row.43 minecraft:snowy_plains -10000,-4500 -10000,-3500 300,10000 -2225,500 10000,10000 -10000,-9333 0
row.44 minecraft:snowy_beach -10000,-4500 -10000,-3500 -1900,-1100 500,4500 0,0 -10000,-9333 0
row.45 minecraft:snowy_beach -10000,-4500 -10000,-3500 -1900,-1100 500,4500 10000,10000 -10000,-9333 0
row.46 minecraft:snowy_plains -10000,-4500 -10000,-3500 -1100,10000 500,4500 0,0 -10000,-9333 0
row.47 minecraft:snowy_plains -10000,-4500 -10000,-3500 -1100,10000 500,4500 10000,10000 -10000,-9333 0
row.48 minecraft:snowy_beach -10000,-4500 -10000,-3500 -1900,-1100 4500,5500 0,0 -10000,-9333 0
row.49 minecraft:snowy_beach -10000,-4500 -10000,-3500 -1900,-1100 4500,5500 10000,10000 -10000,-9333 0
row.50 minecraft:snowy_plains -10000,-4500 -10000,-3500 -1100,300 4500,5500 0,0 -10000,-9333 0
row.51 minecraft:snowy_plains -10000,-4500 -10000,-3500 -1100,300 4500,5500 10000,10000 -10000,-9333 0
row.52 minecraft:windswept_gravelly_hills -10000,-4500 -10000,-3500 300,10000 4500,5500 0,0 -10000,-9333 0
row.53 minecraft:windswept_gravelly_hills -10000,-4500 -10000,-3500 300,10000 4500,5500 10000,10000 -10000,-9333 0
row.54 minecraft:snowy_beach -10000,-4500 -10000,-3500 -1900,-1100 5500,10000 0,0 -10000,-9333 0
row.55 minecraft:snowy_beach -10000,-4500 -10000,-3500 -1900,-1100 5500,10000 10000,10000 -10000,-9333 0
row.56 minecraft:snowy_plains -10000,-4500 -10000,-3500 -1100,10000 5500,10000 0,0 -10000,-9333 0
row.57 minecraft:snowy_plains -10000,-4500 -10000,-3500 -1100,10000 5500,10000 10000,10000 -10000,-9333 0
row.58 minecraft:snowy_slopes -10000,-4500 -3500,-1000 -1100,10000 -10000,-7799 0,0 -10000,-9333 0
row.59 minecraft:snowy_slopes -10000,-4500 -3500,-1000 -1100,10000 -10000,-7799 10000,10000 -10000,-9333 0
row.60 minecraft:snowy_slopes -10000,-4500 -3500,-1000 -1100,3000 -7799,-3750 0,0 -10000,-9333 0
row.61 minecraft:snowy_slopes -10000,-4500 -3500,-1000 -1100,3000 -7799,-3750 10000,10000 -10000,-9333 0
row.62 minecraft:snowy_slopes -10000,-4500 -3500,-1000 3000,10000 -7799,-3750 0,0 -10000,-9333 0
row.63 minecraft:snowy_slopes -10000,-4500 -3500,-1000 3000,10000 -7799,-3750 10000,10000 -10000,-9333 0
row.64 minecraft:snowy_plains -10000,-4500 -3500,-1000 -1100,300 -3750,-2225 0,0 -10000,-9333 0
row.65 minecraft:snowy_plains -10000,-4500 -3500,-1000 -1100,300 -3750,-2225 10000,10000 -10000,-9333 0
row.66 minecraft:snowy_plains -10000,-4500 -3500,-1000 300,3000 -3750,-2225 0,0 -10000,-9333 0
row.67 minecraft:snowy_plains -10000,-4500 -3500,-1000 300,3000 -3750,-2225 10000,10000 -10000,-9333 0
row.68 minecraft:snowy_plains -10000,-4500 -3500,-1000 3000,10000 -3750,-2225 0,0 -10000,-9333 0
row.69 minecraft:snowy_plains -10000,-4500 -3500,-1000 3000,10000 -3750,-2225 10000,10000 -10000,-9333 0
row.70 minecraft:snowy_plains -10000,-4500 -3500,-1000 -1900,300 -2225,500 0,0 -10000,-9333 0
row.71 minecraft:snowy_plains -10000,-4500 -3500,-1000 -1900,300 -2225,500 10000,10000 -10000,-9333 0
row.72 minecraft:snowy_plains -10000,-4500 -3500,-1000 300,10000 -2225,500 0,0 -10000,-9333 0
row.73 minecraft:snowy_plains -10000,-4500 -3500,-1000 300,10000 -2225,500 10000,10000 -10000,-9333 0
row.74 minecraft:snowy_beach -10000,-4500 -3500,-1000 -1900,-1100 500,4500 0,0 -10000,-9333 0
row.75 minecraft:snowy_beach -10000,-4500 -3500,-1000 -1900,-1100 500,4500 10000,10000 -10000,-9333 0
row.76 minecraft:snowy_plains -10000,-4500 -3500,-1000 -1100,10000 500,4500 0,0 -10000,-9333 0
row.77 minecraft:snowy_plains -10000,-4500 -3500,-1000 -1100,10000 500,4500 10000,10000 -10000,-9333 0
row.78 minecraft:snowy_beach -10000,-4500 -3500,-1000 -1900,-1100 4500,5500 0,0 -10000,-9333 0
row.79 minecraft:snowy_beach -10000,-4500 -3500,-1000 -1900,-1100 4500,5500 10000,10000 -10000,-9333 0
row.80 minecraft:snowy_plains -10000,-4500 -3500,-1000 -1100,300 4500,5500 0,0 -10000,-9333 0
row.81 minecraft:snowy_plains -10000,-4500 -3500,-1000 -1100,300 4500,5500 10000,10000 -10000,-9333 0
row.82 minecraft:windswept_gravelly_hills -10000,-4500 -3500,-1000 300,10000 4500,5500 0,0 -10000,-9333 0
row.83 minecraft:windswept_gravelly_hills -10000,-4500 -3500,-1000 300,10000 4500,5500 10000,10000 -10000,-9333 0
row.84 minecraft:snowy_beach -10000,-4500 -3500,-1000 -1900,-1100 5500,10000 0,0 -10000,-9333 0
row.85 minecraft:snowy_beach -10000,-4500 -3500,-1000 -1900,-1100 5500,10000 10000,10000 -10000,-9333 0
row.86 minecraft:snowy_plains -10000,-4500 -3500,-1000 -1100,10000 5500,10000 0,0 -10000,-9333 0
row.87 minecraft:snowy_plains -10000,-4500 -3500,-1000 -1100,10000 5500,10000 10000,10000 -10000,-9333 0
row.88 minecraft:grove -10000,-4500 -1000,1000 -1100,10000 -10000,-7799 0,0 -10000,-9333 0
row.89 minecraft:grove -10000,-4500 -1000,1000 -1100,10000 -10000,-7799 10000,10000 -10000,-9333 0
row.90 minecraft:grove -10000,-4500 -1000,1000 -1100,3000 -7799,-3750 0,0 -10000,-9333 0
row.91 minecraft:grove -10000,-4500 -1000,1000 -1100,3000 -7799,-3750 10000,10000 -10000,-9333 0
row.92 minecraft:grove -10000,-4500 -1000,1000 3000,10000 -7799,-3750 0,0 -10000,-9333 0
row.93 minecraft:grove -10000,-4500 -1000,1000 3000,10000 -7799,-3750 10000,10000 -10000,-9333 0
row.94 minecraft:snowy_plains -10000,-4500 -1000,1000 -1100,300 -3750,-2225 0,0 -10000,-9333 0
row.95 minecraft:snowy_plains -10000,-4500 -1000,1000 -1100,300 -3750,-2225 10000,10000 -10000,-9333 0
row.96 minecraft:snowy_plains -10000,-4500 -1000,1000 300,3000 -3750,-2225 0,0 -10000,-9333 0
row.97 minecraft:snowy_plains -10000,-4500 -1000,1000 300,3000 -3750,-2225 10000,10000 -10000,-9333 0
row.98 minecraft:snowy_plains -10000,-4500 -1000,1000 3000,10000 -3750,-2225 0,0 -10000,-9333 0
row.99 minecraft:snowy_plains -10000,-4500 -1000,1000 3000,10000 -3750,-2225 10000,10000 -10000,-9333 0
row.100 minecraft:snowy_plains -10000,-4500 -1000,1000 -1900,300 -2225,500 0,0 -10000,-9333 0
row.101 minecraft:snowy_plains -10000,-4500 -1000,1000 -1900,300 -2225,500 10000,10000 -10000,-9333 0
row.102 minecraft:snowy_plains -10000,-4500 -1000,1000 300,10000 -2225,500 0,0 -10000,-9333 0
row.103 minecraft:snowy_plains -10000,-4500 -1000,1000 300,10000 -2225,500 10000,10000 -10000,-9333 0
row.104 minecraft:snowy_beach -10000,-4500 -1000,1000 -1900,-1100 500,4500 0,0 -10000,-9333 0
row.105 minecraft:snowy_beach -10000,-4500 -1000,1000 -1900,-1100 500,4500 10000,10000 -10000,-9333 0
row.106 minecraft:snowy_plains -10000,-4500 -1000,1000 -1100,10000 500,4500 0,0 -10000,-9333 0
row.107 minecraft:snowy_plains -10000,-4500 -1000,1000 -1100,10000 500,4500 10000,10000 -10000,-9333 0
row.108 minecraft:snowy_beach -10000,-4500 -1000,1000 -1900,-1100 4500,5500 0,0 -10000,-9333 0
row.109 minecraft:snowy_beach -10000,-4500 -1000,1000 -1900,-1100 4500,5500 10000,10000 -10000,-9333 0
row.110 minecraft:snowy_plains -10000,-4500 -1000,1000 -1100,300 4500,5500 0,0 -10000,-9333 0
row.111 minecraft:snowy_plains -10000,-4500 -1000,1000 -1100,300 4500,5500 10000,10000 -10000,-9333 0
row.112 minecraft:windswept_hills -10000,-4500 -1000,1000 300,10000 4500,5500 0,0 -10000,-9333 0
row.113 minecraft:windswept_hills -10000,-4500 -1000,1000 300,10000 4500,5500 10000,10000 -10000,-9333 0
row.114 minecraft:snowy_beach -10000,-4500 -1000,1000 -1900,-1100 5500,10000 0,0 -10000,-9333 0
row.115 minecraft:snowy_beach -10000,-4500 -1000,1000 -1900,-1100 5500,10000 10000,10000 -10000,-9333 0
row.116 minecraft:snowy_plains -10000,-4500 -1000,1000 -1100,10000 5500,10000 0,0 -10000,-9333 0
row.117 minecraft:snowy_plains -10000,-4500 -1000,1000 -1100,10000 5500,10000 10000,10000 -10000,-9333 0
row.118 minecraft:grove -10000,-4500 1000,3000 -1100,10000 -10000,-7799 0,0 -10000,-9333 0
row.119 minecraft:grove -10000,-4500 1000,3000 -1100,10000 -10000,-7799 10000,10000 -10000,-9333 0
row.120 minecraft:grove -10000,-4500 1000,3000 -1100,3000 -7799,-3750 0,0 -10000,-9333 0
row.121 minecraft:grove -10000,-4500 1000,3000 -1100,3000 -7799,-3750 10000,10000 -10000,-9333 0
row.122 minecraft:grove -10000,-4500 1000,3000 3000,10000 -7799,-3750 0,0 -10000,-9333 0
row.123 minecraft:grove -10000,-4500 1000,3000 3000,10000 -7799,-3750 10000,10000 -10000,-9333 0
row.124 minecraft:snowy_taiga -10000,-4500 1000,3000 -1100,300 -3750,-2225 0,0 -10000,-9333 0
row.125 minecraft:snowy_taiga -10000,-4500 1000,3000 -1100,300 -3750,-2225 10000,10000 -10000,-9333 0
row.126 minecraft:snowy_taiga -10000,-4500 1000,3000 300,3000 -3750,-2225 0,0 -10000,-9333 0
row.127 minecraft:snowy_taiga -10000,-4500 1000,3000 300,3000 -3750,-2225 10000,10000 -10000,-9333 0
row.128 minecraft:snowy_taiga -10000,-4500 1000,3000 3000,10000 -3750,-2225 0,0 -10000,-9333 0
row.129 minecraft:snowy_taiga -10000,-4500 1000,3000 3000,10000 -3750,-2225 10000,10000 -10000,-9333 0
row.130 minecraft:snowy_taiga -10000,-4500 1000,3000 -1900,300 -2225,500 0,0 -10000,-9333 0
row.131 minecraft:snowy_taiga -10000,-4500 1000,3000 -1900,300 -2225,500 10000,10000 -10000,-9333 0
row.132 minecraft:snowy_taiga -10000,-4500 1000,3000 300,10000 -2225,500 0,0 -10000,-9333 0
row.133 minecraft:snowy_taiga -10000,-4500 1000,3000 300,10000 -2225,500 10000,10000 -10000,-9333 0
row.134 minecraft:snowy_beach -10000,-4500 1000,3000 -1900,-1100 500,4500 0,0 -10000,-9333 0
row.135 minecraft:snowy_beach -10000,-4500 1000,3000 -1900,-1100 500,4500 10000,10000 -10000,-9333 0
row.136 minecraft:snowy_taiga -10000,-4500 1000,3000 -1100,10000 500,4500 0,0 -10000,-9333 0
row.137 minecraft:snowy_taiga -10000,-4500 1000,3000 -1100,10000 500,4500 10000,10000 -10000,-9333 0
row.138 minecraft:snowy_beach -10000,-4500 1000,3000 -1900,-1100 4500,5500 0,0 -10000,-9333 0
row.139 minecraft:snowy_beach -10000,-4500 1000,3000 -1900,-1100 4500,5500 10000,10000 -10000,-9333 0
row.140 minecraft:snowy_taiga -10000,-4500 1000,3000 -1100,300 4500,5500 0,0 -10000,-9333 0
row.141 minecraft:snowy_taiga -10000,-4500 1000,3000 -1100,300 4500,5500 10000,10000 -10000,-9333 0
row.142 minecraft:windswept_forest -10000,-4500 1000,3000 300,10000 4500,5500 0,0 -10000,-9333 0
row.143 minecraft:windswept_forest -10000,-4500 1000,3000 300,10000 4500,5500 10000,10000 -10000,-9333 0
row.144 minecraft:snowy_beach -10000,-4500 1000,3000 -1900,-1100 5500,10000 0,0 -10000,-9333 0
row.145 minecraft:snowy_beach -10000,-4500 1000,3000 -1900,-1100 5500,10000 10000,10000 -10000,-9333 0
row.146 minecraft:snowy_taiga -10000,-4500 1000,3000 -1100,10000 5500,10000 0,0 -10000,-9333 0
row.147 minecraft:snowy_taiga -10000,-4500 1000,3000 -1100,10000 5500,10000 10000,10000 -10000,-9333 0
row.148 minecraft:grove -10000,-4500 3000,10000 -1100,10000 -10000,-7799 0,0 -10000,-9333 0
row.149 minecraft:grove -10000,-4500 3000,10000 -1100,10000 -10000,-7799 10000,10000 -10000,-9333 0
row.150 minecraft:grove -10000,-4500 3000,10000 -1100,3000 -7799,-3750 0,0 -10000,-9333 0
row.151 minecraft:grove -10000,-4500 3000,10000 -1100,3000 -7799,-3750 10000,10000 -10000,-9333 0
row.152 minecraft:grove -10000,-4500 3000,10000 3000,10000 -7799,-3750 0,0 -10000,-9333 0
row.153 minecraft:grove -10000,-4500 3000,10000 3000,10000 -7799,-3750 10000,10000 -10000,-9333 0
row.154 minecraft:taiga -10000,-4500 3000,10000 -1100,300 -3750,-2225 0,0 -10000,-9333 0
row.155 minecraft:taiga -10000,-4500 3000,10000 -1100,300 -3750,-2225 10000,10000 -10000,-9333 0
row.156 minecraft:taiga -10000,-4500 3000,10000 300,3000 -3750,-2225 0,0 -10000,-9333 0
row.157 minecraft:taiga -10000,-4500 3000,10000 300,3000 -3750,-2225 10000,10000 -10000,-9333 0
row.158 minecraft:snowy_taiga -10000,-4500 3000,10000 3000,10000 -3750,-2225 0,0 -10000,-9333 0
row.159 minecraft:snowy_taiga -10000,-4500 3000,10000 3000,10000 -3750,-2225 10000,10000 -10000,-9333 0
row.160 minecraft:taiga -10000,-4500 3000,10000 -1900,300 -2225,500 0,0 -10000,-9333 0
row.161 minecraft:taiga -10000,-4500 3000,10000 -1900,300 -2225,500 10000,10000 -10000,-9333 0
row.162 minecraft:taiga -10000,-4500 3000,10000 300,10000 -2225,500 0,0 -10000,-9333 0
row.163 minecraft:taiga -10000,-4500 3000,10000 300,10000 -2225,500 10000,10000 -10000,-9333 0
row.164 minecraft:snowy_beach -10000,-4500 3000,10000 -1900,-1100 500,4500 0,0 -10000,-9333 0
row.165 minecraft:snowy_beach -10000,-4500 3000,10000 -1900,-1100 500,4500 10000,10000 -10000,-9333 0
row.166 minecraft:taiga -10000,-4500 3000,10000 -1100,10000 500,4500 0,0 -10000,-9333 0
row.167 minecraft:taiga -10000,-4500 3000,10000 -1100,10000 500,4500 10000,10000 -10000,-9333 0
row.168 minecraft:snowy_beach -10000,-4500 3000,10000 -1900,-1100 4500,5500 0,0 -10000,-9333 0
row.169 minecraft:snowy_beach -10000,-4500 3000,10000 -1900,-1100 4500,5500 10000,10000 -10000,-9333 0
row.170 minecraft:taiga -10000,-4500 3000,10000 -1100,300 4500,5500 0,0 -10000,-9333 0
row.171 minecraft:taiga -10000,-4500 3000,10000 -1100,300 4500,5500 10000,10000 -10000,-9333 0
row.172 minecraft:windswept_forest -10000,-4500 3000,10000 300,10000 4500,5500 0,0 -10000,-9333 0
row.173 minecraft:windswept_forest -10000,-4500 3000,10000 300,10000 4500,5500 10000,10000 -10000,-9333 0
row.174 minecraft:snowy_beach -10000,-4500 3000,10000 -1900,-1100 5500,10000 0,0 -10000,-9333 0
row.175 minecraft:snowy_beach -10000,-4500 3000,10000 -1900,-1100 5500,10000 10000,10000 -10000,-9333 0
row.176 minecraft:taiga -10000,-4500 3000,10000 -1100,10000 5500,10000 0,0 -10000,-9333 0
row.177 minecraft:taiga -10000,-4500 3000,10000 -1100,10000 5500,10000 10000,10000 -10000,-9333 0
row.178 minecraft:snowy_slopes -4500,-1500 -10000,-3500 -1100,10000 -10000,-7799 0,0 -10000,-9333 0
row.179 minecraft:snowy_slopes -4500,-1500 -10000,-3500 -1100,10000 -10000,-7799 10000,10000 -10000,-9333 0
row.180 minecraft:plains -4500,-1500 -10000,-3500 -1100,3000 -7799,-3750 0,0 -10000,-9333 0
row.181 minecraft:plains -4500,-1500 -10000,-3500 -1100,3000 -7799,-3750 10000,10000 -10000,-9333 0
row.182 minecraft:meadow -4500,-1500 -10000,-3500 3000,10000 -7799,-3750 0,0 -10000,-9333 0
row.183 minecraft:meadow -4500,-1500 -10000,-3500 3000,10000 -7799,-3750 10000,10000 -10000,-9333 0
row.184 minecraft:plains -4500,-1500 -10000,-3500 -1100,300 -3750,-2225 0,0 -10000,-9333 0
row.185 minecraft:plains -4500,-1500 -10000,-3500 -1100,300 -3750,-2225 10000,10000 -10000,-9333 0
row.186 minecraft:plains -4500,-1500 -10000,-3500 300,3000 -3750,-2225 0,0 -10000,-9333 0
row.187 minecraft:plains -4500,-1500 -10000,-3500 300,3000 -3750,-2225 10000,10000 -10000,-9333 0
row.188 minecraft:meadow -4500,-1500 -10000,-3500 3000,10000 -3750,-2225 0,0 -10000,-9333 0
row.189 minecraft:meadow -4500,-1500 -10000,-3500 3000,10000 -3750,-2225 10000,10000 -10000,-9333 0
row.190 minecraft:plains -4500,-1500 -10000,-3500 -1900,300 -2225,500 0,0 -10000,-9333 0
row.191 minecraft:plains -4500,-1500 -10000,-3500 -1900,300 -2225,500 10000,10000 -10000,-9333 0
row.192 minecraft:plains -4500,-1500 -10000,-3500 300,10000 -2225,500 0,0 -10000,-9333 0
row.193 minecraft:plains -4500,-1500 -10000,-3500 300,10000 -2225,500 10000,10000 -10000,-9333 0
row.194 minecraft:beach -4500,-1500 -10000,-3500 -1900,-1100 500,4500 0,0 -10000,-9333 0
row.195 minecraft:beach -4500,-1500 -10000,-3500 -1900,-1100 500,4500 10000,10000 -10000,-9333 0
row.196 minecraft:plains -4500,-1500 -10000,-3500 -1100,10000 500,4500 0,0 -10000,-9333 0
row.197 minecraft:plains -4500,-1500 -10000,-3500 -1100,10000 500,4500 10000,10000 -10000,-9333 0
row.198 minecraft:beach -4500,-1500 -10000,-3500 -1900,-1100 4500,5500 0,0 -10000,-9333 0
row.199 minecraft:beach -4500,-1500 -10000,-3500 -1900,-1100 4500,5500 10000,10000 -10000,-9333 0
row.200 minecraft:plains -4500,-1500 -10000,-3500 -1100,300 4500,5500 0,0 -10000,-9333 0
row.201 minecraft:plains -4500,-1500 -10000,-3500 -1100,300 4500,5500 10000,10000 -10000,-9333 0
row.202 minecraft:windswept_gravelly_hills -4500,-1500 -10000,-3500 300,10000 4500,5500 0,0 -10000,-9333 0
row.203 minecraft:windswept_gravelly_hills -4500,-1500 -10000,-3500 300,10000 4500,5500 10000,10000 -10000,-9333 0
row.204 minecraft:beach -4500,-1500 -10000,-3500 -1900,-1100 5500,10000 0,0 -10000,-9333 0
row.205 minecraft:beach -4500,-1500 -10000,-3500 -1900,-1100 5500,10000 10000,10000 -10000,-9333 0
row.206 minecraft:snowy_slopes -4500,-1500 -3500,-1000 -1100,10000 -10000,-7799 0,0 -10000,-9333 0
row.207 minecraft:snowy_slopes -4500,-1500 -3500,-1000 -1100,10000 -10000,-7799 10000,10000 -10000,-9333 0
row.208 minecraft:plains -4500,-1500 -3500,-1000 -1100,3000 -7799,-3750 0,0 -10000,-9333 0
row.209 minecraft:plains -4500,-1500 -3500,-1000 -1100,3000 -7799,-3750 10000,10000 -10000,-9333 0
row.210 minecraft:meadow -4500,-1500 -3500,-1000 3000,10000 -7799,-3750 0,0 -10000,-9333 0
row.211 minecraft:meadow -4500,-1500 -3500,-1000 3000,10000 -7799,-3750 10000,10000 -10000,-9333 0
row.212 minecraft:plains -4500,-1500 -3500,-1000 -1100,300 -3750,-2225 0,0 -10000,-9333 0
row.213 minecraft:plains -4500,-1500 -3500,-1000 -1100,300 -3750,-2225 10000,10000 -10000,-9333 0
row.214 minecraft:plains -4500,-1500 -3500,-1000 300,3000 -3750,-2225 0,0 -10000,-9333 0
row.215 minecraft:plains -4500,-1500 -3500,-1000 300,3000 -3750,-2225 10000,10000 -10000,-9333 0
row.216 minecraft:meadow -4500,-1500 -3500,-1000 3000,10000 -3750,-2225 0,0 -10000,-9333 0
row.217 minecraft:meadow -4500,-1500 -3500,-1000 3000,10000 -3750,-2225 10000,10000 -10000,-9333 0
row.218 minecraft:plains -4500,-1500 -3500,-1000 -1900,300 -2225,500 0,0 -10000,-9333 0
row.219 minecraft:plains -4500,-1500 -3500,-1000 -1900,300 -2225,500 10000,10000 -10000,-9333 0
row.220 minecraft:plains -4500,-1500 -3500,-1000 300,10000 -2225,500 0,0 -10000,-9333 0
row.221 minecraft:plains -4500,-1500 -3500,-1000 300,10000 -2225,500 10000,10000 -10000,-9333 0
row.222 minecraft:beach -4500,-1500 -3500,-1000 -1900,-1100 500,4500 0,0 -10000,-9333 0
row.223 minecraft:beach -4500,-1500 -3500,-1000 -1900,-1100 500,4500 10000,10000 -10000,-9333 0
row.224 minecraft:plains -4500,-1500 -3500,-1000 -1100,10000 500,4500 0,0 -10000,-9333 0
row.225 minecraft:plains -4500,-1500 -3500,-1000 -1100,10000 500,4500 10000,10000 -10000,-9333 0
row.226 minecraft:beach -4500,-1500 -3500,-1000 -1900,-1100 4500,5500 0,0 -10000,-9333 0
row.227 minecraft:beach -4500,-1500 -3500,-1000 -1900,-1100 4500,5500 10000,10000 -10000,-9333 0
row.228 minecraft:plains -4500,-1500 -3500,-1000 -1100,300 4500,5500 0,0 -10000,-9333 0
row.229 minecraft:plains -4500,-1500 -3500,-1000 -1100,300 4500,5500 10000,10000 -10000,-9333 0
row.230 minecraft:windswept_gravelly_hills -4500,-1500 -3500,-1000 300,10000 4500,5500 0,0 -10000,-9333 0
row.231 minecraft:windswept_gravelly_hills -4500,-1500 -3500,-1000 300,10000 4500,5500 10000,10000 -10000,-9333 0
row.232 minecraft:beach -4500,-1500 -3500,-1000 -1900,-1100 5500,10000 0,0 -10000,-9333 0
row.233 minecraft:beach -4500,-1500 -3500,-1000 -1900,-1100 5500,10000 10000,10000 -10000,-9333 0
row.234 minecraft:grove -4500,-1500 -1000,1000 -1100,10000 -10000,-7799 0,0 -10000,-9333 0
row.235 minecraft:grove -4500,-1500 -1000,1000 -1100,10000 -10000,-7799 10000,10000 -10000,-9333 0
row.236 minecraft:forest -4500,-1500 -1000,1000 -1100,3000 -7799,-3750 0,0 -10000,-9333 0
row.237 minecraft:forest -4500,-1500 -1000,1000 -1100,3000 -7799,-3750 10000,10000 -10000,-9333 0
row.238 minecraft:forest -4500,-1500 -1000,1000 3000,10000 -7799,-3750 0,0 -10000,-9333 0
row.239 minecraft:forest -4500,-1500 -1000,1000 3000,10000 -7799,-3750 10000,10000 -10000,-9333 0
row.240 minecraft:forest -4500,-1500 -1000,1000 -1100,300 -3750,-2225 0,0 -10000,-9333 0
row.241 minecraft:forest -4500,-1500 -1000,1000 -1100,300 -3750,-2225 10000,10000 -10000,-9333 0
row.242 minecraft:forest -4500,-1500 -1000,1000 300,3000 -3750,-2225 0,0 -10000,-9333 0
row.243 minecraft:forest -4500,-1500 -1000,1000 300,3000 -3750,-2225 10000,10000 -10000,-9333 0
row.244 minecraft:forest -4500,-1500 -1000,1000 3000,10000 -3750,-2225 0,0 -10000,-9333 0
row.245 minecraft:forest -4500,-1500 -1000,1000 3000,10000 -3750,-2225 10000,10000 -10000,-9333 0
row.246 minecraft:forest -4500,-1500 -1000,1000 -1900,300 -2225,500 0,0 -10000,-9333 0
row.247 minecraft:forest -4500,-1500 -1000,1000 -1900,300 -2225,500 10000,10000 -10000,-9333 0
row.248 minecraft:forest -4500,-1500 -1000,1000 300,10000 -2225,500 0,0 -10000,-9333 0
row.249 minecraft:forest -4500,-1500 -1000,1000 300,10000 -2225,500 10000,10000 -10000,-9333 0
row.250 minecraft:beach -4500,-1500 -1000,1000 -1900,-1100 500,4500 0,0 -10000,-9333 0
row.251 minecraft:beach -4500,-1500 -1000,1000 -1900,-1100 500,4500 10000,10000 -10000,-9333 0
row.252 minecraft:forest -4500,-1500 -1000,1000 -1100,10000 500,4500 0,0 -10000,-9333 0
row.253 minecraft:forest -4500,-1500 -1000,1000 -1100,10000 500,4500 10000,10000 -10000,-9333 0
row.254 minecraft:beach -4500,-1500 -1000,1000 -1900,-1100 4500,5500 0,0 -10000,-9333 0
row.255 minecraft:beach -4500,-1500 -1000,1000 -1900,-1100 4500,5500 10000,10000 -10000,-9333 0
row.256 minecraft:forest -4500,-1500 -1000,1000 -1100,300 4500,5500 0,0 -10000,-9333 0
row.257 minecraft:forest -4500,-1500 -1000,1000 -1100,300 4500,5500 10000,10000 -10000,-9333 0
row.258 minecraft:windswept_hills -4500,-1500 -1000,1000 300,10000 4500,5500 0,0 -10000,-9333 0
row.259 minecraft:windswept_hills -4500,-1500 -1000,1000 300,10000 4500,5500 10000,10000 -10000,-9333 0
row.260 minecraft:beach -4500,-1500 -1000,1000 -1900,-1100 5500,10000 0,0 -10000,-9333 0
row.261 minecraft:beach -4500,-1500 -1000,1000 -1900,-1100 5500,10000 10000,10000 -10000,-9333 0
row.262 minecraft:grove -4500,-1500 1000,3000 -1100,10000 -10000,-7799 0,0 -10000,-9333 0
row.263 minecraft:grove -4500,-1500 1000,3000 -1100,10000 -10000,-7799 10000,10000 -10000,-9333 0
row.264 minecraft:taiga -4500,-1500 1000,3000 -1100,3000 -7799,-3750 0,0 -10000,-9333 0
row.265 minecraft:taiga -4500,-1500 1000,3000 -1100,3000 -7799,-3750 10000,10000 -10000,-9333 0
row.266 minecraft:taiga -4500,-1500 1000,3000 3000,10000 -7799,-3750 0,0 -10000,-9333 0
row.267 minecraft:taiga -4500,-1500 1000,3000 3000,10000 -7799,-3750 10000,10000 -10000,-9333 0
row.268 minecraft:taiga -4500,-1500 1000,3000 -1100,300 -3750,-2225 0,0 -10000,-9333 0
row.269 minecraft:taiga -4500,-1500 1000,3000 -1100,300 -3750,-2225 10000,10000 -10000,-9333 0
row.270 minecraft:taiga -4500,-1500 1000,3000 300,3000 -3750,-2225 0,0 -10000,-9333 0
row.271 minecraft:taiga -4500,-1500 1000,3000 300,3000 -3750,-2225 10000,10000 -10000,-9333 0
row.272 minecraft:taiga -4500,-1500 1000,3000 3000,10000 -3750,-2225 0,0 -10000,-9333 0
row.273 minecraft:taiga -4500,-1500 1000,3000 3000,10000 -3750,-2225 10000,10000 -10000,-9333 0
row.274 minecraft:taiga -4500,-1500 1000,3000 -1900,300 -2225,500 0,0 -10000,-9333 0
row.275 minecraft:taiga -4500,-1500 1000,3000 -1900,300 -2225,500 10000,10000 -10000,-9333 0
row.276 minecraft:taiga -4500,-1500 1000,3000 300,10000 -2225,500 0,0 -10000,-9333 0
row.277 minecraft:taiga -4500,-1500 1000,3000 300,10000 -2225,500 10000,10000 -10000,-9333 0
row.278 minecraft:beach -4500,-1500 1000,3000 -1900,-1100 500,4500 0,0 -10000,-9333 0
row.279 minecraft:beach -4500,-1500 1000,3000 -1900,-1100 500,4500 10000,10000 -10000,-9333 0
row.280 minecraft:taiga -4500,-1500 1000,3000 -1100,10000 500,4500 0,0 -10000,-9333 0
row.281 minecraft:taiga -4500,-1500 1000,3000 -1100,10000 500,4500 10000,10000 -10000,-9333 0
row.282 minecraft:beach -4500,-1500 1000,3000 -1900,-1100 4500,5500 0,0 -10000,-9333 0
row.283 minecraft:beach -4500,-1500 1000,3000 -1900,-1100 4500,5500 10000,10000 -10000,-9333 0
row.284 minecraft:taiga -4500,-1500 1000,3000 -1100,300 4500,5500 0,0 -10000,-9333 0
row.285 minecraft:taiga -4500,-1500 1000,3000 -1100,300 4500,5500 10000,10000 -10000,-9333 0
row.286 minecraft:windswept_forest -4500,-1500 1000,3000 300,10000 4500,5500 0,0 -10000,-9333 0
row.287 minecraft:windswept_forest -4500,-1500 1000,3000 300,10000 4500,5500 10000,10000 -10000,-9333 0
row.288 minecraft:beach -4500,-1500 1000,3000 -1900,-1100 5500,10000 0,0 -10000,-9333 0
row.289 minecraft:beach -4500,-1500 1000,3000 -1900,-1100 5500,10000 10000,10000 -10000,-9333 0
row.290 minecraft:grove -4500,-1500 3000,10000 -1100,10000 -10000,-7799 0,0 -10000,-9333 0
row.291 minecraft:grove -4500,-1500 3000,10000 -1100,10000 -10000,-7799 10000,10000 -10000,-9333 0
row.292 minecraft:old_growth_spruce_taiga -4500,-1500 3000,10000 -1100,3000 -7799,-3750 0,0 -10000,-9333 0
row.293 minecraft:old_growth_spruce_taiga -4500,-1500 3000,10000 -1100,3000 -7799,-3750 10000,10000 -10000,-9333 0
row.294 minecraft:old_growth_spruce_taiga -4500,-1500 3000,10000 3000,10000 -7799,-3750 0,0 -10000,-9333 0
row.295 minecraft:old_growth_spruce_taiga -4500,-1500 3000,10000 3000,10000 -7799,-3750 10000,10000 -10000,-9333 0
row.296 minecraft:old_growth_spruce_taiga -4500,-1500 3000,10000 -1100,300 -3750,-2225 0,0 -10000,-9333 0
row.297 minecraft:old_growth_spruce_taiga -4500,-1500 3000,10000 -1100,300 -3750,-2225 10000,10000 -10000,-9333 0
row.298 minecraft:old_growth_spruce_taiga -4500,-1500 3000,10000 300,3000 -3750,-2225 0,0 -10000,-9333 0
row.299 minecraft:old_growth_spruce_taiga -4500,-1500 3000,10000 300,3000 -3750,-2225 10000,10000 -10000,-9333 0
row.300 minecraft:old_growth_spruce_taiga -4500,-1500 3000,10000 3000,10000 -3750,-2225 0,0 -10000,-9333 0
row.301 minecraft:old_growth_spruce_taiga -4500,-1500 3000,10000 3000,10000 -3750,-2225 10000,10000 -10000,-9333 0
row.302 minecraft:old_growth_spruce_taiga -4500,-1500 3000,10000 -1900,300 -2225,500 0,0 -10000,-9333 0
row.303 minecraft:old_growth_spruce_taiga -4500,-1500 3000,10000 -1900,300 -2225,500 10000,10000 -10000,-9333 0
row.304 minecraft:old_growth_spruce_taiga -4500,-1500 3000,10000 300,10000 -2225,500 0,0 -10000,-9333 0
row.305 minecraft:old_growth_spruce_taiga -4500,-1500 3000,10000 300,10000 -2225,500 10000,10000 -10000,-9333 0
row.306 minecraft:beach -4500,-1500 3000,10000 -1900,-1100 500,4500 0,0 -10000,-9333 0
row.307 minecraft:beach -4500,-1500 3000,10000 -1900,-1100 500,4500 10000,10000 -10000,-9333 0
row.308 minecraft:old_growth_spruce_taiga -4500,-1500 3000,10000 -1100,10000 500,4500 0,0 -10000,-9333 0
row.309 minecraft:old_growth_spruce_taiga -4500,-1500 3000,10000 -1100,10000 500,4500 10000,10000 -10000,-9333 0
row.310 minecraft:beach -4500,-1500 3000,10000 -1900,-1100 4500,5500 0,0 -10000,-9333 0
row.311 minecraft:beach -4500,-1500 3000,10000 -1900,-1100 4500,5500 10000,10000 -10000,-9333 0
row.312 minecraft:old_growth_spruce_taiga -4500,-1500 3000,10000 -1100,300 4500,5500 0,0 -10000,-9333 0
row.313 minecraft:old_growth_spruce_taiga -4500,-1500 3000,10000 -1100,300 4500,5500 10000,10000 -10000,-9333 0
row.314 minecraft:windswept_forest -4500,-1500 3000,10000 300,10000 4500,5500 0,0 -10000,-9333 0
row.315 minecraft:windswept_forest -4500,-1500 3000,10000 300,10000 4500,5500 10000,10000 -10000,-9333 0
row.316 minecraft:beach -4500,-1500 3000,10000 -1900,-1100 5500,10000 0,0 -10000,-9333 0
row.317 minecraft:beach -4500,-1500 3000,10000 -1900,-1100 5500,10000 10000,10000 -10000,-9333 0
row.318 minecraft:snowy_slopes -1500,2000 -10000,-3500 -1100,10000 -10000,-7799 0,0 -10000,-9333 0
row.319 minecraft:snowy_slopes -1500,2000 -10000,-3500 -1100,10000 -10000,-7799 10000,10000 -10000,-9333 0
row.320 minecraft:flower_forest -1500,2000 -10000,-3500 -1100,3000 -7799,-3750 0,0 -10000,-9333 0
row.321 minecraft:flower_forest -1500,2000 -10000,-3500 -1100,3000 -7799,-3750 10000,10000 -10000,-9333 0
row.322 minecraft:meadow -1500,2000 -10000,-3500 3000,10000 -7799,-3750 0,0 -10000,-9333 0
row.323 minecraft:meadow -1500,2000 -10000,-3500 3000,10000 -7799,-3750 10000,10000 -10000,-9333 0
row.324 minecraft:flower_forest -1500,2000 -10000,-3500 -1100,300 -3750,-2225 0,0 -10000,-9333 0
row.325 minecraft:flower_forest -1500,2000 -10000,-3500 -1100,300 -3750,-2225 10000,10000 -10000,-9333 0
row.326 minecraft:flower_forest -1500,2000 -10000,-3500 300,3000 -3750,-2225 0,0 -10000,-9333 0
row.327 minecraft:flower_forest -1500,2000 -10000,-3500 300,3000 -3750,-2225 10000,10000 -10000,-9333 0
row.328 minecraft:meadow -1500,2000 -10000,-3500 3000,10000 -3750,-2225 0,0 -10000,-9333 0
row.329 minecraft:meadow -1500,2000 -10000,-3500 3000,10000 -3750,-2225 10000,10000 -10000,-9333 0
row.330 minecraft:flower_forest -1500,2000 -10000,-3500 -1900,300 -2225,500 0,0 -10000,-9333 0
row.331 minecraft:flower_forest -1500,2000 -10000,-3500 -1900,300 -2225,500 10000,10000 -10000,-9333 0
row.332 minecraft:flower_forest -1500,2000 -10000,-3500 300,10000 -2225,500 0,0 -10000,-9333 0
row.333 minecraft:flower_forest -1500,2000 -10000,-3500 300,10000 -2225,500 10000,10000 -10000,-9333 0
row.334 minecraft:beach -1500,2000 -10000,-3500 -1900,-1100 500,4500 0,0 -10000,-9333 0
row.335 minecraft:beach -1500,2000 -10000,-3500 -1900,-1100 500,4500 10000,10000 -10000,-9333 0
row.336 minecraft:flower_forest -1500,2000 -10000,-3500 -1100,10000 500,4500 0,0 -10000,-9333 0
row.337 minecraft:flower_forest -1500,2000 -10000,-3500 -1100,10000 500,4500 10000,10000 -10000,-9333 0
row.338 minecraft:beach -1500,2000 -10000,-3500 -1900,-1100 4500,5500 0,0 -10000,-9333 0
row.339 minecraft:beach -1500,2000 -10000,-3500 -1900,-1100 4500,5500 10000,10000 -10000,-9333 0
row.340 minecraft:flower_forest -1500,2000 -10000,-3500 -1100,300 4500,5500 0,0 -10000,-9333 0
row.341 minecraft:flower_forest -1500,2000 -10000,-3500 -1100,300 4500,5500 10000,10000 -10000,-9333 0
row.342 minecraft:windswept_hills -1500,2000 -10000,-3500 300,10000 4500,5500 0,0 -10000,-9333 0
row.343 minecraft:windswept_hills -1500,2000 -10000,-3500 300,10000 4500,5500 10000,10000 -10000,-9333 0
row.344 minecraft:beach -1500,2000 -10000,-3500 -1900,-1100 5500,10000 0,0 -10000,-9333 0
row.345 minecraft:beach -1500,2000 -10000,-3500 -1900,-1100 5500,10000 10000,10000 -10000,-9333 0
row.346 minecraft:snowy_slopes -1500,2000 -3500,-1000 -1100,10000 -10000,-7799 0,0 -10000,-9333 0
row.347 minecraft:snowy_slopes -1500,2000 -3500,-1000 -1100,10000 -10000,-7799 10000,10000 -10000,-9333 0
row.348 minecraft:plains -1500,2000 -3500,-1000 -1100,3000 -7799,-3750 0,0 -10000,-9333 0
row.349 minecraft:plains -1500,2000 -3500,-1000 -1100,3000 -7799,-3750 10000,10000 -10000,-9333 0
row.350 minecraft:meadow -1500,2000 -3500,-1000 3000,10000 -7799,-3750 0,0 -10000,-9333 0
row.351 minecraft:meadow -1500,2000 -3500,-1000 3000,10000 -7799,-3750 10000,10000 -10000,-9333 0
row.352 minecraft:plains -1500,2000 -3500,-1000 -1100,300 -3750,-2225 0,0 -10000,-9333 0
row.353 minecraft:plains -1500,2000 -3500,-1000 -1100,300 -3750,-2225 10000,10000 -10000,-9333 0
row.354 minecraft:plains -1500,2000 -3500,-1000 300,3000 -3750,-2225 0,0 -10000,-9333 0
row.355 minecraft:plains -1500,2000 -3500,-1000 300,3000 -3750,-2225 10000,10000 -10000,-9333 0
row.356 minecraft:meadow -1500,2000 -3500,-1000 3000,10000 -3750,-2225 0,0 -10000,-9333 0
row.357 minecraft:meadow -1500,2000 -3500,-1000 3000,10000 -3750,-2225 10000,10000 -10000,-9333 0
row.358 minecraft:plains -1500,2000 -3500,-1000 -1900,300 -2225,500 0,0 -10000,-9333 0
row.359 minecraft:plains -1500,2000 -3500,-1000 -1900,300 -2225,500 10000,10000 -10000,-9333 0
row.360 minecraft:plains -1500,2000 -3500,-1000 300,10000 -2225,500 0,0 -10000,-9333 0
row.361 minecraft:plains -1500,2000 -3500,-1000 300,10000 -2225,500 10000,10000 -10000,-9333 0
row.362 minecraft:beach -1500,2000 -3500,-1000 -1900,-1100 500,4500 0,0 -10000,-9333 0
row.363 minecraft:beach -1500,2000 -3500,-1000 -1900,-1100 500,4500 10000,10000 -10000,-9333 0
row.364 minecraft:plains -1500,2000 -3500,-1000 -1100,10000 500,4500 0,0 -10000,-9333 0
row.365 minecraft:plains -1500,2000 -3500,-1000 -1100,10000 500,4500 10000,10000 -10000,-9333 0
row.366 minecraft:beach -1500,2000 -3500,-1000 -1900,-1100 4500,5500 0,0 -10000,-9333 0
row.367 minecraft:beach -1500,2000 -3500,-1000 -1900,-1100 4500,5500 10000,10000 -10000,-9333 0
row.368 minecraft:plains -1500,2000 -3500,-1000 -1100,300 4500,5500 0,0 -10000,-9333 0
row.369 minecraft:plains -1500,2000 -3500,-1000 -1100,300 4500,5500 10000,10000 -10000,-9333 0
row.370 minecraft:windswept_hills -1500,2000 -3500,-1000 300,10000 4500,5500 0,0 -10000,-9333 0
row.371 minecraft:windswept_hills -1500,2000 -3500,-1000 300,10000 4500,5500 10000,10000 -10000,-9333 0
row.372 minecraft:beach -1500,2000 -3500,-1000 -1900,-1100 5500,10000 0,0 -10000,-9333 0
row.373 minecraft:beach -1500,2000 -3500,-1000 -1900,-1100 5500,10000 10000,10000 -10000,-9333 0
row.374 minecraft:grove -1500,2000 -1000,1000 -1100,10000 -10000,-7799 0,0 -10000,-9333 0
row.375 minecraft:grove -1500,2000 -1000,1000 -1100,10000 -10000,-7799 10000,10000 -10000,-9333 0
row.376 minecraft:forest -1500,2000 -1000,1000 -1100,3000 -7799,-3750 0,0 -10000,-9333 0
row.377 minecraft:forest -1500,2000 -1000,1000 -1100,3000 -7799,-3750 10000,10000 -10000,-9333 0
row.378 minecraft:meadow -1500,2000 -1000,1000 3000,10000 -7799,-3750 0,0 -10000,-9333 0
row.379 minecraft:meadow -1500,2000 -1000,1000 3000,10000 -7799,-3750 10000,10000 -10000,-9333 0
row.380 minecraft:forest -1500,2000 -1000,1000 -1100,300 -3750,-2225 0,0 -10000,-9333 0
row.381 minecraft:forest -1500,2000 -1000,1000 -1100,300 -3750,-2225 10000,10000 -10000,-9333 0
row.382 minecraft:forest -1500,2000 -1000,1000 300,3000 -3750,-2225 0,0 -10000,-9333 0
row.383 minecraft:forest -1500,2000 -1000,1000 300,3000 -3750,-2225 10000,10000 -10000,-9333 0
row.384 minecraft:meadow -1500,2000 -1000,1000 3000,10000 -3750,-2225 0,0 -10000,-9333 0
row.385 minecraft:meadow -1500,2000 -1000,1000 3000,10000 -3750,-2225 10000,10000 -10000,-9333 0
row.386 minecraft:forest -1500,2000 -1000,1000 -1900,300 -2225,500 0,0 -10000,-9333 0
row.387 minecraft:forest -1500,2000 -1000,1000 -1900,300 -2225,500 10000,10000 -10000,-9333 0
row.388 minecraft:forest -1500,2000 -1000,1000 300,10000 -2225,500 0,0 -10000,-9333 0
row.389 minecraft:forest -1500,2000 -1000,1000 300,10000 -2225,500 10000,10000 -10000,-9333 0
row.390 minecraft:beach -1500,2000 -1000,1000 -1900,-1100 500,4500 0,0 -10000,-9333 0
row.391 minecraft:beach -1500,2000 -1000,1000 -1900,-1100 500,4500 10000,10000 -10000,-9333 0
row.392 minecraft:forest -1500,2000 -1000,1000 -1100,10000 500,4500 0,0 -10000,-9333 0
row.393 minecraft:forest -1500,2000 -1000,1000 -1100,10000 500,4500 10000,10000 -10000,-9333 0
row.394 minecraft:beach -1500,2000 -1000,1000 -1900,-1100 4500,5500 0,0 -10000,-9333 0
row.395 minecraft:beach -1500,2000 -1000,1000 -1900,-1100 4500,5500 10000,10000 -10000,-9333 0
row.396 minecraft:forest -1500,2000 -1000,1000 -1100,300 4500,5500 0,0 -10000,-9333 0
row.397 minecraft:forest -1500,2000 -1000,1000 -1100,300 4500,5500 10000,10000 -10000,-9333 0
row.398 minecraft:windswept_hills -1500,2000 -1000,1000 300,10000 4500,5500 0,0 -10000,-9333 0
row.399 minecraft:windswept_hills -1500,2000 -1000,1000 300,10000 4500,5500 10000,10000 -10000,-9333 0
row.400 minecraft:beach -1500,2000 -1000,1000 -1900,-1100 5500,10000 0,0 -10000,-9333 0
row.401 minecraft:beach -1500,2000 -1000,1000 -1900,-1100 5500,10000 10000,10000 -10000,-9333 0
row.402 minecraft:grove -1500,2000 1000,3000 -1100,10000 -10000,-7799 0,0 -10000,-9333 0
row.403 minecraft:grove -1500,2000 1000,3000 -1100,10000 -10000,-7799 10000,10000 -10000,-9333 0
row.404 minecraft:birch_forest -1500,2000 1000,3000 -1100,3000 -7799,-3750 0,0 -10000,-9333 0
row.405 minecraft:birch_forest -1500,2000 1000,3000 -1100,3000 -7799,-3750 10000,10000 -10000,-9333 0
row.406 minecraft:meadow -1500,2000 1000,3000 3000,10000 -7799,-3750 0,0 -10000,-9333 0
row.407 minecraft:meadow -1500,2000 1000,3000 3000,10000 -7799,-3750 10000,10000 -10000,-9333 0
row.408 minecraft:birch_forest -1500,2000 1000,3000 -1100,300 -3750,-2225 0,0 -10000,-9333 0
row.409 minecraft:birch_forest -1500,2000 1000,3000 -1100,300 -3750,-2225 10000,10000 -10000,-9333 0
row.410 minecraft:birch_forest -1500,2000 1000,3000 300,3000 -3750,-2225 0,0 -10000,-9333 0
row.411 minecraft:birch_forest -1500,2000 1000,3000 300,3000 -3750,-2225 10000,10000 -10000,-9333 0
row.412 minecraft:meadow -1500,2000 1000,3000 3000,10000 -3750,-2225 0,0 -10000,-9333 0
row.413 minecraft:meadow -1500,2000 1000,3000 3000,10000 -3750,-2225 10000,10000 -10000,-9333 0
row.414 minecraft:birch_forest -1500,2000 1000,3000 -1900,300 -2225,500 0,0 -10000,-9333 0
row.415 minecraft:birch_forest -1500,2000 1000,3000 -1900,300 -2225,500 10000,10000 -10000,-9333 0
row.416 minecraft:birch_forest -1500,2000 1000,3000 300,10000 -2225,500 0,0 -10000,-9333 0
row.417 minecraft:birch_forest -1500,2000 1000,3000 300,10000 -2225,500 10000,10000 -10000,-9333 0
row.418 minecraft:beach -1500,2000 1000,3000 -1900,-1100 500,4500 0,0 -10000,-9333 0
row.419 minecraft:beach -1500,2000 1000,3000 -1900,-1100 500,4500 10000,10000 -10000,-9333 0
row.420 minecraft:birch_forest -1500,2000 1000,3000 -1100,10000 500,4500 0,0 -10000,-9333 0
row.421 minecraft:birch_forest -1500,2000 1000,3000 -1100,10000 500,4500 10000,10000 -10000,-9333 0
row.422 minecraft:beach -1500,2000 1000,3000 -1900,-1100 4500,5500 0,0 -10000,-9333 0
row.423 minecraft:beach -1500,2000 1000,3000 -1900,-1100 4500,5500 10000,10000 -10000,-9333 0
row.424 minecraft:birch_forest -1500,2000 1000,3000 -1100,300 4500,5500 0,0 -10000,-9333 0
row.425 minecraft:birch_forest -1500,2000 1000,3000 -1100,300 4500,5500 10000,10000 -10000,-9333 0
row.426 minecraft:windswept_forest -1500,2000 1000,3000 300,10000 4500,5500 0,0 -10000,-9333 0
row.427 minecraft:windswept_forest -1500,2000 1000,3000 300,10000 4500,5500 10000,10000 -10000,-9333 0
row.428 minecraft:beach -1500,2000 1000,3000 -1900,-1100 5500,10000 0,0 -10000,-9333 0
row.429 minecraft:beach -1500,2000 1000,3000 -1900,-1100 5500,10000 10000,10000 -10000,-9333 0
row.430 minecraft:grove -1500,2000 3000,10000 -1100,10000 -10000,-7799 0,0 -10000,-9333 0
row.431 minecraft:grove -1500,2000 3000,10000 -1100,10000 -10000,-7799 10000,10000 -10000,-9333 0
row.432 minecraft:dark_forest -1500,2000 3000,10000 -1100,3000 -7799,-3750 0,0 -10000,-9333 0
row.433 minecraft:dark_forest -1500,2000 3000,10000 -1100,3000 -7799,-3750 10000,10000 -10000,-9333 0
row.434 minecraft:pale_garden -1500,2000 3000,10000 3000,10000 -7799,-3750 0,0 -10000,-9333 0
row.435 minecraft:pale_garden -1500,2000 3000,10000 3000,10000 -7799,-3750 10000,10000 -10000,-9333 0
row.436 minecraft:dark_forest -1500,2000 3000,10000 -1100,300 -3750,-2225 0,0 -10000,-9333 0
row.437 minecraft:dark_forest -1500,2000 3000,10000 -1100,300 -3750,-2225 10000,10000 -10000,-9333 0
row.438 minecraft:dark_forest -1500,2000 3000,10000 300,3000 -3750,-2225 0,0 -10000,-9333 0
row.439 minecraft:dark_forest -1500,2000 3000,10000 300,3000 -3750,-2225 10000,10000 -10000,-9333 0
row.440 minecraft:pale_garden -1500,2000 3000,10000 3000,10000 -3750,-2225 0,0 -10000,-9333 0
row.441 minecraft:pale_garden -1500,2000 3000,10000 3000,10000 -3750,-2225 10000,10000 -10000,-9333 0
row.442 minecraft:dark_forest -1500,2000 3000,10000 -1900,300 -2225,500 0,0 -10000,-9333 0
row.443 minecraft:dark_forest -1500,2000 3000,10000 -1900,300 -2225,500 10000,10000 -10000,-9333 0
row.444 minecraft:dark_forest -1500,2000 3000,10000 300,10000 -2225,500 0,0 -10000,-9333 0
row.445 minecraft:dark_forest -1500,2000 3000,10000 300,10000 -2225,500 10000,10000 -10000,-9333 0
row.446 minecraft:beach -1500,2000 3000,10000 -1900,-1100 500,4500 0,0 -10000,-9333 0
row.447 minecraft:beach -1500,2000 3000,10000 -1900,-1100 500,4500 10000,10000 -10000,-9333 0
row.448 minecraft:dark_forest -1500,2000 3000,10000 -1100,10000 500,4500 0,0 -10000,-9333 0
row.449 minecraft:dark_forest -1500,2000 3000,10000 -1100,10000 500,4500 10000,10000 -10000,-9333 0
row.450 minecraft:beach -1500,2000 3000,10000 -1900,-1100 4500,5500 0,0 -10000,-9333 0
row.451 minecraft:beach -1500,2000 3000,10000 -1900,-1100 4500,5500 10000,10000 -10000,-9333 0
row.452 minecraft:dark_forest -1500,2000 3000,10000 -1100,300 4500,5500 0,0 -10000,-9333 0
row.453 minecraft:dark_forest -1500,2000 3000,10000 -1100,300 4500,5500 10000,10000 -10000,-9333 0
row.454 minecraft:windswept_forest -1500,2000 3000,10000 300,10000 4500,5500 0,0 -10000,-9333 0
row.455 minecraft:windswept_forest -1500,2000 3000,10000 300,10000 4500,5500 10000,10000 -10000,-9333 0
row.456 minecraft:beach -1500,2000 3000,10000 -1900,-1100 5500,10000 0,0 -10000,-9333 0
row.457 minecraft:beach -1500,2000 3000,10000 -1900,-1100 5500,10000 10000,10000 -10000,-9333 0
row.458 minecraft:savanna_plateau 2000,5500 -10000,-3500 -1100,10000 -10000,-7799 0,0 -10000,-9333 0
row.459 minecraft:savanna_plateau 2000,5500 -10000,-3500 -1100,10000 -10000,-7799 10000,10000 -10000,-9333 0
row.460 minecraft:savanna 2000,5500 -10000,-3500 -1100,3000 -7799,-3750 0,0 -10000,-9333 0
row.461 minecraft:savanna 2000,5500 -10000,-3500 -1100,3000 -7799,-3750 10000,10000 -10000,-9333 0
row.462 minecraft:savanna_plateau 2000,5500 -10000,-3500 3000,10000 -7799,-3750 0,0 -10000,-9333 0
row.463 minecraft:savanna_plateau 2000,5500 -10000,-3500 3000,10000 -7799,-3750 10000,10000 -10000,-9333 0
row.464 minecraft:savanna 2000,5500 -10000,-3500 -1100,300 -3750,-2225 0,0 -10000,-9333 0
row.465 minecraft:savanna 2000,5500 -10000,-3500 -1100,300 -3750,-2225 10000,10000 -10000,-9333 0
row.466 minecraft:savanna 2000,5500 -10000,-3500 300,3000 -3750,-2225 0,0 -10000,-9333 0
row.467 minecraft:savanna 2000,5500 -10000,-3500 300,3000 -3750,-2225 10000,10000 -10000,-9333 0
row.468 minecraft:savanna_plateau 2000,5500 -10000,-3500 3000,10000 -3750,-2225 0,0 -10000,-9333 0
row.469 minecraft:savanna_plateau 2000,5500 -10000,-3500 3000,10000 -3750,-2225 10000,10000 -10000,-9333 0
row.470 minecraft:savanna 2000,5500 -10000,-3500 -1900,300 -2225,500 0,0 -10000,-9333 0
row.471 minecraft:savanna 2000,5500 -10000,-3500 -1900,300 -2225,500 10000,10000 -10000,-9333 0
row.472 minecraft:savanna 2000,5500 -10000,-3500 300,10000 -2225,500 0,0 -10000,-9333 0
row.473 minecraft:savanna 2000,5500 -10000,-3500 300,10000 -2225,500 10000,10000 -10000,-9333 0
row.474 minecraft:beach 2000,5500 -10000,-3500 -1900,-1100 500,4500 0,0 -10000,-9333 0
row.475 minecraft:beach 2000,5500 -10000,-3500 -1900,-1100 500,4500 10000,10000 -10000,-9333 0
row.476 minecraft:savanna 2000,5500 -10000,-3500 -1100,10000 500,4500 0,0 -10000,-9333 0
row.477 minecraft:savanna 2000,5500 -10000,-3500 -1100,10000 500,4500 10000,10000 -10000,-9333 0
row.478 minecraft:beach 2000,5500 -10000,-3500 -1900,-1100 4500,5500 0,0 -10000,-9333 0
row.479 minecraft:beach 2000,5500 -10000,-3500 -1900,-1100 4500,5500 10000,10000 -10000,-9333 0
row.480 minecraft:savanna 2000,5500 -10000,-3500 -1100,300 4500,5500 0,0 -10000,-9333 0
row.481 minecraft:savanna 2000,5500 -10000,-3500 -1100,300 4500,5500 10000,10000 -10000,-9333 0
row.482 minecraft:savanna 2000,5500 -10000,-3500 300,10000 4500,5500 0,0 -10000,-9333 0
row.483 minecraft:savanna 2000,5500 -10000,-3500 300,10000 4500,5500 10000,10000 -10000,-9333 0
row.484 minecraft:beach 2000,5500 -10000,-3500 -1900,-1100 5500,10000 0,0 -10000,-9333 0
row.485 minecraft:beach 2000,5500 -10000,-3500 -1900,-1100 5500,10000 10000,10000 -10000,-9333 0
row.486 minecraft:savanna_plateau 2000,5500 -3500,-1000 -1100,10000 -10000,-7799 0,0 -10000,-9333 0
row.487 minecraft:savanna_plateau 2000,5500 -3500,-1000 -1100,10000 -10000,-7799 10000,10000 -10000,-9333 0
row.488 minecraft:savanna 2000,5500 -3500,-1000 -1100,3000 -7799,-3750 0,0 -10000,-9333 0
row.489 minecraft:savanna 2000,5500 -3500,-1000 -1100,3000 -7799,-3750 10000,10000 -10000,-9333 0
row.490 minecraft:savanna_plateau 2000,5500 -3500,-1000 3000,10000 -7799,-3750 0,0 -10000,-9333 0
row.491 minecraft:savanna_plateau 2000,5500 -3500,-1000 3000,10000 -7799,-3750 10000,10000 -10000,-9333 0
row.492 minecraft:savanna 2000,5500 -3500,-1000 -1100,300 -3750,-2225 0,0 -10000,-9333 0
row.493 minecraft:savanna 2000,5500 -3500,-1000 -1100,300 -3750,-2225 10000,10000 -10000,-9333 0
row.494 minecraft:savanna 2000,5500 -3500,-1000 300,3000 -3750,-2225 0,0 -10000,-9333 0
row.495 minecraft:savanna 2000,5500 -3500,-1000 300,3000 -3750,-2225 10000,10000 -10000,-9333 0
row.496 minecraft:savanna_plateau 2000,5500 -3500,-1000 3000,10000 -3750,-2225 0,0 -10000,-9333 0
row.497 minecraft:savanna_plateau 2000,5500 -3500,-1000 3000,10000 -3750,-2225 10000,10000 -10000,-9333 0
row.498 minecraft:savanna 2000,5500 -3500,-1000 -1900,300 -2225,500 0,0 -10000,-9333 0
row.499 minecraft:savanna 2000,5500 -3500,-1000 -1900,300 -2225,500 10000,10000 -10000,-9333 0
row.500 minecraft:savanna 2000,5500 -3500,-1000 300,10000 -2225,500 0,0 -10000,-9333 0
row.501 minecraft:savanna 2000,5500 -3500,-1000 300,10000 -2225,500 10000,10000 -10000,-9333 0
row.502 minecraft:beach 2000,5500 -3500,-1000 -1900,-1100 500,4500 0,0 -10000,-9333 0
row.503 minecraft:beach 2000,5500 -3500,-1000 -1900,-1100 500,4500 10000,10000 -10000,-9333 0
row.504 minecraft:savanna 2000,5500 -3500,-1000 -1100,10000 500,4500 0,0 -10000,-9333 0
row.505 minecraft:savanna 2000,5500 -3500,-1000 -1100,10000 500,4500 10000,10000 -10000,-9333 0
row.506 minecraft:beach 2000,5500 -3500,-1000 -1900,-1100 4500,5500 0,0 -10000,-9333 0
row.507 minecraft:beach 2000,5500 -3500,-1000 -1900,-1100 4500,5500 10000,10000 -10000,-9333 0
row.508 minecraft:savanna 2000,5500 -3500,-1000 -1100,300 4500,5500 0,0 -10000,-9333 0
row.509 minecraft:savanna 2000,5500 -3500,-1000 -1100,300 4500,5500 10000,10000 -10000,-9333 0
row.510 minecraft:savanna 2000,5500 -3500,-1000 300,10000 4500,5500 0,0 -10000,-9333 0
row.511 minecraft:savanna 2000,5500 -3500,-1000 300,10000 4500,5500 10000,10000 -10000,-9333 0
row.512 minecraft:beach 2000,5500 -3500,-1000 -1900,-1100 5500,10000 0,0 -10000,-9333 0
row.513 minecraft:beach 2000,5500 -3500,-1000 -1900,-1100 5500,10000 10000,10000 -10000,-9333 0
row.514 minecraft:forest 2000,5500 -1000,1000 -1100,10000 -10000,-7799 0,0 -10000,-9333 0
row.515 minecraft:forest 2000,5500 -1000,1000 -1100,10000 -10000,-7799 10000,10000 -10000,-9333 0
row.516 minecraft:forest 2000,5500 -1000,1000 -1100,3000 -7799,-3750 0,0 -10000,-9333 0
row.517 minecraft:forest 2000,5500 -1000,1000 -1100,3000 -7799,-3750 10000,10000 -10000,-9333 0
row.518 minecraft:forest 2000,5500 -1000,1000 3000,10000 -7799,-3750 0,0 -10000,-9333 0
row.519 minecraft:forest 2000,5500 -1000,1000 3000,10000 -7799,-3750 10000,10000 -10000,-9333 0
row.520 minecraft:forest 2000,5500 -1000,1000 -1100,300 -3750,-2225 0,0 -10000,-9333 0
row.521 minecraft:forest 2000,5500 -1000,1000 -1100,300 -3750,-2225 10000,10000 -10000,-9333 0
row.522 minecraft:forest 2000,5500 -1000,1000 300,3000 -3750,-2225 0,0 -10000,-9333 0
row.523 minecraft:forest 2000,5500 -1000,1000 300,3000 -3750,-2225 10000,10000 -10000,-9333 0
row.524 minecraft:forest 2000,5500 -1000,1000 3000,10000 -3750,-2225 0,0 -10000,-9333 0
row.525 minecraft:forest 2000,5500 -1000,1000 3000,10000 -3750,-2225 10000,10000 -10000,-9333 0
row.526 minecraft:forest 2000,5500 -1000,1000 -1900,300 -2225,500 0,0 -10000,-9333 0
row.527 minecraft:forest 2000,5500 -1000,1000 -1900,300 -2225,500 10000,10000 -10000,-9333 0
row.528 minecraft:forest 2000,5500 -1000,1000 300,10000 -2225,500 0,0 -10000,-9333 0
row.529 minecraft:forest 2000,5500 -1000,1000 300,10000 -2225,500 10000,10000 -10000,-9333 0
row.530 minecraft:beach 2000,5500 -1000,1000 -1900,-1100 500,4500 0,0 -10000,-9333 0
row.531 minecraft:beach 2000,5500 -1000,1000 -1900,-1100 500,4500 10000,10000 -10000,-9333 0
row.532 minecraft:forest 2000,5500 -1000,1000 -1100,10000 500,4500 0,0 -10000,-9333 0
row.533 minecraft:forest 2000,5500 -1000,1000 -1100,10000 500,4500 10000,10000 -10000,-9333 0
row.534 minecraft:beach 2000,5500 -1000,1000 -1900,-1100 4500,5500 0,0 -10000,-9333 0
row.535 minecraft:beach 2000,5500 -1000,1000 -1900,-1100 4500,5500 10000,10000 -10000,-9333 0
row.536 minecraft:forest 2000,5500 -1000,1000 -1100,300 4500,5500 0,0 -10000,-9333 0
row.537 minecraft:forest 2000,5500 -1000,1000 -1100,300 4500,5500 10000,10000 -10000,-9333 0
row.538 minecraft:forest 2000,5500 -1000,1000 300,10000 4500,5500 0,0 -10000,-9333 0
row.539 minecraft:forest 2000,5500 -1000,1000 300,10000 4500,5500 10000,10000 -10000,-9333 0
row.540 minecraft:beach 2000,5500 -1000,1000 -1900,-1100 5500,10000 0,0 -10000,-9333 0
row.541 minecraft:beach 2000,5500 -1000,1000 -1900,-1100 5500,10000 10000,10000 -10000,-9333 0
row.542 minecraft:forest 2000,5500 1000,3000 -1100,10000 -10000,-7799 0,0 -10000,-9333 0
row.543 minecraft:forest 2000,5500 1000,3000 -1100,10000 -10000,-7799 10000,10000 -10000,-9333 0
row.544 minecraft:jungle 2000,5500 1000,3000 -1100,3000 -7799,-3750 0,0 -10000,-9333 0
row.545 minecraft:jungle 2000,5500 1000,3000 -1100,3000 -7799,-3750 10000,10000 -10000,-9333 0
row.546 minecraft:forest 2000,5500 1000,3000 3000,10000 -7799,-3750 0,0 -10000,-9333 0
row.547 minecraft:forest 2000,5500 1000,3000 3000,10000 -7799,-3750 10000,10000 -10000,-9333 0
row.548 minecraft:jungle 2000,5500 1000,3000 -1100,300 -3750,-2225 0,0 -10000,-9333 0
row.549 minecraft:jungle 2000,5500 1000,3000 -1100,300 -3750,-2225 10000,10000 -10000,-9333 0
row.550 minecraft:jungle 2000,5500 1000,3000 300,3000 -3750,-2225 0,0 -10000,-9333 0
row.551 minecraft:jungle 2000,5500 1000,3000 300,3000 -3750,-2225 10000,10000 -10000,-9333 0
row.552 minecraft:forest 2000,5500 1000,3000 3000,10000 -3750,-2225 0,0 -10000,-9333 0
row.553 minecraft:forest 2000,5500 1000,3000 3000,10000 -3750,-2225 10000,10000 -10000,-9333 0
row.554 minecraft:jungle 2000,5500 1000,3000 -1900,300 -2225,500 0,0 -10000,-9333 0
row.555 minecraft:jungle 2000,5500 1000,3000 -1900,300 -2225,500 10000,10000 -10000,-9333 0
row.556 minecraft:jungle 2000,5500 1000,3000 300,10000 -2225,500 0,0 -10000,-9333 0
row.557 minecraft:jungle 2000,5500 1000,3000 300,10000 -2225,500 10000,10000 -10000,-9333 0
row.558 minecraft:beach 2000,5500 1000,3000 -1900,-1100 500,4500 0,0 -10000,-9333 0
row.559 minecraft:beach 2000,5500 1000,3000 -1900,-1100 500,4500 10000,10000 -10000,-9333 0
row.560 minecraft:jungle 2000,5500 1000,3000 -1100,10000 500,4500 0,0 -10000,-9333 0
row.561 minecraft:jungle 2000,5500 1000,3000 -1100,10000 500,4500 10000,10000 -10000,-9333 0
row.562 minecraft:beach 2000,5500 1000,3000 -1900,-1100 4500,5500 0,0 -10000,-9333 0
row.563 minecraft:beach 2000,5500 1000,3000 -1900,-1100 4500,5500 10000,10000 -10000,-9333 0
row.564 minecraft:jungle 2000,5500 1000,3000 -1100,300 4500,5500 0,0 -10000,-9333 0
row.565 minecraft:jungle 2000,5500 1000,3000 -1100,300 4500,5500 10000,10000 -10000,-9333 0
row.566 minecraft:jungle 2000,5500 1000,3000 300,10000 4500,5500 0,0 -10000,-9333 0
row.567 minecraft:jungle 2000,5500 1000,3000 300,10000 4500,5500 10000,10000 -10000,-9333 0
row.568 minecraft:beach 2000,5500 1000,3000 -1900,-1100 5500,10000 0,0 -10000,-9333 0
row.569 minecraft:beach 2000,5500 1000,3000 -1900,-1100 5500,10000 10000,10000 -10000,-9333 0
row.570 minecraft:jungle 2000,5500 3000,10000 -1100,10000 -10000,-7799 0,0 -10000,-9333 0
row.571 minecraft:jungle 2000,5500 3000,10000 -1100,10000 -10000,-7799 10000,10000 -10000,-9333 0
row.572 minecraft:jungle 2000,5500 3000,10000 -1100,3000 -7799,-3750 0,0 -10000,-9333 0
row.573 minecraft:jungle 2000,5500 3000,10000 -1100,3000 -7799,-3750 10000,10000 -10000,-9333 0
row.574 minecraft:jungle 2000,5500 3000,10000 3000,10000 -7799,-3750 0,0 -10000,-9333 0
row.575 minecraft:jungle 2000,5500 3000,10000 3000,10000 -7799,-3750 10000,10000 -10000,-9333 0
row.576 minecraft:jungle 2000,5500 3000,10000 -1100,300 -3750,-2225 0,0 -10000,-9333 0
row.577 minecraft:jungle 2000,5500 3000,10000 -1100,300 -3750,-2225 10000,10000 -10000,-9333 0
row.578 minecraft:jungle 2000,5500 3000,10000 300,3000 -3750,-2225 0,0 -10000,-9333 0
row.579 minecraft:jungle 2000,5500 3000,10000 300,3000 -3750,-2225 10000,10000 -10000,-9333 0
row.580 minecraft:jungle 2000,5500 3000,10000 3000,10000 -3750,-2225 0,0 -10000,-9333 0
row.581 minecraft:jungle 2000,5500 3000,10000 3000,10000 -3750,-2225 10000,10000 -10000,-9333 0
row.582 minecraft:jungle 2000,5500 3000,10000 -1900,300 -2225,500 0,0 -10000,-9333 0
row.583 minecraft:jungle 2000,5500 3000,10000 -1900,300 -2225,500 10000,10000 -10000,-9333 0
row.584 minecraft:jungle 2000,5500 3000,10000 300,10000 -2225,500 0,0 -10000,-9333 0
row.585 minecraft:jungle 2000,5500 3000,10000 300,10000 -2225,500 10000,10000 -10000,-9333 0
row.586 minecraft:beach 2000,5500 3000,10000 -1900,-1100 500,4500 0,0 -10000,-9333 0
row.587 minecraft:beach 2000,5500 3000,10000 -1900,-1100 500,4500 10000,10000 -10000,-9333 0
row.588 minecraft:jungle 2000,5500 3000,10000 -1100,10000 500,4500 0,0 -10000,-9333 0
row.589 minecraft:jungle 2000,5500 3000,10000 -1100,10000 500,4500 10000,10000 -10000,-9333 0
row.590 minecraft:beach 2000,5500 3000,10000 -1900,-1100 4500,5500 0,0 -10000,-9333 0
row.591 minecraft:beach 2000,5500 3000,10000 -1900,-1100 4500,5500 10000,10000 -10000,-9333 0
row.592 minecraft:jungle 2000,5500 3000,10000 -1100,300 4500,5500 0,0 -10000,-9333 0
row.593 minecraft:jungle 2000,5500 3000,10000 -1100,300 4500,5500 10000,10000 -10000,-9333 0
row.594 minecraft:jungle 2000,5500 3000,10000 300,10000 4500,5500 0,0 -10000,-9333 0
row.595 minecraft:jungle 2000,5500 3000,10000 300,10000 4500,5500 10000,10000 -10000,-9333 0
row.596 minecraft:beach 2000,5500 3000,10000 -1900,-1100 5500,10000 0,0 -10000,-9333 0
row.597 minecraft:beach 2000,5500 3000,10000 -1900,-1100 5500,10000 10000,10000 -10000,-9333 0
row.598 minecraft:badlands 5500,10000 -10000,-3500 -1100,10000 -10000,-7799 0,0 -10000,-9333 0
row.599 minecraft:badlands 5500,10000 -10000,-3500 -1100,10000 -10000,-7799 10000,10000 -10000,-9333 0
row.600 minecraft:badlands 5500,10000 -10000,-3500 -1100,3000 -7799,-3750 0,0 -10000,-9333 0
row.601 minecraft:badlands 5500,10000 -10000,-3500 -1100,3000 -7799,-3750 10000,10000 -10000,-9333 0
row.602 minecraft:badlands 5500,10000 -10000,-3500 3000,10000 -7799,-3750 0,0 -10000,-9333 0
row.603 minecraft:badlands 5500,10000 -10000,-3500 3000,10000 -7799,-3750 10000,10000 -10000,-9333 0
row.604 minecraft:desert 5500,10000 -10000,-3500 -1100,300 -3750,-2225 0,0 -10000,-9333 0
row.605 minecraft:desert 5500,10000 -10000,-3500 -1100,300 -3750,-2225 10000,10000 -10000,-9333 0
row.606 minecraft:badlands 5500,10000 -10000,-3500 300,3000 -3750,-2225 0,0 -10000,-9333 0
row.607 minecraft:badlands 5500,10000 -10000,-3500 300,3000 -3750,-2225 10000,10000 -10000,-9333 0
row.608 minecraft:badlands 5500,10000 -10000,-3500 3000,10000 -3750,-2225 0,0 -10000,-9333 0
row.609 minecraft:badlands 5500,10000 -10000,-3500 3000,10000 -3750,-2225 10000,10000 -10000,-9333 0
row.610 minecraft:desert 5500,10000 -10000,-3500 -1900,300 -2225,500 0,0 -10000,-9333 0
row.611 minecraft:desert 5500,10000 -10000,-3500 -1900,300 -2225,500 10000,10000 -10000,-9333 0
row.612 minecraft:badlands 5500,10000 -10000,-3500 300,10000 -2225,500 0,0 -10000,-9333 0
row.613 minecraft:badlands 5500,10000 -10000,-3500 300,10000 -2225,500 10000,10000 -10000,-9333 0
row.614 minecraft:desert 5500,10000 -10000,-3500 -1900,-1100 500,4500 0,0 -10000,-9333 0
row.615 minecraft:desert 5500,10000 -10000,-3500 -1900,-1100 500,4500 10000,10000 -10000,-9333 0
row.616 minecraft:desert 5500,10000 -10000,-3500 -1100,10000 500,4500 0,0 -10000,-9333 0
row.617 minecraft:desert 5500,10000 -10000,-3500 -1100,10000 500,4500 10000,10000 -10000,-9333 0
row.618 minecraft:desert 5500,10000 -10000,-3500 -1900,-1100 4500,5500 0,0 -10000,-9333 0
row.619 minecraft:desert 5500,10000 -10000,-3500 -1900,-1100 4500,5500 10000,10000 -10000,-9333 0
row.620 minecraft:desert 5500,10000 -10000,-3500 -1100,300 4500,5500 0,0 -10000,-9333 0
row.621 minecraft:desert 5500,10000 -10000,-3500 -1100,300 4500,5500 10000,10000 -10000,-9333 0
row.622 minecraft:desert 5500,10000 -10000,-3500 300,10000 4500,5500 0,0 -10000,-9333 0
row.623 minecraft:desert 5500,10000 -10000,-3500 300,10000 4500,5500 10000,10000 -10000,-9333 0
row.624 minecraft:desert 5500,10000 -10000,-3500 -1900,-1100 5500,10000 0,0 -10000,-9333 0
row.625 minecraft:desert 5500,10000 -10000,-3500 -1900,-1100 5500,10000 10000,10000 -10000,-9333 0
row.626 minecraft:badlands 5500,10000 -3500,-1000 -1100,10000 -10000,-7799 0,0 -10000,-9333 0
row.627 minecraft:badlands 5500,10000 -3500,-1000 -1100,10000 -10000,-7799 10000,10000 -10000,-9333 0
row.628 minecraft:badlands 5500,10000 -3500,-1000 -1100,3000 -7799,-3750 0,0 -10000,-9333 0
row.629 minecraft:badlands 5500,10000 -3500,-1000 -1100,3000 -7799,-3750 10000,10000 -10000,-9333 0
row.630 minecraft:badlands 5500,10000 -3500,-1000 3000,10000 -7799,-3750 0,0 -10000,-9333 0
row.631 minecraft:badlands 5500,10000 -3500,-1000 3000,10000 -7799,-3750 10000,10000 -10000,-9333 0
row.632 minecraft:desert 5500,10000 -3500,-1000 -1100,300 -3750,-2225 0,0 -10000,-9333 0
row.633 minecraft:desert 5500,10000 -3500,-1000 -1100,300 -3750,-2225 10000,10000 -10000,-9333 0
row.634 minecraft:badlands 5500,10000 -3500,-1000 300,3000 -3750,-2225 0,0 -10000,-9333 0
row.635 minecraft:badlands 5500,10000 -3500,-1000 300,3000 -3750,-2225 10000,10000 -10000,-9333 0
row.636 minecraft:badlands 5500,10000 -3500,-1000 3000,10000 -3750,-2225 0,0 -10000,-9333 0
row.637 minecraft:badlands 5500,10000 -3500,-1000 3000,10000 -3750,-2225 10000,10000 -10000,-9333 0
row.638 minecraft:desert 5500,10000 -3500,-1000 -1900,300 -2225,500 0,0 -10000,-9333 0
row.639 minecraft:desert 5500,10000 -3500,-1000 -1900,300 -2225,500 10000,10000 -10000,-9333 0
row.640 minecraft:badlands 5500,10000 -3500,-1000 300,10000 -2225,500 0,0 -10000,-9333 0
row.641 minecraft:badlands 5500,10000 -3500,-1000 300,10000 -2225,500 10000,10000 -10000,-9333 0
row.642 minecraft:desert 5500,10000 -3500,-1000 -1900,-1100 500,4500 0,0 -10000,-9333 0
row.643 minecraft:desert 5500,10000 -3500,-1000 -1900,-1100 500,4500 10000,10000 -10000,-9333 0
row.644 minecraft:desert 5500,10000 -3500,-1000 -1100,10000 500,4500 0,0 -10000,-9333 0
row.645 minecraft:desert 5500,10000 -3500,-1000 -1100,10000 500,4500 10000,10000 -10000,-9333 0
row.646 minecraft:desert 5500,10000 -3500,-1000 -1900,-1100 4500,5500 0,0 -10000,-9333 0
row.647 minecraft:desert 5500,10000 -3500,-1000 -1900,-1100 4500,5500 10000,10000 -10000,-9333 0
row.648 minecraft:desert 5500,10000 -3500,-1000 -1100,300 4500,5500 0,0 -10000,-9333 0
row.649 minecraft:desert 5500,10000 -3500,-1000 -1100,300 4500,5500 10000,10000 -10000,-9333 0
row.650 minecraft:desert 5500,10000 -3500,-1000 300,10000 4500,5500 0,0 -10000,-9333 0
row.651 minecraft:desert 5500,10000 -3500,-1000 300,10000 4500,5500 10000,10000 -10000,-9333 0
row.652 minecraft:desert 5500,10000 -3500,-1000 -1900,-1100 5500,10000 0,0 -10000,-9333 0
row.653 minecraft:desert 5500,10000 -3500,-1000 -1900,-1100 5500,10000 10000,10000 -10000,-9333 0
row.654 minecraft:badlands 5500,10000 -1000,1000 -1100,10000 -10000,-7799 0,0 -10000,-9333 0
row.655 minecraft:badlands 5500,10000 -1000,1000 -1100,10000 -10000,-7799 10000,10000 -10000,-9333 0
row.656 minecraft:badlands 5500,10000 -1000,1000 -1100,3000 -7799,-3750 0,0 -10000,-9333 0
row.657 minecraft:badlands 5500,10000 -1000,1000 -1100,3000 -7799,-3750 10000,10000 -10000,-9333 0
row.658 minecraft:badlands 5500,10000 -1000,1000 3000,10000 -7799,-3750 0,0 -10000,-9333 0
row.659 minecraft:badlands 5500,10000 -1000,1000 3000,10000 -7799,-3750 10000,10000 -10000,-9333 0
row.660 minecraft:desert 5500,10000 -1000,1000 -1100,300 -3750,-2225 0,0 -10000,-9333 0
row.661 minecraft:desert 5500,10000 -1000,1000 -1100,300 -3750,-2225 10000,10000 -10000,-9333 0
row.662 minecraft:badlands 5500,10000 -1000,1000 300,3000 -3750,-2225 0,0 -10000,-9333 0
row.663 minecraft:badlands 5500,10000 -1000,1000 300,3000 -3750,-2225 10000,10000 -10000,-9333 0
row.664 minecraft:badlands 5500,10000 -1000,1000 3000,10000 -3750,-2225 0,0 -10000,-9333 0
row.665 minecraft:badlands 5500,10000 -1000,1000 3000,10000 -3750,-2225 10000,10000 -10000,-9333 0
row.666 minecraft:desert 5500,10000 -1000,1000 -1900,300 -2225,500 0,0 -10000,-9333 0
row.667 minecraft:desert 5500,10000 -1000,1000 -1900,300 -2225,500 10000,10000 -10000,-9333 0
row.668 minecraft:badlands 5500,10000 -1000,1000 300,10000 -2225,500 0,0 -10000,-9333 0
row.669 minecraft:badlands 5500,10000 -1000,1000 300,10000 -2225,500 10000,10000 -10000,-9333 0
row.670 minecraft:desert 5500,10000 -1000,1000 -1900,-1100 500,4500 0,0 -10000,-9333 0
row.671 minecraft:desert 5500,10000 -1000,1000 -1900,-1100 500,4500 10000,10000 -10000,-9333 0
row.672 minecraft:desert 5500,10000 -1000,1000 -1100,10000 500,4500 0,0 -10000,-9333 0
row.673 minecraft:desert 5500,10000 -1000,1000 -1100,10000 500,4500 10000,10000 -10000,-9333 0
row.674 minecraft:desert 5500,10000 -1000,1000 -1900,-1100 4500,5500 0,0 -10000,-9333 0
row.675 minecraft:desert 5500,10000 -1000,1000 -1900,-1100 4500,5500 10000,10000 -10000,-9333 0
row.676 minecraft:desert 5500,10000 -1000,1000 -1100,300 4500,5500 0,0 -10000,-9333 0
row.677 minecraft:desert 5500,10000 -1000,1000 -1100,300 4500,5500 10000,10000 -10000,-9333 0
row.678 minecraft:desert 5500,10000 -1000,1000 300,10000 4500,5500 0,0 -10000,-9333 0
row.679 minecraft:desert 5500,10000 -1000,1000 300,10000 4500,5500 10000,10000 -10000,-9333 0
row.680 minecraft:desert 5500,10000 -1000,1000 -1900,-1100 5500,10000 0,0 -10000,-9333 0
row.681 minecraft:desert 5500,10000 -1000,1000 -1900,-1100 5500,10000 10000,10000 -10000,-9333 0
row.682 minecraft:wooded_badlands 5500,10000 1000,3000 -1100,10000 -10000,-7799 0,0 -10000,-9333 0
row.683 minecraft:wooded_badlands 5500,10000 1000,3000 -1100,10000 -10000,-7799 10000,10000 -10000,-9333 0
row.684 minecraft:wooded_badlands 5500,10000 1000,3000 -1100,3000 -7799,-3750 0,0 -10000,-9333 0
row.685 minecraft:wooded_badlands 5500,10000 1000,3000 -1100,3000 -7799,-3750 10000,10000 -10000,-9333 0
row.686 minecraft:wooded_badlands 5500,10000 1000,3000 3000,10000 -7799,-3750 0,0 -10000,-9333 0
row.687 minecraft:wooded_badlands 5500,10000 1000,3000 3000,10000 -7799,-3750 10000,10000 -10000,-9333 0
row.688 minecraft:desert 5500,10000 1000,3000 -1100,300 -3750,-2225 0,0 -10000,-9333 0
row.689 minecraft:desert 5500,10000 1000,3000 -1100,300 -3750,-2225 10000,10000 -10000,-9333 0
row.690 minecraft:wooded_badlands 5500,10000 1000,3000 300,3000 -3750,-2225 0,0 -10000,-9333 0
row.691 minecraft:wooded_badlands 5500,10000 1000,3000 300,3000 -3750,-2225 10000,10000 -10000,-9333 0
row.692 minecraft:wooded_badlands 5500,10000 1000,3000 3000,10000 -3750,-2225 0,0 -10000,-9333 0
row.693 minecraft:wooded_badlands 5500,10000 1000,3000 3000,10000 -3750,-2225 10000,10000 -10000,-9333 0
row.694 minecraft:desert 5500,10000 1000,3000 -1900,300 -2225,500 0,0 -10000,-9333 0
row.695 minecraft:desert 5500,10000 1000,3000 -1900,300 -2225,500 10000,10000 -10000,-9333 0
row.696 minecraft:wooded_badlands 5500,10000 1000,3000 300,10000 -2225,500 0,0 -10000,-9333 0
row.697 minecraft:wooded_badlands 5500,10000 1000,3000 300,10000 -2225,500 10000,10000 -10000,-9333 0
row.698 minecraft:desert 5500,10000 1000,3000 -1900,-1100 500,4500 0,0 -10000,-9333 0
row.699 minecraft:desert 5500,10000 1000,3000 -1900,-1100 500,4500 10000,10000 -10000,-9333 0
row.700 minecraft:desert 5500,10000 1000,3000 -1100,10000 500,4500 0,0 -10000,-9333 0
row.701 minecraft:desert 5500,10000 1000,3000 -1100,10000 500,4500 10000,10000 -10000,-9333 0
row.702 minecraft:desert 5500,10000 1000,3000 -1900,-1100 4500,5500 0,0 -10000,-9333 0
row.703 minecraft:desert 5500,10000 1000,3000 -1900,-1100 4500,5500 10000,10000 -10000,-9333 0
row.704 minecraft:desert 5500,10000 1000,3000 -1100,300 4500,5500 0,0 -10000,-9333 0
row.705 minecraft:desert 5500,10000 1000,3000 -1100,300 4500,5500 10000,10000 -10000,-9333 0
row.706 minecraft:desert 5500,10000 1000,3000 300,10000 4500,5500 0,0 -10000,-9333 0
row.707 minecraft:desert 5500,10000 1000,3000 300,10000 4500,5500 10000,10000 -10000,-9333 0
row.708 minecraft:desert 5500,10000 1000,3000 -1900,-1100 5500,10000 0,0 -10000,-9333 0
row.709 minecraft:desert 5500,10000 1000,3000 -1900,-1100 5500,10000 10000,10000 -10000,-9333 0
row.710 minecraft:wooded_badlands 5500,10000 3000,10000 -1100,10000 -10000,-7799 0,0 -10000,-9333 0
row.711 minecraft:wooded_badlands 5500,10000 3000,10000 -1100,10000 -10000,-7799 10000,10000 -10000,-9333 0
row.712 minecraft:wooded_badlands 5500,10000 3000,10000 -1100,3000 -7799,-3750 0,0 -10000,-9333 0
row.713 minecraft:wooded_badlands 5500,10000 3000,10000 -1100,3000 -7799,-3750 10000,10000 -10000,-9333 0
row.714 minecraft:wooded_badlands 5500,10000 3000,10000 3000,10000 -7799,-3750 0,0 -10000,-9333 0
row.715 minecraft:wooded_badlands 5500,10000 3000,10000 3000,10000 -7799,-3750 10000,10000 -10000,-9333 0
row.716 minecraft:desert 5500,10000 3000,10000 -1100,300 -3750,-2225 0,0 -10000,-9333 0
row.717 minecraft:desert 5500,10000 3000,10000 -1100,300 -3750,-2225 10000,10000 -10000,-9333 0
row.718 minecraft:wooded_badlands 5500,10000 3000,10000 300,3000 -3750,-2225 0,0 -10000,-9333 0
row.719 minecraft:wooded_badlands 5500,10000 3000,10000 300,3000 -3750,-2225 10000,10000 -10000,-9333 0
row.720 minecraft:wooded_badlands 5500,10000 3000,10000 3000,10000 -3750,-2225 0,0 -10000,-9333 0
row.721 minecraft:wooded_badlands 5500,10000 3000,10000 3000,10000 -3750,-2225 10000,10000 -10000,-9333 0
row.722 minecraft:desert 5500,10000 3000,10000 -1900,300 -2225,500 0,0 -10000,-9333 0
row.723 minecraft:desert 5500,10000 3000,10000 -1900,300 -2225,500 10000,10000 -10000,-9333 0
row.724 minecraft:wooded_badlands 5500,10000 3000,10000 300,10000 -2225,500 0,0 -10000,-9333 0
row.725 minecraft:wooded_badlands 5500,10000 3000,10000 300,10000 -2225,500 10000,10000 -10000,-9333 0
row.726 minecraft:desert 5500,10000 3000,10000 -1900,-1100 500,4500 0,0 -10000,-9333 0
row.727 minecraft:desert 5500,10000 3000,10000 -1900,-1100 500,4500 10000,10000 -10000,-9333 0
row.728 minecraft:desert 5500,10000 3000,10000 -1100,10000 500,4500 0,0 -10000,-9333 0
row.729 minecraft:desert 5500,10000 3000,10000 -1100,10000 500,4500 10000,10000 -10000,-9333 0
row.730 minecraft:desert 5500,10000 3000,10000 -1900,-1100 4500,5500 0,0 -10000,-9333 0
row.731 minecraft:desert 5500,10000 3000,10000 -1900,-1100 4500,5500 10000,10000 -10000,-9333 0
row.732 minecraft:desert 5500,10000 3000,10000 -1100,300 4500,5500 0,0 -10000,-9333 0
row.733 minecraft:desert 5500,10000 3000,10000 -1100,300 4500,5500 10000,10000 -10000,-9333 0
row.734 minecraft:desert 5500,10000 3000,10000 300,10000 4500,5500 0,0 -10000,-9333 0
row.735 minecraft:desert 5500,10000 3000,10000 300,10000 4500,5500 10000,10000 -10000,-9333 0
row.736 minecraft:desert 5500,10000 3000,10000 -1900,-1100 5500,10000 0,0 -10000,-9333 0
row.737 minecraft:desert 5500,10000 3000,10000 -1900,-1100 5500,10000 10000,10000 -10000,-9333 0
row.738 minecraft:snowy_plains -10000,-4500 -10000,-3500 -1900,-1100 -10000,-3750 0,0 -9333,-7666 0
row.739 minecraft:snowy_plains -10000,-4500 -10000,-3500 -1900,-1100 -10000,-3750 10000,10000 -9333,-7666 0
row.740 minecraft:snowy_slopes -10000,-4500 -10000,-3500 -1100,300 -10000,-7799 0,0 -9333,-7666 0
row.741 minecraft:snowy_slopes -10000,-4500 -10000,-3500 -1100,300 -10000,-7799 10000,10000 -9333,-7666 0
row.742 minecraft:jagged_peaks -10000,-4500 -10000,-3500 300,10000 -10000,-7799 0,0 -9333,-7666 0
row.743 minecraft:jagged_peaks -10000,-4500 -10000,-3500 300,10000 -10000,-7799 10000,10000 -9333,-7666 0
row.744 minecraft:snowy_slopes -10000,-4500 -10000,-3500 -1100,300 -7799,-3750 0,0 -9333,-7666 0
row.745 minecraft:snowy_slopes -10000,-4500 -10000,-3500 -1100,300 -7799,-3750 10000,10000 -9333,-7666 0
row.746 minecraft:snowy_slopes -10000,-4500 -10000,-3500 300,10000 -7799,-3750 0,0 -9333,-7666 0
row.747 minecraft:snowy_slopes -10000,-4500 -10000,-3500 300,10000 -7799,-3750 10000,10000 -9333,-7666 0
row.748 minecraft:snowy_plains -10000,-4500 -10000,-3500 -1900,300 -3750,500 0,0 -9333,-7666 0
row.749 minecraft:snowy_plains -10000,-4500 -10000,-3500 -1900,300 -3750,500 10000,10000 -9333,-7666 0
row.750 minecraft:snowy_plains -10000,-4500 -10000,-3500 300,10000 -3750,-2225 0,0 -9333,-7666 0
row.751 minecraft:snowy_plains -10000,-4500 -10000,-3500 300,10000 -3750,-2225 10000,10000 -9333,-7666 0
row.752 minecraft:snowy_plains -10000,-4500 -10000,-3500 300,3000 -2225,500 0,0 -9333,-7666 0
row.753 minecraft:snowy_plains -10000,-4500 -10000,-3500 300,3000 -2225,500 10000,10000 -9333,-7666 0
row.754 minecraft:snowy_plains -10000,-4500 -10000,-3500 3000,10000 -2225,500 0,0 -9333,-7666 0
row.755 minecraft:snowy_plains -10000,-4500 -10000,-3500 3000,10000 -2225,500 10000,10000 -9333,-7666 0
row.756 minecraft:snowy_plains -10000,-4500 -10000,-3500 -1900,10000 500,4500 0,0 -9333,-7666 0
row.757 minecraft:snowy_plains -10000,-4500 -10000,-3500 -1900,10000 500,4500 10000,10000 -9333,-7666 0
row.758 minecraft:snowy_plains -10000,-4500 -10000,-3500 -1900,300 4500,5500 0,0 -9333,-7666 0
row.759 minecraft:snowy_plains -10000,-4500 -10000,-3500 -1900,300 4500,5500 10000,10000 -9333,-7666 0
row.760 minecraft:windswept_gravelly_hills -10000,-4500 -10000,-3500 300,10000 4500,5500 0,0 -9333,-7666 0
row.761 minecraft:windswept_gravelly_hills -10000,-4500 -10000,-3500 300,10000 4500,5500 10000,10000 -9333,-7666 0
row.762 minecraft:snowy_plains -10000,-4500 -10000,-3500 -1900,10000 5500,10000 0,0 -9333,-7666 0
row.763 minecraft:snowy_plains -10000,-4500 -10000,-3500 -1900,10000 5500,10000 10000,10000 -9333,-7666 0
row.764 minecraft:snowy_plains -10000,-4500 -3500,-1000 -1900,-1100 -10000,-3750 0,0 -9333,-7666 0
row.765 minecraft:snowy_plains -10000,-4500 -3500,-1000 -1900,-1100 -10000,-3750 10000,10000 -9333,-7666 0
row.766 minecraft:snowy_slopes -10000,-4500 -3500,-1000 -1100,300 -10000,-7799 0,0 -9333,-7666 0
row.767 minecraft:snowy_slopes -10000,-4500 -3500,-1000 -1100,300 -10000,-7799 10000,10000 -9333,-7666 0
row.768 minecraft:jagged_peaks -10000,-4500 -3500,-1000 300,10000 -10000,-7799 0,0 -9333,-7666 0
row.769 minecraft:jagged_peaks -10000,-4500 -3500,-1000 300,10000 -10000,-7799 10000,10000 -9333,-7666 0
row.770 minecraft:snowy_slopes -10000,-4500 -3500,-1000 -1100,300 -7799,-3750 0,0 -9333,-7666 0
row.771 minecraft:snowy_slopes -10000,-4500 -3500,-1000 -1100,300 -7799,-3750 10000,10000 -9333,-7666 0
row.772 minecraft:snowy_slopes -10000,-4500 -3500,-1000 300,10000 -7799,-3750 0,0 -9333,-7666 0
row.773 minecraft:snowy_slopes -10000,-4500 -3500,-1000 300,10000 -7799,-3750 10000,10000 -9333,-7666 0
row.774 minecraft:snowy_plains -10000,-4500 -3500,-1000 -1900,300 -3750,500 0,0 -9333,-7666 0
row.775 minecraft:snowy_plains -10000,-4500 -3500,-1000 -1900,300 -3750,500 10000,10000 -9333,-7666 0
row.776 minecraft:snowy_plains -10000,-4500 -3500,-1000 300,10000 -3750,-2225 0,0 -9333,-7666 0
row.777 minecraft:snowy_plains -10000,-4500 -3500,-1000 300,10000 -3750,-2225 10000,10000 -9333,-7666 0
row.778 minecraft:snowy_plains -10000,-4500 -3500,-1000 300,3000 -2225,500 0,0 -9333,-7666 0
row.779 minecraft:snowy_plains -10000,-4500 -3500,-1000 300,3000 -2225,500 10000,10000 -9333,-7666 0
row.780 minecraft:snowy_plains -10000,-4500 -3500,-1000 3000,10000 -2225,500 0,0 -9333,-7666 0
row.781 minecraft:snowy_plains -10000,-4500 -3500,-1000 3000,10000 -2225,500 10000,10000 -9333,-7666 0
row.782 minecraft:snowy_plains -10000,-4500 -3500,-1000 -1900,10000 500,4500 0,0 -9333,-7666 0
row.783 minecraft:snowy_plains -10000,-4500 -3500,-1000 -1900,10000 500,4500 10000,10000 -9333,-7666 0
row.784 minecraft:snowy_plains -10000,-4500 -3500,-1000 -1900,300 4500,5500 0,0 -9333,-7666 0
row.785 minecraft:snowy_plains -10000,-4500 -3500,-1000 -1900,300 4500,5500 10000,10000 -9333,-7666 0
row.786 minecraft:windswept_gravelly_hills -10000,-4500 -3500,-1000 300,10000 4500,5500 0,0 -9333,-7666 0
row.787 minecraft:windswept_gravelly_hills -10000,-4500 -3500,-1000 300,10000 4500,5500 10000,10000 -9333,-7666 0
row.788 minecraft:snowy_plains -10000,-4500 -3500,-1000 -1900,10000 5500,10000 0,0 -9333,-7666 0
row.789 minecraft:snowy_plains -10000,-4500 -3500,-1000 -1900,10000 5500,10000 10000,10000 -9333,-7666 0
row.790 minecraft:snowy_plains -10000,-4500 -1000,1000 -1900,-1100 -10000,-3750 0,0 -9333,-7666 0
row.791 minecraft:snowy_plains -10000,-4500 -1000,1000 -1900,-1100 -10000,-3750 10000,10000 -9333,-7666 0
row.792 minecraft:grove -10000,-4500 -1000,1000 -1100,300 -10000,-7799 0,0 -9333,-7666 0
row.793 minecraft:grove -10000,-4500 -1000,1000 -1100,300 -10000,-7799 10000,10000 -9333,-7666 0
row.794 minecraft:jagged_peaks -10000,-4500 -1000,1000 300,10000 -10000,-7799 0,0 -9333,-7666 0
row.795 minecraft:jagged_peaks -10000,-4500 -1000,1000 300,10000 -10000,-7799 10000,10000 -9333,-7666 0
row.796 minecraft:grove -10000,-4500 -1000,1000 -1100,300 -7799,-3750 0,0 -9333,-7666 0
row.797 minecraft:grove -10000,-4500 -1000,1000 -1100,300 -7799,-3750 10000,10000 -9333,-7666 0
row.798 minecraft:grove -10000,-4500 -1000,1000 300,10000 -7799,-3750 0,0 -9333,-7666 0
row.799 minecraft:grove -10000,-4500 -1000,1000 300,10000 -7799,-3750 10000,10000 -9333,-7666 0
row.800 minecraft:snowy_plains -10000,-4500 -1000,1000 -1900,300 -3750,500 0,0 -9333,-7666 0
row.801 minecraft:snowy_plains -10000,-4500 -1000,1000 -1900,300 -3750,500 10000,10000 -9333,-7666 0
row.802 minecraft:snowy_plains -10000,-4500 -1000,1000 300,10000 -3750,-2225 0,0 -9333,-7666 0
row.803 minecraft:snowy_plains -10000,-4500 -1000,1000 300,10000 -3750,-2225 10000,10000 -9333,-7666 0
row.804 minecraft:snowy_plains -10000,-4500 -1000,1000 300,3000 -2225,500 0,0 -9333,-7666 0
row.805 minecraft:snowy_plains -10000,-4500 -1000,1000 300,3000 -2225,500 10000,10000 -9333,-7666 0
row.806 minecraft:snowy_plains -10000,-4500 -1000,1000 3000,10000 -2225,500 0,0 -9333,-7666 0
row.807 minecraft:snowy_plains -10000,-4500 -1000,1000 3000,10000 -2225,500 10000,10000 -9333,-7666 0
row.808 minecraft:snowy_plains -10000,-4500 -1000,1000 -1900,10000 500,4500 0,0 -9333,-7666 0
row.809 minecraft:snowy_plains -10000,-4500 -1000,1000 -1900,10000 500,4500 10000,10000 -9333,-7666 0
row.810 minecraft:snowy_plains -10000,-4500 -1000,1000 -1900,300 4500,5500 0,0 -9333,-7666 0
row.811 minecraft:snowy_plains -10000,-4500 -1000,1000 -1900,300 4500,5500 10000,10000 -9333,-7666 0
row.812 minecraft:windswept_hills -10000,-4500 -1000,1000 300,10000 4500,5500 0,0 -9333,-7666 0
row.813 minecraft:windswept_hills -10000,-4500 -1000,1000 300,10000 4500,5500 10000,10000 -9333,-7666 0
row.814 minecraft:snowy_plains -10000,-4500 -1000,1000 -1900,10000 5500,10000 0,0 -9333,-7666 0
row.815 minecraft:snowy_plains -10000,-4500 -1000,1000 -1900,10000 5500,10000 10000,10000 -9333,-7666 0
row.816 minecraft:snowy_taiga -10000,-4500 1000,3000 -1900,-1100 -10000,-3750 0,0 -9333,-7666 0
row.817 minecraft:snowy_taiga -10000,-4500 1000,3000 -1900,-1100 -10000,-3750 10000,10000 -9333,-7666 0
row.818 minecraft:grove -10000,-4500 1000,3000 -1100,300 -10000,-7799 0,0 -9333,-7666 0
row.819 minecraft:grove -10000,-4500 1000,3000 -1100,300 -10000,-7799 10000,10000 -9333,-7666 0
row.820 minecraft:jagged_peaks -10000,-4500 1000,3000 300,10000 -10000,-7799 0,0 -9333,-7666 0
row.821 minecraft:jagged_peaks -10000,-4500 1000,3000 300,10000 -10000,-7799 10000,10000 -9333,-7666 0
row.822 minecraft:grove -10000,-4500 1000,3000 -1100,300 -7799,-3750 0,0 -9333,-7666 0
row.823 minecraft:grove -10000,-4500 1000,3000 -1100,300 -7799,-3750 10000,10000 -9333,-7666 0
row.824 minecraft:grove -10000,-4500 1000,3000 300,10000 -7799,-3750 0,0 -9333,-7666 0
row.825 minecraft:grove -10000,-4500 1000,3000 300,10000 -7799,-3750 10000,10000 -9333,-7666 0
row.826 minecraft:snowy_taiga -10000,-4500 1000,3000 -1900,300 -3750,500 0,0 -9333,-7666 0
row.827 minecraft:snowy_taiga -10000,-4500 1000,3000 -1900,300 -3750,500 10000,10000 -9333,-7666 0
row.828 minecraft:snowy_taiga -10000,-4500 1000,3000 300,10000 -3750,-2225 0,0 -9333,-7666 0
row.829 minecraft:snowy_taiga -10000,-4500 1000,3000 300,10000 -3750,-2225 10000,10000 -9333,-7666 0
row.830 minecraft:snowy_taiga -10000,-4500 1000,3000 300,3000 -2225,500 0,0 -9333,-7666 0
row.831 minecraft:snowy_taiga -10000,-4500 1000,3000 300,3000 -2225,500 10000,10000 -9333,-7666 0
row.832 minecraft:snowy_taiga -10000,-4500 1000,3000 3000,10000 -2225,500 0,0 -9333,-7666 0
row.833 minecraft:snowy_taiga -10000,-4500 1000,3000 3000,10000 -2225,500 10000,10000 -9333,-7666 0
row.834 minecraft:snowy_taiga -10000,-4500 1000,3000 -1900,10000 500,4500 0,0 -9333,-7666 0
row.835 minecraft:snowy_taiga -10000,-4500 1000,3000 -1900,10000 500,4500 10000,10000 -9333,-7666 0
row.836 minecraft:snowy_taiga -10000,-4500 1000,3000 -1900,300 4500,5500 0,0 -9333,-7666 0
row.837 minecraft:snowy_taiga -10000,-4500 1000,3000 -1900,300 4500,5500 10000,10000 -9333,-7666 0
row.838 minecraft:windswept_forest -10000,-4500 1000,3000 300,10000 4500,5500 0,0 -9333,-7666 0
row.839 minecraft:windswept_forest -10000,-4500 1000,3000 300,10000 4500,5500 10000,10000 -9333,-7666 0
row.840 minecraft:snowy_taiga -10000,-4500 1000,3000 -1900,10000 5500,10000 0,0 -9333,-7666 0
row.841 minecraft:snowy_taiga -10000,-4500 1000,3000 -1900,10000 5500,10000 10000,10000 -9333,-7666 0
row.842 minecraft:taiga -10000,-4500 3000,10000 -1900,-1100 -10000,-3750 0,0 -9333,-7666 0
row.843 minecraft:taiga -10000,-4500 3000,10000 -1900,-1100 -10000,-3750 10000,10000 -9333,-7666 0
row.844 minecraft:grove -10000,-4500 3000,10000 -1100,300 -10000,-7799 0,0 -9333,-7666 0
row.845 minecraft:grove -10000,-4500 3000,10000 -1100,300 -10000,-7799 10000,10000 -9333,-7666 0
row.846 minecraft:jagged_peaks -10000,-4500 3000,10000 300,10000 -10000,-7799 0,0 -9333,-7666 0
row.847 minecraft:jagged_peaks -10000,-4500 3000,10000 300,10000 -10000,-7799 10000,10000 -9333,-7666 0
row.848 minecraft:grove -10000,-4500 3000,10000 -1100,300 -7799,-3750 0,0 -9333,-7666 0
row.849 minecraft:grove -10000,-4500 3000,10000 -1100,300 -7799,-3750 10000,10000 -9333,-7666 0
row.850 minecraft:grove -10000,-4500 3000,10000 300,10000 -7799,-3750 0,0 -9333,-7666 0
row.851 minecraft:grove -10000,-4500 3000,10000 300,10000 -7799,-3750 10000,10000 -9333,-7666 0
row.852 minecraft:taiga -10000,-4500 3000,10000 -1900,300 -3750,500 0,0 -9333,-7666 0
row.853 minecraft:taiga -10000,-4500 3000,10000 -1900,300 -3750,500 10000,10000 -9333,-7666 0
row.854 minecraft:snowy_taiga -10000,-4500 3000,10000 300,10000 -3750,-2225 0,0 -9333,-7666 0
row.855 minecraft:snowy_taiga -10000,-4500 3000,10000 300,10000 -3750,-2225 10000,10000 -9333,-7666 0
row.856 minecraft:taiga -10000,-4500 3000,10000 300,3000 -2225,500 0,0 -9333,-7666 0
row.857 minecraft:taiga -10000,-4500 3000,10000 300,3000 -2225,500 10000,10000 -9333,-7666 0
row.858 minecraft:snowy_taiga -10000,-4500 3000,10000 3000,10000 -2225,500 0,0 -9333,-7666 0
row.859 minecraft:snowy_taiga -10000,-4500 3000,10000 3000,10000 -2225,500 10000,10000 -9333,-7666 0
row.860 minecraft:taiga -10000,-4500 3000,10000 -1900,10000 500,4500 0,0 -9333,-7666 0
row.861 minecraft:taiga -10000,-4500 3000,10000 -1900,10000 500,4500 10000,10000 -9333,-7666 0
row.862 minecraft:taiga -10000,-4500 3000,10000 -1900,300 4500,5500 0,0 -9333,-7666 0
row.863 minecraft:taiga -10000,-4500 3000,10000 -1900,300 4500,5500 10000,10000 -9333,-7666 0
row.864 minecraft:windswept_forest -10000,-4500 3000,10000 300,10000 4500,5500 0,0 -9333,-7666 0
row.865 minecraft:windswept_forest -10000,-4500 3000,10000 300,10000 4500,5500 10000,10000 -9333,-7666 0
row.866 minecraft:taiga -10000,-4500 3000,10000 -1900,10000 5500,10000 0,0 -9333,-7666 0
row.867 minecraft:taiga -10000,-4500 3000,10000 -1900,10000 5500,10000 10000,10000 -9333,-7666 0
row.868 minecraft:plains -4500,-1500 -10000,-3500 -1900,-1100 -10000,-3750 0,0 -9333,-7666 0
row.869 minecraft:plains -4500,-1500 -10000,-3500 -1900,-1100 -10000,-3750 10000,10000 -9333,-7666 0
row.870 minecraft:snowy_slopes -4500,-1500 -10000,-3500 -1100,300 -10000,-7799 0,0 -9333,-7666 0
row.871 minecraft:snowy_slopes -4500,-1500 -10000,-3500 -1100,300 -10000,-7799 10000,10000 -9333,-7666 0
row.872 minecraft:jagged_peaks -4500,-1500 -10000,-3500 300,10000 -10000,-7799 0,0 -9333,-7666 0
row.873 minecraft:jagged_peaks -4500,-1500 -10000,-3500 300,10000 -10000,-7799 10000,10000 -9333,-7666 0
row.874 minecraft:plains -4500,-1500 -10000,-3500 -1100,300 -7799,-3750 0,0 -9333,-7666 0
row.875 minecraft:plains -4500,-1500 -10000,-3500 -1100,300 -7799,-3750 10000,10000 -9333,-7666 0
row.876 minecraft:snowy_slopes -4500,-1500 -10000,-3500 300,10000 -7799,-3750 0,0 -9333,-7666 0
row.877 minecraft:snowy_slopes -4500,-1500 -10000,-3500 300,10000 -7799,-3750 10000,10000 -9333,-7666 0
row.878 minecraft:plains -4500,-1500 -10000,-3500 -1900,300 -3750,500 0,0 -9333,-7666 0
row.879 minecraft:plains -4500,-1500 -10000,-3500 -1900,300 -3750,500 10000,10000 -9333,-7666 0
row.880 minecraft:meadow -4500,-1500 -10000,-3500 300,10000 -3750,-2225 0,0 -9333,-7666 0
row.881 minecraft:meadow -4500,-1500 -10000,-3500 300,10000 -3750,-2225 10000,10000 -9333,-7666 0
row.882 minecraft:plains -4500,-1500 -10000,-3500 300,3000 -2225,500 0,0 -9333,-7666 0
row.883 minecraft:plains -4500,-1500 -10000,-3500 300,3000 -2225,500 10000,10000 -9333,-7666 0
row.884 minecraft:meadow -4500,-1500 -10000,-3500 3000,10000 -2225,500 0,0 -9333,-7666 0
row.885 minecraft:meadow -4500,-1500 -10000,-3500 3000,10000 -2225,500 10000,10000 -9333,-7666 0
row.886 minecraft:plains -4500,-1500 -10000,-3500 -1900,10000 500,4500 0,0 -9333,-7666 0
row.887 minecraft:plains -4500,-1500 -10000,-3500 -1900,10000 500,4500 10000,10000 -9333,-7666 0
row.888 minecraft:plains -4500,-1500 -10000,-3500 -1900,300 4500,5500 0,0 -9333,-7666 0
row.889 minecraft:plains -4500,-1500 -10000,-3500 -1900,300 4500,5500 10000,10000 -9333,-7666 0
row.890 minecraft:windswept_gravelly_hills -4500,-1500 -10000,-3500 300,10000 4500,5500 0,0 -9333,-7666 0
row.891 minecraft:windswept_gravelly_hills -4500,-1500 -10000,-3500 300,10000 4500,5500 10000,10000 -9333,-7666 0
row.892 minecraft:plains -4500,-1500 -10000,-3500 -1900,10000 5500,10000 0,0 -9333,-7666 0
row.893 minecraft:plains -4500,-1500 -10000,-3500 -1900,10000 5500,10000 10000,10000 -9333,-7666 0
row.894 minecraft:plains -4500,-1500 -3500,-1000 -1900,-1100 -10000,-3750 0,0 -9333,-7666 0
row.895 minecraft:plains -4500,-1500 -3500,-1000 -1900,-1100 -10000,-3750 10000,10000 -9333,-7666 0
row.896 minecraft:snowy_slopes -4500,-1500 -3500,-1000 -1100,300 -10000,-7799 0,0 -9333,-7666 0
row.897 minecraft:snowy_slopes -4500,-1500 -3500,-1000 -1100,300 -10000,-7799 10000,10000 -9333,-7666 0
row.898 minecraft:jagged_peaks -4500,-1500 -3500,-1000 300,10000 -10000,-7799 0,0 -9333,-7666 0
row.899 minecraft:jagged_peaks -4500,-1500 -3500,-1000 300,10000 -10000,-7799 10000,10000 -9333,-7666 0
row.900 minecraft:plains -4500,-1500 -3500,-1000 -1100,300 -7799,-3750 0,0 -9333,-7666 0
row.901 minecraft:plains -4500,-1500 -3500,-1000 -1100,300 -7799,-3750 10000,10000 -9333,-7666 0
row.902 minecraft:snowy_slopes -4500,-1500 -3500,-1000 300,10000 -7799,-3750 0,0 -9333,-7666 0
row.903 minecraft:snowy_slopes -4500,-1500 -3500,-1000 300,10000 -7799,-3750 10000,10000 -9333,-7666 0
row.904 minecraft:plains -4500,-1500 -3500,-1000 -1900,300 -3750,500 0,0 -9333,-7666 0
row.905 minecraft:plains -4500,-1500 -3500,-1000 -1900,300 -3750,500 10000,10000 -9333,-7666 0
row.906 minecraft:meadow -4500,-1500 -3500,-1000 300,10000 -3750,-2225 0,0 -9333,-7666 0
row.907 minecraft:meadow -4500,-1500 -3500,-1000 300,10000 -3750,-2225 10000,10000 -9333,-7666 0
row.908 minecraft:plains -4500,-1500 -3500,-1000 300,3000 -2225,500 0,0 -9333,-7666 0
row.909 minecraft:plains -4500,-1500 -3500,-1000 300,3000 -2225,500 10000,10000 -9333,-7666 0
row.910 minecraft:meadow -4500,-1500 -3500,-1000 3000,10000 -2225,500 0,0 -9333,-7666 0
row.911 minecraft:meadow -4500,-1500 -3500,-1000 3000,10000 -2225,500 10000,10000 -9333,-7666 0
row.912 minecraft:plains -4500,-1500 -3500,-1000 -1900,10000 500,4500 0,0 -9333,-7666 0
row.913 minecraft:plains -4500,-1500 -3500,-1000 -1900,10000 500,4500 10000,10000 -9333,-7666 0
row.914 minecraft:plains -4500,-1500 -3500,-1000 -1900,300 4500,5500 0,0 -9333,-7666 0
row.915 minecraft:plains -4500,-1500 -3500,-1000 -1900,300 4500,5500 10000,10000 -9333,-7666 0
row.916 minecraft:windswept_gravelly_hills -4500,-1500 -3500,-1000 300,10000 4500,5500 0,0 -9333,-7666 0
row.917 minecraft:windswept_gravelly_hills -4500,-1500 -3500,-1000 300,10000 4500,5500 10000,10000 -9333,-7666 0
row.918 minecraft:plains -4500,-1500 -3500,-1000 -1900,10000 5500,10000 0,0 -9333,-7666 0
row.919 minecraft:plains -4500,-1500 -3500,-1000 -1900,10000 5500,10000 10000,10000 -9333,-7666 0
row.920 minecraft:forest -4500,-1500 -1000,1000 -1900,-1100 -10000,-3750 0,0 -9333,-7666 0
row.921 minecraft:forest -4500,-1500 -1000,1000 -1900,-1100 -10000,-3750 10000,10000 -9333,-7666 0
row.922 minecraft:grove -4500,-1500 -1000,1000 -1100,300 -10000,-7799 0,0 -9333,-7666 0
row.923 minecraft:grove -4500,-1500 -1000,1000 -1100,300 -10000,-7799 10000,10000 -9333,-7666 0
row.924 minecraft:jagged_peaks -4500,-1500 -1000,1000 300,10000 -10000,-7799 0,0 -9333,-7666 0
row.925 minecraft:jagged_peaks -4500,-1500 -1000,1000 300,10000 -10000,-7799 10000,10000 -9333,-7666 0
row.926 minecraft:forest -4500,-1500 -1000,1000 -1100,300 -7799,-3750 0,0 -9333,-7666 0
row.927 minecraft:forest -4500,-1500 -1000,1000 -1100,300 -7799,-3750 10000,10000 -9333,-7666 0
row.928 minecraft:grove -4500,-1500 -1000,1000 300,10000 -7799,-3750 0,0 -9333,-7666 0
row.929 minecraft:grove -4500,-1500 -1000,1000 300,10000 -7799,-3750 10000,10000 -9333,-7666 0
row.930 minecraft:forest -4500,-1500 -1000,1000 -1900,300 -3750,500 0,0 -9333,-7666 0
row.931 minecraft:forest -4500,-1500 -1000,1000 -1900,300 -3750,500 10000,10000 -9333,-7666 0
row.932 minecraft:forest -4500,-1500 -1000,1000 300,10000 -3750,-2225 0,0 -9333,-7666 0
row.933 minecraft:forest -4500,-1500 -1000,1000 300,10000 -3750,-2225 10000,10000 -9333,-7666 0
row.934 minecraft:forest -4500,-1500 -1000,1000 300,3000 -2225,500 0,0 -9333,-7666 0
row.935 minecraft:forest -4500,-1500 -1000,1000 300,3000 -2225,500 10000,10000 -9333,-7666 0
row.936 minecraft:forest -4500,-1500 -1000,1000 3000,10000 -2225,500 0,0 -9333,-7666 0
row.937 minecraft:forest -4500,-1500 -1000,1000 3000,10000 -2225,500 10000,10000 -9333,-7666 0
row.938 minecraft:forest -4500,-1500 -1000,1000 -1900,10000 500,4500 0,0 -9333,-7666 0
row.939 minecraft:forest -4500,-1500 -1000,1000 -1900,10000 500,4500 10000,10000 -9333,-7666 0
row.940 minecraft:forest -4500,-1500 -1000,1000 -1900,300 4500,5500 0,0 -9333,-7666 0
row.941 minecraft:forest -4500,-1500 -1000,1000 -1900,300 4500,5500 10000,10000 -9333,-7666 0
row.942 minecraft:windswept_hills -4500,-1500 -1000,1000 300,10000 4500,5500 0,0 -9333,-7666 0
row.943 minecraft:windswept_hills -4500,-1500 -1000,1000 300,10000 4500,5500 10000,10000 -9333,-7666 0
row.944 minecraft:forest -4500,-1500 -1000,1000 -1900,10000 5500,10000 0,0 -9333,-7666 0
row.945 minecraft:forest -4500,-1500 -1000,1000 -1900,10000 5500,10000 10000,10000 -9333,-7666 0
row.946 minecraft:taiga -4500,-1500 1000,3000 -1900,-1100 -10000,-3750 0,0 -9333,-7666 0
row.947 minecraft:taiga -4500,-1500 1000,3000 -1900,-1100 -10000,-3750 10000,10000 -9333,-7666 0
row.948 minecraft:grove -4500,-1500 1000,3000 -1100,300 -10000,-7799 0,0 -9333,-7666 0
row.949 minecraft:grove -4500,-1500 1000,3000 -1100,300 -10000,-7799 10000,10000 -9333,-7666 0
row.950 minecraft:jagged_peaks -4500,-1500 1000,3000 300,10000 -10000,-7799 0,0 -9333,-7666 0
row.951 minecraft:jagged_peaks -4500,-1500 1000,3000 300,10000 -10000,-7799 10000,10000 -9333,-7666 0
row.952 minecraft:taiga -4500,-1500 1000,3000 -1100,300 -7799,-3750 0,0 -9333,-7666 0
row.953 minecraft:taiga -4500,-1500 1000,3000 -1100,300 -7799,-3750 10000,10000 -9333,-7666 0
row.954 minecraft:grove -4500,-1500 1000,3000 300,10000 -7799,-3750 0,0 -9333,-7666 0
row.955 minecraft:grove -4500,-1500 1000,3000 300,10000 -7799,-3750 10000,10000 -9333,-7666 0
row.956 minecraft:taiga -4500,-1500 1000,3000 -1900,300 -3750,500 0,0 -9333,-7666 0
row.957 minecraft:taiga -4500,-1500 1000,3000 -1900,300 -3750,500 10000,10000 -9333,-7666 0
row.958 minecraft:taiga -4500,-1500 1000,3000 300,10000 -3750,-2225 0,0 -9333,-7666 0
row.959 minecraft:taiga -4500,-1500 1000,3000 300,10000 -3750,-2225 10000,10000 -9333,-7666 0
row.960 minecraft:taiga -4500,-1500 1000,3000 300,3000 -2225,500 0,0 -9333,-7666 0
row.961 minecraft:taiga -4500,-1500 1000,3000 300,3000 -2225,500 10000,10000 -9333,-7666 0
row.962 minecraft:taiga -4500,-1500 1000,3000 3000,10000 -2225,500 0,0 -9333,-7666 0
row.963 minecraft:taiga -4500,-1500 1000,3000 3000,10000 -2225,500 10000,10000 -9333,-7666 0
row.964 minecraft:taiga -4500,-1500 1000,3000 -1900,10000 500,4500 0,0 -9333,-7666 0
row.965 minecraft:taiga -4500,-1500 1000,3000 -1900,10000 500,4500 10000,10000 -9333,-7666 0
row.966 minecraft:taiga -4500,-1500 1000,3000 -1900,300 4500,5500 0,0 -9333,-7666 0
row.967 minecraft:taiga -4500,-1500 1000,3000 -1900,300 4500,5500 10000,10000 -9333,-7666 0
row.968 minecraft:windswept_forest -4500,-1500 1000,3000 300,10000 4500,5500 0,0 -9333,-7666 0
row.969 minecraft:windswept_forest -4500,-1500 1000,3000 300,10000 4500,5500 10000,10000 -9333,-7666 0
row.970 minecraft:taiga -4500,-1500 1000,3000 -1900,10000 5500,10000 0,0 -9333,-7666 0
row.971 minecraft:taiga -4500,-1500 1000,3000 -1900,10000 5500,10000 10000,10000 -9333,-7666 0
row.972 minecraft:old_growth_spruce_taiga -4500,-1500 3000,10000 -1900,-1100 -10000,-3750 0,0 -9333,-7666 0
row.973 minecraft:old_growth_spruce_taiga -4500,-1500 3000,10000 -1900,-1100 -10000,-3750 10000,10000 -9333,-7666 0
row.974 minecraft:grove -4500,-1500 3000,10000 -1100,300 -10000,-7799 0,0 -9333,-7666 0
row.975 minecraft:grove -4500,-1500 3000,10000 -1100,300 -10000,-7799 10000,10000 -9333,-7666 0
row.976 minecraft:jagged_peaks -4500,-1500 3000,10000 300,10000 -10000,-7799 0,0 -9333,-7666 0
row.977 minecraft:jagged_peaks -4500,-1500 3000,10000 300,10000 -10000,-7799 10000,10000 -9333,-7666 0
row.978 minecraft:old_growth_spruce_taiga -4500,-1500 3000,10000 -1100,300 -7799,-3750 0,0 -9333,-7666 0
row.979 minecraft:old_growth_spruce_taiga -4500,-1500 3000,10000 -1100,300 -7799,-3750 10000,10000 -9333,-7666 0
row.980 minecraft:grove -4500,-1500 3000,10000 300,10000 -7799,-3750 0,0 -9333,-7666 0
row.981 minecraft:grove -4500,-1500 3000,10000 300,10000 -7799,-3750 10000,10000 -9333,-7666 0
row.982 minecraft:old_growth_spruce_taiga -4500,-1500 3000,10000 -1900,300 -3750,500 0,0 -9333,-7666 0
row.983 minecraft:old_growth_spruce_taiga -4500,-1500 3000,10000 -1900,300 -3750,500 10000,10000 -9333,-7666 0
row.984 minecraft:old_growth_spruce_taiga -4500,-1500 3000,10000 300,10000 -3750,-2225 0,0 -9333,-7666 0
row.985 minecraft:old_growth_spruce_taiga -4500,-1500 3000,10000 300,10000 -3750,-2225 10000,10000 -9333,-7666 0
row.986 minecraft:old_growth_spruce_taiga -4500,-1500 3000,10000 300,3000 -2225,500 0,0 -9333,-7666 0
row.987 minecraft:old_growth_spruce_taiga -4500,-1500 3000,10000 300,3000 -2225,500 10000,10000 -9333,-7666 0
row.988 minecraft:old_growth_spruce_taiga -4500,-1500 3000,10000 3000,10000 -2225,500 0,0 -9333,-7666 0
row.989 minecraft:old_growth_spruce_taiga -4500,-1500 3000,10000 3000,10000 -2225,500 10000,10000 -9333,-7666 0
row.990 minecraft:old_growth_spruce_taiga -4500,-1500 3000,10000 -1900,10000 500,4500 0,0 -9333,-7666 0
row.991 minecraft:old_growth_spruce_taiga -4500,-1500 3000,10000 -1900,10000 500,4500 10000,10000 -9333,-7666 0
row.992 minecraft:old_growth_spruce_taiga -4500,-1500 3000,10000 -1900,300 4500,5500 0,0 -9333,-7666 0
row.993 minecraft:old_growth_spruce_taiga -4500,-1500 3000,10000 -1900,300 4500,5500 10000,10000 -9333,-7666 0
row.994 minecraft:windswept_forest -4500,-1500 3000,10000 300,10000 4500,5500 0,0 -9333,-7666 0
row.995 minecraft:windswept_forest -4500,-1500 3000,10000 300,10000 4500,5500 10000,10000 -9333,-7666 0
row.996 minecraft:old_growth_spruce_taiga -4500,-1500 3000,10000 -1900,10000 5500,10000 0,0 -9333,-7666 0
row.997 minecraft:old_growth_spruce_taiga -4500,-1500 3000,10000 -1900,10000 5500,10000 10000,10000 -9333,-7666 0
row.998 minecraft:flower_forest -1500,2000 -10000,-3500 -1900,-1100 -10000,-3750 0,0 -9333,-7666 0
row.999 minecraft:flower_forest -1500,2000 -10000,-3500 -1900,-1100 -10000,-3750 10000,10000 -9333,-7666 0
row.1000 minecraft:snowy_slopes -1500,2000 -10000,-3500 -1100,300 -10000,-7799 0,0 -9333,-7666 0
row.1001 minecraft:snowy_slopes -1500,2000 -10000,-3500 -1100,300 -10000,-7799 10000,10000 -9333,-7666 0
row.1002 minecraft:jagged_peaks -1500,2000 -10000,-3500 300,10000 -10000,-7799 0,0 -9333,-7666 0
row.1003 minecraft:jagged_peaks -1500,2000 -10000,-3500 300,10000 -10000,-7799 10000,10000 -9333,-7666 0
row.1004 minecraft:flower_forest -1500,2000 -10000,-3500 -1100,300 -7799,-3750 0,0 -9333,-7666 0
row.1005 minecraft:flower_forest -1500,2000 -10000,-3500 -1100,300 -7799,-3750 10000,10000 -9333,-7666 0
row.1006 minecraft:snowy_slopes -1500,2000 -10000,-3500 300,10000 -7799,-3750 0,0 -9333,-7666 0
row.1007 minecraft:snowy_slopes -1500,2000 -10000,-3500 300,10000 -7799,-3750 10000,10000 -9333,-7666 0
row.1008 minecraft:flower_forest -1500,2000 -10000,-3500 -1900,300 -3750,500 0,0 -9333,-7666 0
row.1009 minecraft:flower_forest -1500,2000 -10000,-3500 -1900,300 -3750,500 10000,10000 -9333,-7666 0
row.1010 minecraft:meadow -1500,2000 -10000,-3500 300,10000 -3750,-2225 0,0 -9333,-7666 0
row.1011 minecraft:meadow -1500,2000 -10000,-3500 300,10000 -3750,-2225 10000,10000 -9333,-7666 0
row.1012 minecraft:flower_forest -1500,2000 -10000,-3500 300,3000 -2225,500 0,0 -9333,-7666 0
row.1013 minecraft:flower_forest -1500,2000 -10000,-3500 300,3000 -2225,500 10000,10000 -9333,-7666 0
row.1014 minecraft:meadow -1500,2000 -10000,-3500 3000,10000 -2225,500 0,0 -9333,-7666 0
row.1015 minecraft:meadow -1500,2000 -10000,-3500 3000,10000 -2225,500 10000,10000 -9333,-7666 0
row.1016 minecraft:flower_forest -1500,2000 -10000,-3500 -1900,10000 500,4500 0,0 -9333,-7666 0
row.1017 minecraft:flower_forest -1500,2000 -10000,-3500 -1900,10000 500,4500 10000,10000 -9333,-7666 0
row.1018 minecraft:flower_forest -1500,2000 -10000,-3500 -1900,300 4500,5500 0,0 -9333,-7666 0
row.1019 minecraft:flower_forest -1500,2000 -10000,-3500 -1900,300 4500,5500 10000,10000 -9333,-7666 0
row.1020 minecraft:windswept_hills -1500,2000 -10000,-3500 300,10000 4500,5500 0,0 -9333,-7666 0
row.1021 minecraft:windswept_hills -1500,2000 -10000,-3500 300,10000 4500,5500 10000,10000 -9333,-7666 0
row.1022 minecraft:flower_forest -1500,2000 -10000,-3500 -1900,10000 5500,10000 0,0 -9333,-7666 0
row.1023 minecraft:flower_forest -1500,2000 -10000,-3500 -1900,10000 5500,10000 10000,10000 -9333,-7666 0
row.1024 minecraft:plains -1500,2000 -3500,-1000 -1900,-1100 -10000,-3750 0,0 -9333,-7666 0
row.1025 minecraft:plains -1500,2000 -3500,-1000 -1900,-1100 -10000,-3750 10000,10000 -9333,-7666 0
row.1026 minecraft:snowy_slopes -1500,2000 -3500,-1000 -1100,300 -10000,-7799 0,0 -9333,-7666 0
row.1027 minecraft:snowy_slopes -1500,2000 -3500,-1000 -1100,300 -10000,-7799 10000,10000 -9333,-7666 0
row.1028 minecraft:jagged_peaks -1500,2000 -3500,-1000 300,10000 -10000,-7799 0,0 -9333,-7666 0
row.1029 minecraft:jagged_peaks -1500,2000 -3500,-1000 300,10000 -10000,-7799 10000,10000 -9333,-7666 0
row.1030 minecraft:plains -1500,2000 -3500,-1000 -1100,300 -7799,-3750 0,0 -9333,-7666 0
row.1031 minecraft:plains -1500,2000 -3500,-1000 -1100,300 -7799,-3750 10000,10000 -9333,-7666 0
row.1032 minecraft:snowy_slopes -1500,2000 -3500,-1000 300,10000 -7799,-3750 0,0 -9333,-7666 0
row.1033 minecraft:snowy_slopes -1500,2000 -3500,-1000 300,10000 -7799,-3750 10000,10000 -9333,-7666 0
row.1034 minecraft:plains -1500,2000 -3500,-1000 -1900,300 -3750,500 0,0 -9333,-7666 0
row.1035 minecraft:plains -1500,2000 -3500,-1000 -1900,300 -3750,500 10000,10000 -9333,-7666 0
row.1036 minecraft:meadow -1500,2000 -3500,-1000 300,10000 -3750,-2225 0,0 -9333,-7666 0
row.1037 minecraft:meadow -1500,2000 -3500,-1000 300,10000 -3750,-2225 10000,10000 -9333,-7666 0
row.1038 minecraft:plains -1500,2000 -3500,-1000 300,3000 -2225,500 0,0 -9333,-7666 0
row.1039 minecraft:plains -1500,2000 -3500,-1000 300,3000 -2225,500 10000,10000 -9333,-7666 0
row.1040 minecraft:meadow -1500,2000 -3500,-1000 3000,10000 -2225,500 0,0 -9333,-7666 0
row.1041 minecraft:meadow -1500,2000 -3500,-1000 3000,10000 -2225,500 10000,10000 -9333,-7666 0
row.1042 minecraft:plains -1500,2000 -3500,-1000 -1900,10000 500,4500 0,0 -9333,-7666 0
row.1043 minecraft:plains -1500,2000 -3500,-1000 -1900,10000 500,4500 10000,10000 -9333,-7666 0
row.1044 minecraft:plains -1500,2000 -3500,-1000 -1900,300 4500,5500 0,0 -9333,-7666 0
row.1045 minecraft:plains -1500,2000 -3500,-1000 -1900,300 4500,5500 10000,10000 -9333,-7666 0
row.1046 minecraft:windswept_hills -1500,2000 -3500,-1000 300,10000 4500,5500 0,0 -9333,-7666 0
row.1047 minecraft:windswept_hills -1500,2000 -3500,-1000 300,10000 4500,5500 10000,10000 -9333,-7666 0
row.1048 minecraft:plains -1500,2000 -3500,-1000 -1900,10000 5500,10000 0,0 -9333,-7666 0
row.1049 minecraft:plains -1500,2000 -3500,-1000 -1900,10000 5500,10000 10000,10000 -9333,-7666 0
row.1050 minecraft:forest -1500,2000 -1000,1000 -1900,-1100 -10000,-3750 0,0 -9333,-7666 0
row.1051 minecraft:forest -1500,2000 -1000,1000 -1900,-1100 -10000,-3750 10000,10000 -9333,-7666 0
row.1052 minecraft:grove -1500,2000 -1000,1000 -1100,300 -10000,-7799 0,0 -9333,-7666 0
row.1053 minecraft:grove -1500,2000 -1000,1000 -1100,300 -10000,-7799 10000,10000 -9333,-7666 0
row.1054 minecraft:jagged_peaks -1500,2000 -1000,1000 300,10000 -10000,-7799 0,0 -9333,-7666 0
row.1055 minecraft:jagged_peaks -1500,2000 -1000,1000 300,10000 -10000,-7799 10000,10000 -9333,-7666 0
row.1056 minecraft:forest -1500,2000 -1000,1000 -1100,300 -7799,-3750 0,0 -9333,-7666 0
row.1057 minecraft:forest -1500,2000 -1000,1000 -1100,300 -7799,-3750 10000,10000 -9333,-7666 0
row.1058 minecraft:grove -1500,2000 -1000,1000 300,10000 -7799,-3750 0,0 -9333,-7666 0
row.1059 minecraft:grove -1500,2000 -1000,1000 300,10000 -7799,-3750 10000,10000 -9333,-7666 0
row.1060 minecraft:forest -1500,2000 -1000,1000 -1900,300 -3750,500 0,0 -9333,-7666 0
row.1061 minecraft:forest -1500,2000 -1000,1000 -1900,300 -3750,500 10000,10000 -9333,-7666 0
row.1062 minecraft:meadow -1500,2000 -1000,1000 300,10000 -3750,-2225 0,0 -9333,-7666 0
row.1063 minecraft:meadow -1500,2000 -1000,1000 300,10000 -3750,-2225 10000,10000 -9333,-7666 0
row.1064 minecraft:forest -1500,2000 -1000,1000 300,3000 -2225,500 0,0 -9333,-7666 0
row.1065 minecraft:forest -1500,2000 -1000,1000 300,3000 -2225,500 10000,10000 -9333,-7666 0
row.1066 minecraft:meadow -1500,2000 -1000,1000 3000,10000 -2225,500 0,0 -9333,-7666 0
row.1067 minecraft:meadow -1500,2000 -1000,1000 3000,10000 -2225,500 10000,10000 -9333,-7666 0
row.1068 minecraft:forest -1500,2000 -1000,1000 -1900,10000 500,4500 0,0 -9333,-7666 0
row.1069 minecraft:forest -1500,2000 -1000,1000 -1900,10000 500,4500 10000,10000 -9333,-7666 0
row.1070 minecraft:forest -1500,2000 -1000,1000 -1900,300 4500,5500 0,0 -9333,-7666 0
row.1071 minecraft:forest -1500,2000 -1000,1000 -1900,300 4500,5500 10000,10000 -9333,-7666 0
row.1072 minecraft:windswept_hills -1500,2000 -1000,1000 300,10000 4500,5500 0,0 -9333,-7666 0
row.1073 minecraft:windswept_hills -1500,2000 -1000,1000 300,10000 4500,5500 10000,10000 -9333,-7666 0
row.1074 minecraft:forest -1500,2000 -1000,1000 -1900,10000 5500,10000 0,0 -9333,-7666 0
row.1075 minecraft:forest -1500,2000 -1000,1000 -1900,10000 5500,10000 10000,10000 -9333,-7666 0
row.1076 minecraft:birch_forest -1500,2000 1000,3000 -1900,-1100 -10000,-3750 0,0 -9333,-7666 0
row.1077 minecraft:birch_forest -1500,2000 1000,3000 -1900,-1100 -10000,-3750 10000,10000 -9333,-7666 0
row.1078 minecraft:grove -1500,2000 1000,3000 -1100,300 -10000,-7799 0,0 -9333,-7666 0
row.1079 minecraft:grove -1500,2000 1000,3000 -1100,300 -10000,-7799 10000,10000 -9333,-7666 0
row.1080 minecraft:jagged_peaks -1500,2000 1000,3000 300,10000 -10000,-7799 0,0 -9333,-7666 0
row.1081 minecraft:jagged_peaks -1500,2000 1000,3000 300,10000 -10000,-7799 10000,10000 -9333,-7666 0
row.1082 minecraft:birch_forest -1500,2000 1000,3000 -1100,300 -7799,-3750 0,0 -9333,-7666 0
row.1083 minecraft:birch_forest -1500,2000 1000,3000 -1100,300 -7799,-3750 10000,10000 -9333,-7666 0
row.1084 minecraft:grove -1500,2000 1000,3000 300,10000 -7799,-3750 0,0 -9333,-7666 0
row.1085 minecraft:grove -1500,2000 1000,3000 300,10000 -7799,-3750 10000,10000 -9333,-7666 0
row.1086 minecraft:birch_forest -1500,2000 1000,3000 -1900,300 -3750,500 0,0 -9333,-7666 0
row.1087 minecraft:birch_forest -1500,2000 1000,3000 -1900,300 -3750,500 10000,10000 -9333,-7666 0
row.1088 minecraft:meadow -1500,2000 1000,3000 300,10000 -3750,-2225 0,0 -9333,-7666 0
row.1089 minecraft:meadow -1500,2000 1000,3000 300,10000 -3750,-2225 10000,10000 -9333,-7666 0
row.1090 minecraft:birch_forest -1500,2000 1000,3000 300,3000 -2225,500 0,0 -9333,-7666 0
row.1091 minecraft:birch_forest -1500,2000 1000,3000 300,3000 -2225,500 10000,10000 -9333,-7666 0
row.1092 minecraft:meadow -1500,2000 1000,3000 3000,10000 -2225,500 0,0 -9333,-7666 0
row.1093 minecraft:meadow -1500,2000 1000,3000 3000,10000 -2225,500 10000,10000 -9333,-7666 0
row.1094 minecraft:birch_forest -1500,2000 1000,3000 -1900,10000 500,4500 0,0 -9333,-7666 0
row.1095 minecraft:birch_forest -1500,2000 1000,3000 -1900,10000 500,4500 10000,10000 -9333,-7666 0
row.1096 minecraft:birch_forest -1500,2000 1000,3000 -1900,300 4500,5500 0,0 -9333,-7666 0
row.1097 minecraft:birch_forest -1500,2000 1000,3000 -1900,300 4500,5500 10000,10000 -9333,-7666 0
row.1098 minecraft:windswept_forest -1500,2000 1000,3000 300,10000 4500,5500 0,0 -9333,-7666 0
row.1099 minecraft:windswept_forest -1500,2000 1000,3000 300,10000 4500,5500 10000,10000 -9333,-7666 0
row.1100 minecraft:birch_forest -1500,2000 1000,3000 -1900,10000 5500,10000 0,0 -9333,-7666 0
row.1101 minecraft:birch_forest -1500,2000 1000,3000 -1900,10000 5500,10000 10000,10000 -9333,-7666 0
row.1102 minecraft:dark_forest -1500,2000 3000,10000 -1900,-1100 -10000,-3750 0,0 -9333,-7666 0
row.1103 minecraft:dark_forest -1500,2000 3000,10000 -1900,-1100 -10000,-3750 10000,10000 -9333,-7666 0
row.1104 minecraft:grove -1500,2000 3000,10000 -1100,300 -10000,-7799 0,0 -9333,-7666 0
row.1105 minecraft:grove -1500,2000 3000,10000 -1100,300 -10000,-7799 10000,10000 -9333,-7666 0
row.1106 minecraft:jagged_peaks -1500,2000 3000,10000 300,10000 -10000,-7799 0,0 -9333,-7666 0
row.1107 minecraft:jagged_peaks -1500,2000 3000,10000 300,10000 -10000,-7799 10000,10000 -9333,-7666 0
row.1108 minecraft:dark_forest -1500,2000 3000,10000 -1100,300 -7799,-3750 0,0 -9333,-7666 0
row.1109 minecraft:dark_forest -1500,2000 3000,10000 -1100,300 -7799,-3750 10000,10000 -9333,-7666 0
row.1110 minecraft:grove -1500,2000 3000,10000 300,10000 -7799,-3750 0,0 -9333,-7666 0
row.1111 minecraft:grove -1500,2000 3000,10000 300,10000 -7799,-3750 10000,10000 -9333,-7666 0
row.1112 minecraft:dark_forest -1500,2000 3000,10000 -1900,300 -3750,500 0,0 -9333,-7666 0
row.1113 minecraft:dark_forest -1500,2000 3000,10000 -1900,300 -3750,500 10000,10000 -9333,-7666 0
row.1114 minecraft:pale_garden -1500,2000 3000,10000 300,10000 -3750,-2225 0,0 -9333,-7666 0
row.1115 minecraft:pale_garden -1500,2000 3000,10000 300,10000 -3750,-2225 10000,10000 -9333,-7666 0
row.1116 minecraft:dark_forest -1500,2000 3000,10000 300,3000 -2225,500 0,0 -9333,-7666 0
row.1117 minecraft:dark_forest -1500,2000 3000,10000 300,3000 -2225,500 10000,10000 -9333,-7666 0
row.1118 minecraft:pale_garden -1500,2000 3000,10000 3000,10000 -2225,500 0,0 -9333,-7666 0
row.1119 minecraft:pale_garden -1500,2000 3000,10000 3000,10000 -2225,500 10000,10000 -9333,-7666 0
row.1120 minecraft:dark_forest -1500,2000 3000,10000 -1900,10000 500,4500 0,0 -9333,-7666 0
row.1121 minecraft:dark_forest -1500,2000 3000,10000 -1900,10000 500,4500 10000,10000 -9333,-7666 0
row.1122 minecraft:dark_forest -1500,2000 3000,10000 -1900,300 4500,5500 0,0 -9333,-7666 0
row.1123 minecraft:dark_forest -1500,2000 3000,10000 -1900,300 4500,5500 10000,10000 -9333,-7666 0
row.1124 minecraft:windswept_forest -1500,2000 3000,10000 300,10000 4500,5500 0,0 -9333,-7666 0
row.1125 minecraft:windswept_forest -1500,2000 3000,10000 300,10000 4500,5500 10000,10000 -9333,-7666 0
row.1126 minecraft:dark_forest -1500,2000 3000,10000 -1900,10000 5500,10000 0,0 -9333,-7666 0
row.1127 minecraft:dark_forest -1500,2000 3000,10000 -1900,10000 5500,10000 10000,10000 -9333,-7666 0
row.1128 minecraft:savanna 2000,5500 -10000,-3500 -1900,-1100 -10000,-3750 0,0 -9333,-7666 0
row.1129 minecraft:savanna 2000,5500 -10000,-3500 -1900,-1100 -10000,-3750 10000,10000 -9333,-7666 0
row.1130 minecraft:savanna_plateau 2000,5500 -10000,-3500 -1100,300 -10000,-7799 0,0 -9333,-7666 0
row.1131 minecraft:savanna_plateau 2000,5500 -10000,-3500 -1100,300 -10000,-7799 10000,10000 -9333,-7666 0
row.1132 minecraft:stony_peaks 2000,5500 -10000,-3500 300,10000 -10000,-7799 0,0 -9333,-7666 0
row.1133 minecraft:stony_peaks 2000,5500 -10000,-3500 300,10000 -10000,-7799 10000,10000 -9333,-7666 0
row.1134 minecraft:savanna 2000,5500 -10000,-3500 -1100,300 -7799,-3750 0,0 -9333,-7666 0
row.1135 minecraft:savanna 2000,5500 -10000,-3500 -1100,300 -7799,-3750 10000,10000 -9333,-7666 0
row.1136 minecraft:savanna_plateau 2000,5500 -10000,-3500 300,10000 -7799,-3750 0,0 -9333,-7666 0
row.1137 minecraft:savanna_plateau 2000,5500 -10000,-3500 300,10000 -7799,-3750 10000,10000 -9333,-7666 0
row.1138 minecraft:savanna 2000,5500 -10000,-3500 -1900,300 -3750,500 0,0 -9333,-7666 0
row.1139 minecraft:savanna 2000,5500 -10000,-3500 -1900,300 -3750,500 10000,10000 -9333,-7666 0
row.1140 minecraft:savanna_plateau 2000,5500 -10000,-3500 300,10000 -3750,-2225 0,0 -9333,-7666 0
row.1141 minecraft:savanna_plateau 2000,5500 -10000,-3500 300,10000 -3750,-2225 10000,10000 -9333,-7666 0
row.1142 minecraft:savanna 2000,5500 -10000,-3500 300,3000 -2225,500 0,0 -9333,-7666 0
row.1143 minecraft:savanna 2000,5500 -10000,-3500 300,3000 -2225,500 10000,10000 -9333,-7666 0
row.1144 minecraft:savanna_plateau 2000,5500 -10000,-3500 3000,10000 -2225,500 0,0 -9333,-7666 0
row.1145 minecraft:savanna_plateau 2000,5500 -10000,-3500 3000,10000 -2225,500 10000,10000 -9333,-7666 0
row.1146 minecraft:savanna 2000,5500 -10000,-3500 -1900,10000 500,4500 0,0 -9333,-7666 0
row.1147 minecraft:savanna 2000,5500 -10000,-3500 -1900,10000 500,4500 10000,10000 -9333,-7666 0
row.1148 minecraft:savanna 2000,5500 -10000,-3500 -1900,300 4500,5500 0,0 -9333,-7666 0
row.1149 minecraft:savanna 2000,5500 -10000,-3500 -1900,300 4500,5500 10000,10000 -9333,-7666 0
row.1150 minecraft:savanna 2000,5500 -10000,-3500 300,10000 4500,5500 0,0 -9333,-7666 0
row.1151 minecraft:savanna 2000,5500 -10000,-3500 300,10000 4500,5500 10000,10000 -9333,-7666 0
row.1152 minecraft:savanna 2000,5500 -10000,-3500 -1900,10000 5500,10000 0,0 -9333,-7666 0
row.1153 minecraft:savanna 2000,5500 -10000,-3500 -1900,10000 5500,10000 10000,10000 -9333,-7666 0
row.1154 minecraft:savanna 2000,5500 -3500,-1000 -1900,-1100 -10000,-3750 0,0 -9333,-7666 0
row.1155 minecraft:savanna 2000,5500 -3500,-1000 -1900,-1100 -10000,-3750 10000,10000 -9333,-7666 0
row.1156 minecraft:savanna_plateau 2000,5500 -3500,-1000 -1100,300 -10000,-7799 0,0 -9333,-7666 0
row.1157 minecraft:savanna_plateau 2000,5500 -3500,-1000 -1100,300 -10000,-7799 10000,10000 -9333,-7666 0
row.1158 minecraft:stony_peaks 2000,5500 -3500,-1000 300,10000 -10000,-7799 0,0 -9333,-7666 0
row.1159 minecraft:stony_peaks 2000,5500 -3500,-1000 300,10000 -10000,-7799 10000,10000 -9333,-7666 0
row.1160 minecraft:savanna 2000,5500 -3500,-1000 -1100,300 -7799,-3750 0,0 -9333,-7666 0
row.1161 minecraft:savanna 2000,5500 -3500,-1000 -1100,300 -7799,-3750 10000,10000 -9333,-7666 0
row.1162 minecraft:savanna_plateau 2000,5500 -3500,-1000 300,10000 -7799,-3750 0,0 -9333,-7666 0
row.1163 minecraft:savanna_plateau 2000,5500 -3500,-1000 300,10000 -7799,-3750 10000,10000 -9333,-7666 0
row.1164 minecraft:savanna 2000,5500 -3500,-1000 -1900,300 -3750,500 0,0 -9333,-7666 0
row.1165 minecraft:savanna 2000,5500 -3500,-1000 -1900,300 -3750,500 10000,10000 -9333,-7666 0
row.1166 minecraft:savanna_plateau 2000,5500 -3500,-1000 300,10000 -3750,-2225 0,0 -9333,-7666 0
row.1167 minecraft:savanna_plateau 2000,5500 -3500,-1000 300,10000 -3750,-2225 10000,10000 -9333,-7666 0
row.1168 minecraft:savanna 2000,5500 -3500,-1000 300,3000 -2225,500 0,0 -9333,-7666 0
row.1169 minecraft:savanna 2000,5500 -3500,-1000 300,3000 -2225,500 10000,10000 -9333,-7666 0
row.1170 minecraft:savanna_plateau 2000,5500 -3500,-1000 3000,10000 -2225,500 0,0 -9333,-7666 0
row.1171 minecraft:savanna_plateau 2000,5500 -3500,-1000 3000,10000 -2225,500 10000,10000 -9333,-7666 0
row.1172 minecraft:savanna 2000,5500 -3500,-1000 -1900,10000 500,4500 0,0 -9333,-7666 0
row.1173 minecraft:savanna 2000,5500 -3500,-1000 -1900,10000 500,4500 10000,10000 -9333,-7666 0
row.1174 minecraft:savanna 2000,5500 -3500,-1000 -1900,300 4500,5500 0,0 -9333,-7666 0
row.1175 minecraft:savanna 2000,5500 -3500,-1000 -1900,300 4500,5500 10000,10000 -9333,-7666 0
row.1176 minecraft:savanna 2000,5500 -3500,-1000 300,10000 4500,5500 0,0 -9333,-7666 0
row.1177 minecraft:savanna 2000,5500 -3500,-1000 300,10000 4500,5500 10000,10000 -9333,-7666 0
row.1178 minecraft:savanna 2000,5500 -3500,-1000 -1900,10000 5500,10000 0,0 -9333,-7666 0
row.1179 minecraft:savanna 2000,5500 -3500,-1000 -1900,10000 5500,10000 10000,10000 -9333,-7666 0
row.1180 minecraft:forest 2000,5500 -1000,1000 -1900,-1100 -10000,-3750 0,0 -9333,-7666 0
row.1181 minecraft:forest 2000,5500 -1000,1000 -1900,-1100 -10000,-3750 10000,10000 -9333,-7666 0
row.1182 minecraft:forest 2000,5500 -1000,1000 -1100,300 -10000,-7799 0,0 -9333,-7666 0
row.1183 minecraft:forest 2000,5500 -1000,1000 -1100,300 -10000,-7799 10000,10000 -9333,-7666 0
row.1184 minecraft:stony_peaks 2000,5500 -1000,1000 300,10000 -10000,-7799 0,0 -9333,-7666 0
row.1185 minecraft:stony_peaks 2000,5500 -1000,1000 300,10000 -10000,-7799 10000,10000 -9333,-7666 0
row.1186 minecraft:forest 2000,5500 -1000,1000 -1100,300 -7799,-3750 0,0 -9333,-7666 0
row.1187 minecraft:forest 2000,5500 -1000,1000 -1100,300 -7799,-3750 10000,10000 -9333,-7666 0
row.1188 minecraft:forest 2000,5500 -1000,1000 300,10000 -7799,-3750 0,0 -9333,-7666 0
row.1189 minecraft:forest 2000,5500 -1000,1000 300,10000 -7799,-3750 10000,10000 -9333,-7666 0
row.1190 minecraft:forest 2000,5500 -1000,1000 -1900,300 -3750,500 0,0 -9333,-7666 0
row.1191 minecraft:forest 2000,5500 -1000,1000 -1900,300 -3750,500 10000,10000 -9333,-7666 0
row.1192 minecraft:forest 2000,5500 -1000,1000 300,10000 -3750,-2225 0,0 -9333,-7666 0
row.1193 minecraft:forest 2000,5500 -1000,1000 300,10000 -3750,-2225 10000,10000 -9333,-7666 0
row.1194 minecraft:forest 2000,5500 -1000,1000 300,3000 -2225,500 0,0 -9333,-7666 0
row.1195 minecraft:forest 2000,5500 -1000,1000 300,3000 -2225,500 10000,10000 -9333,-7666 0
row.1196 minecraft:forest 2000,5500 -1000,1000 3000,10000 -2225,500 0,0 -9333,-7666 0
row.1197 minecraft:forest 2000,5500 -1000,1000 3000,10000 -2225,500 10000,10000 -9333,-7666 0
row.1198 minecraft:forest 2000,5500 -1000,1000 -1900,10000 500,4500 0,0 -9333,-7666 0
row.1199 minecraft:forest 2000,5500 -1000,1000 -1900,10000 500,4500 10000,10000 -9333,-7666 0
row.1200 minecraft:forest 2000,5500 -1000,1000 -1900,300 4500,5500 0,0 -9333,-7666 0
row.1201 minecraft:forest 2000,5500 -1000,1000 -1900,300 4500,5500 10000,10000 -9333,-7666 0
row.1202 minecraft:forest 2000,5500 -1000,1000 300,10000 4500,5500 0,0 -9333,-7666 0
row.1203 minecraft:forest 2000,5500 -1000,1000 300,10000 4500,5500 10000,10000 -9333,-7666 0
row.1204 minecraft:forest 2000,5500 -1000,1000 -1900,10000 5500,10000 0,0 -9333,-7666 0
row.1205 minecraft:forest 2000,5500 -1000,1000 -1900,10000 5500,10000 10000,10000 -9333,-7666 0
row.1206 minecraft:jungle 2000,5500 1000,3000 -1900,-1100 -10000,-3750 0,0 -9333,-7666 0
row.1207 minecraft:jungle 2000,5500 1000,3000 -1900,-1100 -10000,-3750 10000,10000 -9333,-7666 0
row.1208 minecraft:forest 2000,5500 1000,3000 -1100,300 -10000,-7799 0,0 -9333,-7666 0
row.1209 minecraft:forest 2000,5500 1000,3000 -1100,300 -10000,-7799 10000,10000 -9333,-7666 0
row.1210 minecraft:stony_peaks 2000,5500 1000,3000 300,10000 -10000,-7799 0,0 -9333,-7666 0
row.1211 minecraft:stony_peaks 2000,5500 1000,3000 300,10000 -10000,-7799 10000,10000 -9333,-7666 0
row.1212 minecraft:jungle 2000,5500 1000,3000 -1100,300 -7799,-3750 0,0 -9333,-7666 0
row.1213 minecraft:jungle 2000,5500 1000,3000 -1100,300 -7799,-3750 10000,10000 -9333,-7666 0
row.1214 minecraft:forest 2000,5500 1000,3000 300,10000 -7799,-3750 0,0 -9333,-7666 0
row.1215 minecraft:forest 2000,5500 1000,3000 300,10000 -7799,-3750 10000,10000 -9333,-7666 0
row.1216 minecraft:jungle 2000,5500 1000,3000 -1900,300 -3750,500 0,0 -9333,-7666 0
row.1217 minecraft:jungle 2000,5500 1000,3000 -1900,300 -3750,500 10000,10000 -9333,-7666 0
row.1218 minecraft:forest 2000,5500 1000,3000 300,10000 -3750,-2225 0,0 -9333,-7666 0
row.1219 minecraft:forest 2000,5500 1000,3000 300,10000 -3750,-2225 10000,10000 -9333,-7666 0
row.1220 minecraft:jungle 2000,5500 1000,3000 300,3000 -2225,500 0,0 -9333,-7666 0
row.1221 minecraft:jungle 2000,5500 1000,3000 300,3000 -2225,500 10000,10000 -9333,-7666 0
row.1222 minecraft:forest 2000,5500 1000,3000 3000,10000 -2225,500 0,0 -9333,-7666 0
row.1223 minecraft:forest 2000,5500 1000,3000 3000,10000 -2225,500 10000,10000 -9333,-7666 0
row.1224 minecraft:jungle 2000,5500 1000,3000 -1900,10000 500,4500 0,0 -9333,-7666 0
row.1225 minecraft:jungle 2000,5500 1000,3000 -1900,10000 500,4500 10000,10000 -9333,-7666 0
row.1226 minecraft:jungle 2000,5500 1000,3000 -1900,300 4500,5500 0,0 -9333,-7666 0
row.1227 minecraft:jungle 2000,5500 1000,3000 -1900,300 4500,5500 10000,10000 -9333,-7666 0
row.1228 minecraft:jungle 2000,5500 1000,3000 300,10000 4500,5500 0,0 -9333,-7666 0
row.1229 minecraft:jungle 2000,5500 1000,3000 300,10000 4500,5500 10000,10000 -9333,-7666 0
row.1230 minecraft:jungle 2000,5500 1000,3000 -1900,10000 5500,10000 0,0 -9333,-7666 0
row.1231 minecraft:jungle 2000,5500 1000,3000 -1900,10000 5500,10000 10000,10000 -9333,-7666 0
row.1232 minecraft:jungle 2000,5500 3000,10000 -1900,-1100 -10000,-3750 0,0 -9333,-7666 0
row.1233 minecraft:jungle 2000,5500 3000,10000 -1900,-1100 -10000,-3750 10000,10000 -9333,-7666 0
row.1234 minecraft:jungle 2000,5500 3000,10000 -1100,300 -10000,-7799 0,0 -9333,-7666 0
row.1235 minecraft:jungle 2000,5500 3000,10000 -1100,300 -10000,-7799 10000,10000 -9333,-7666 0
row.1236 minecraft:stony_peaks 2000,5500 3000,10000 300,10000 -10000,-7799 0,0 -9333,-7666 0
row.1237 minecraft:stony_peaks 2000,5500 3000,10000 300,10000 -10000,-7799 10000,10000 -9333,-7666 0
row.1238 minecraft:jungle 2000,5500 3000,10000 -1100,300 -7799,-3750 0,0 -9333,-7666 0
row.1239 minecraft:jungle 2000,5500 3000,10000 -1100,300 -7799,-3750 10000,10000 -9333,-7666 0
row.1240 minecraft:jungle 2000,5500 3000,10000 300,10000 -7799,-3750 0,0 -9333,-7666 0
row.1241 minecraft:jungle 2000,5500 3000,10000 300,10000 -7799,-3750 10000,10000 -9333,-7666 0
row.1242 minecraft:jungle 2000,5500 3000,10000 -1900,300 -3750,500 0,0 -9333,-7666 0
row.1243 minecraft:jungle 2000,5500 3000,10000 -1900,300 -3750,500 10000,10000 -9333,-7666 0
row.1244 minecraft:jungle 2000,5500 3000,10000 300,10000 -3750,-2225 0,0 -9333,-7666 0
row.1245 minecraft:jungle 2000,5500 3000,10000 300,10000 -3750,-2225 10000,10000 -9333,-7666 0
row.1246 minecraft:jungle 2000,5500 3000,10000 300,3000 -2225,500 0,0 -9333,-7666 0
row.1247 minecraft:jungle 2000,5500 3000,10000 300,3000 -2225,500 10000,10000 -9333,-7666 0
row.1248 minecraft:jungle 2000,5500 3000,10000 3000,10000 -2225,500 0,0 -9333,-7666 0
row.1249 minecraft:jungle 2000,5500 3000,10000 3000,10000 -2225,500 10000,10000 -9333,-7666 0
row.1250 minecraft:jungle 2000,5500 3000,10000 -1900,10000 500,4500 0,0 -9333,-7666 0
row.1251 minecraft:jungle 2000,5500 3000,10000 -1900,10000 500,4500 10000,10000 -9333,-7666 0
row.1252 minecraft:jungle 2000,5500 3000,10000 -1900,300 4500,5500 0,0 -9333,-7666 0
row.1253 minecraft:jungle 2000,5500 3000,10000 -1900,300 4500,5500 10000,10000 -9333,-7666 0
row.1254 minecraft:jungle 2000,5500 3000,10000 300,10000 4500,5500 0,0 -9333,-7666 0
row.1255 minecraft:jungle 2000,5500 3000,10000 300,10000 4500,5500 10000,10000 -9333,-7666 0
row.1256 minecraft:jungle 2000,5500 3000,10000 -1900,10000 5500,10000 0,0 -9333,-7666 0
row.1257 minecraft:jungle 2000,5500 3000,10000 -1900,10000 5500,10000 10000,10000 -9333,-7666 0
row.1258 minecraft:desert 5500,10000 -10000,-3500 -1900,-1100 -10000,-3750 0,0 -9333,-7666 0
row.1259 minecraft:desert 5500,10000 -10000,-3500 -1900,-1100 -10000,-3750 10000,10000 -9333,-7666 0
row.1260 minecraft:badlands 5500,10000 -10000,-3500 -1100,300 -10000,-7799 0,0 -9333,-7666 0
row.1261 minecraft:badlands 5500,10000 -10000,-3500 -1100,300 -10000,-7799 10000,10000 -9333,-7666 0
row.1262 minecraft:badlands 5500,10000 -10000,-3500 300,10000 -10000,-7799 0,0 -9333,-7666 0
row.1263 minecraft:badlands 5500,10000 -10000,-3500 300,10000 -10000,-7799 10000,10000 -9333,-7666 0
row.1264 minecraft:badlands 5500,10000 -10000,-3500 -1100,300 -7799,-3750 0,0 -9333,-7666 0
row.1265 minecraft:badlands 5500,10000 -10000,-3500 -1100,300 -7799,-3750 10000,10000 -9333,-7666 0
row.1266 minecraft:badlands 5500,10000 -10000,-3500 300,10000 -7799,-3750 0,0 -9333,-7666 0
row.1267 minecraft:badlands 5500,10000 -10000,-3500 300,10000 -7799,-3750 10000,10000 -9333,-7666 0
row.1268 minecraft:desert 5500,10000 -10000,-3500 -1900,300 -3750,500 0,0 -9333,-7666 0
row.1269 minecraft:desert 5500,10000 -10000,-3500 -1900,300 -3750,500 10000,10000 -9333,-7666 0
row.1270 minecraft:badlands 5500,10000 -10000,-3500 300,10000 -3750,-2225 0,0 -9333,-7666 0
row.1271 minecraft:badlands 5500,10000 -10000,-3500 300,10000 -3750,-2225 10000,10000 -9333,-7666 0
row.1272 minecraft:badlands 5500,10000 -10000,-3500 300,3000 -2225,500 0,0 -9333,-7666 0
row.1273 minecraft:badlands 5500,10000 -10000,-3500 300,3000 -2225,500 10000,10000 -9333,-7666 0
row.1274 minecraft:badlands 5500,10000 -10000,-3500 3000,10000 -2225,500 0,0 -9333,-7666 0
row.1275 minecraft:badlands 5500,10000 -10000,-3500 3000,10000 -2225,500 10000,10000 -9333,-7666 0
row.1276 minecraft:desert 5500,10000 -10000,-3500 -1900,10000 500,4500 0,0 -9333,-7666 0
row.1277 minecraft:desert 5500,10000 -10000,-3500 -1900,10000 500,4500 10000,10000 -9333,-7666 0
row.1278 minecraft:desert 5500,10000 -10000,-3500 -1900,300 4500,5500 0,0 -9333,-7666 0
row.1279 minecraft:desert 5500,10000 -10000,-3500 -1900,300 4500,5500 10000,10000 -9333,-7666 0
row.1280 minecraft:desert 5500,10000 -10000,-3500 300,10000 4500,5500 0,0 -9333,-7666 0
row.1281 minecraft:desert 5500,10000 -10000,-3500 300,10000 4500,5500 10000,10000 -9333,-7666 0
row.1282 minecraft:desert 5500,10000 -10000,-3500 -1900,10000 5500,10000 0,0 -9333,-7666 0
row.1283 minecraft:desert 5500,10000 -10000,-3500 -1900,10000 5500,10000 10000,10000 -9333,-7666 0
row.1284 minecraft:desert 5500,10000 -3500,-1000 -1900,-1100 -10000,-3750 0,0 -9333,-7666 0
row.1285 minecraft:desert 5500,10000 -3500,-1000 -1900,-1100 -10000,-3750 10000,10000 -9333,-7666 0
row.1286 minecraft:badlands 5500,10000 -3500,-1000 -1100,300 -10000,-7799 0,0 -9333,-7666 0
row.1287 minecraft:badlands 5500,10000 -3500,-1000 -1100,300 -10000,-7799 10000,10000 -9333,-7666 0
row.1288 minecraft:badlands 5500,10000 -3500,-1000 300,10000 -10000,-7799 0,0 -9333,-7666 0
row.1289 minecraft:badlands 5500,10000 -3500,-1000 300,10000 -10000,-7799 10000,10000 -9333,-7666 0
row.1290 minecraft:badlands 5500,10000 -3500,-1000 -1100,300 -7799,-3750 0,0 -9333,-7666 0
row.1291 minecraft:badlands 5500,10000 -3500,-1000 -1100,300 -7799,-3750 10000,10000 -9333,-7666 0
row.1292 minecraft:badlands 5500,10000 -3500,-1000 300,10000 -7799,-3750 0,0 -9333,-7666 0
row.1293 minecraft:badlands 5500,10000 -3500,-1000 300,10000 -7799,-3750 10000,10000 -9333,-7666 0
row.1294 minecraft:desert 5500,10000 -3500,-1000 -1900,300 -3750,500 0,0 -9333,-7666 0
row.1295 minecraft:desert 5500,10000 -3500,-1000 -1900,300 -3750,500 10000,10000 -9333,-7666 0
row.1296 minecraft:badlands 5500,10000 -3500,-1000 300,10000 -3750,-2225 0,0 -9333,-7666 0
row.1297 minecraft:badlands 5500,10000 -3500,-1000 300,10000 -3750,-2225 10000,10000 -9333,-7666 0
row.1298 minecraft:badlands 5500,10000 -3500,-1000 300,3000 -2225,500 0,0 -9333,-7666 0
row.1299 minecraft:badlands 5500,10000 -3500,-1000 300,3000 -2225,500 10000,10000 -9333,-7666 0
row.1300 minecraft:badlands 5500,10000 -3500,-1000 3000,10000 -2225,500 0,0 -9333,-7666 0
row.1301 minecraft:badlands 5500,10000 -3500,-1000 3000,10000 -2225,500 10000,10000 -9333,-7666 0
row.1302 minecraft:desert 5500,10000 -3500,-1000 -1900,10000 500,4500 0,0 -9333,-7666 0
row.1303 minecraft:desert 5500,10000 -3500,-1000 -1900,10000 500,4500 10000,10000 -9333,-7666 0
row.1304 minecraft:desert 5500,10000 -3500,-1000 -1900,300 4500,5500 0,0 -9333,-7666 0
row.1305 minecraft:desert 5500,10000 -3500,-1000 -1900,300 4500,5500 10000,10000 -9333,-7666 0
row.1306 minecraft:desert 5500,10000 -3500,-1000 300,10000 4500,5500 0,0 -9333,-7666 0
row.1307 minecraft:desert 5500,10000 -3500,-1000 300,10000 4500,5500 10000,10000 -9333,-7666 0
row.1308 minecraft:desert 5500,10000 -3500,-1000 -1900,10000 5500,10000 0,0 -9333,-7666 0
row.1309 minecraft:desert 5500,10000 -3500,-1000 -1900,10000 5500,10000 10000,10000 -9333,-7666 0
row.1310 minecraft:desert 5500,10000 -1000,1000 -1900,-1100 -10000,-3750 0,0 -9333,-7666 0
row.1311 minecraft:desert 5500,10000 -1000,1000 -1900,-1100 -10000,-3750 10000,10000 -9333,-7666 0
row.1312 minecraft:badlands 5500,10000 -1000,1000 -1100,300 -10000,-7799 0,0 -9333,-7666 0
row.1313 minecraft:badlands 5500,10000 -1000,1000 -1100,300 -10000,-7799 10000,10000 -9333,-7666 0
row.1314 minecraft:badlands 5500,10000 -1000,1000 300,10000 -10000,-7799 0,0 -9333,-7666 0
row.1315 minecraft:badlands 5500,10000 -1000,1000 300,10000 -10000,-7799 10000,10000 -9333,-7666 0
row.1316 minecraft:badlands 5500,10000 -1000,1000 -1100,300 -7799,-3750 0,0 -9333,-7666 0
row.1317 minecraft:badlands 5500,10000 -1000,1000 -1100,300 -7799,-3750 10000,10000 -9333,-7666 0
row.1318 minecraft:badlands 5500,10000 -1000,1000 300,10000 -7799,-3750 0,0 -9333,-7666 0
row.1319 minecraft:badlands 5500,10000 -1000,1000 300,10000 -7799,-3750 10000,10000 -9333,-7666 0
row.1320 minecraft:desert 5500,10000 -1000,1000 -1900,300 -3750,500 0,0 -9333,-7666 0
row.1321 minecraft:desert 5500,10000 -1000,1000 -1900,300 -3750,500 10000,10000 -9333,-7666 0
row.1322 minecraft:badlands 5500,10000 -1000,1000 300,10000 -3750,-2225 0,0 -9333,-7666 0
row.1323 minecraft:badlands 5500,10000 -1000,1000 300,10000 -3750,-2225 10000,10000 -9333,-7666 0
row.1324 minecraft:badlands 5500,10000 -1000,1000 300,3000 -2225,500 0,0 -9333,-7666 0
row.1325 minecraft:badlands 5500,10000 -1000,1000 300,3000 -2225,500 10000,10000 -9333,-7666 0
row.1326 minecraft:badlands 5500,10000 -1000,1000 3000,10000 -2225,500 0,0 -9333,-7666 0
row.1327 minecraft:badlands 5500,10000 -1000,1000 3000,10000 -2225,500 10000,10000 -9333,-7666 0
row.1328 minecraft:desert 5500,10000 -1000,1000 -1900,10000 500,4500 0,0 -9333,-7666 0
row.1329 minecraft:desert 5500,10000 -1000,1000 -1900,10000 500,4500 10000,10000 -9333,-7666 0
row.1330 minecraft:desert 5500,10000 -1000,1000 -1900,300 4500,5500 0,0 -9333,-7666 0
row.1331 minecraft:desert 5500,10000 -1000,1000 -1900,300 4500,5500 10000,10000 -9333,-7666 0
row.1332 minecraft:desert 5500,10000 -1000,1000 300,10000 4500,5500 0,0 -9333,-7666 0
row.1333 minecraft:desert 5500,10000 -1000,1000 300,10000 4500,5500 10000,10000 -9333,-7666 0
row.1334 minecraft:desert 5500,10000 -1000,1000 -1900,10000 5500,10000 0,0 -9333,-7666 0
row.1335 minecraft:desert 5500,10000 -1000,1000 -1900,10000 5500,10000 10000,10000 -9333,-7666 0
row.1336 minecraft:desert 5500,10000 1000,3000 -1900,-1100 -10000,-3750 0,0 -9333,-7666 0
row.1337 minecraft:desert 5500,10000 1000,3000 -1900,-1100 -10000,-3750 10000,10000 -9333,-7666 0
row.1338 minecraft:wooded_badlands 5500,10000 1000,3000 -1100,300 -10000,-7799 0,0 -9333,-7666 0
row.1339 minecraft:wooded_badlands 5500,10000 1000,3000 -1100,300 -10000,-7799 10000,10000 -9333,-7666 0
row.1340 minecraft:wooded_badlands 5500,10000 1000,3000 300,10000 -10000,-7799 0,0 -9333,-7666 0
row.1341 minecraft:wooded_badlands 5500,10000 1000,3000 300,10000 -10000,-7799 10000,10000 -9333,-7666 0
row.1342 minecraft:wooded_badlands 5500,10000 1000,3000 -1100,300 -7799,-3750 0,0 -9333,-7666 0
row.1343 minecraft:wooded_badlands 5500,10000 1000,3000 -1100,300 -7799,-3750 10000,10000 -9333,-7666 0
row.1344 minecraft:wooded_badlands 5500,10000 1000,3000 300,10000 -7799,-3750 0,0 -9333,-7666 0
row.1345 minecraft:wooded_badlands 5500,10000 1000,3000 300,10000 -7799,-3750 10000,10000 -9333,-7666 0
row.1346 minecraft:desert 5500,10000 1000,3000 -1900,300 -3750,500 0,0 -9333,-7666 0
row.1347 minecraft:desert 5500,10000 1000,3000 -1900,300 -3750,500 10000,10000 -9333,-7666 0
row.1348 minecraft:wooded_badlands 5500,10000 1000,3000 300,10000 -3750,-2225 0,0 -9333,-7666 0
row.1349 minecraft:wooded_badlands 5500,10000 1000,3000 300,10000 -3750,-2225 10000,10000 -9333,-7666 0
row.1350 minecraft:wooded_badlands 5500,10000 1000,3000 300,3000 -2225,500 0,0 -9333,-7666 0
row.1351 minecraft:wooded_badlands 5500,10000 1000,3000 300,3000 -2225,500 10000,10000 -9333,-7666 0
row.1352 minecraft:wooded_badlands 5500,10000 1000,3000 3000,10000 -2225,500 0,0 -9333,-7666 0
row.1353 minecraft:wooded_badlands 5500,10000 1000,3000 3000,10000 -2225,500 10000,10000 -9333,-7666 0
row.1354 minecraft:desert 5500,10000 1000,3000 -1900,10000 500,4500 0,0 -9333,-7666 0
row.1355 minecraft:desert 5500,10000 1000,3000 -1900,10000 500,4500 10000,10000 -9333,-7666 0
row.1356 minecraft:desert 5500,10000 1000,3000 -1900,300 4500,5500 0,0 -9333,-7666 0
row.1357 minecraft:desert 5500,10000 1000,3000 -1900,300 4500,5500 10000,10000 -9333,-7666 0
row.1358 minecraft:desert 5500,10000 1000,3000 300,10000 4500,5500 0,0 -9333,-7666 0
row.1359 minecraft:desert 5500,10000 1000,3000 300,10000 4500,5500 10000,10000 -9333,-7666 0
row.1360 minecraft:desert 5500,10000 1000,3000 -1900,10000 5500,10000 0,0 -9333,-7666 0
row.1361 minecraft:desert 5500,10000 1000,3000 -1900,10000 5500,10000 10000,10000 -9333,-7666 0
row.1362 minecraft:desert 5500,10000 3000,10000 -1900,-1100 -10000,-3750 0,0 -9333,-7666 0
row.1363 minecraft:desert 5500,10000 3000,10000 -1900,-1100 -10000,-3750 10000,10000 -9333,-7666 0
row.1364 minecraft:wooded_badlands 5500,10000 3000,10000 -1100,300 -10000,-7799 0,0 -9333,-7666 0
row.1365 minecraft:wooded_badlands 5500,10000 3000,10000 -1100,300 -10000,-7799 10000,10000 -9333,-7666 0
row.1366 minecraft:wooded_badlands 5500,10000 3000,10000 300,10000 -10000,-7799 0,0 -9333,-7666 0
row.1367 minecraft:wooded_badlands 5500,10000 3000,10000 300,10000 -10000,-7799 10000,10000 -9333,-7666 0
row.1368 minecraft:wooded_badlands 5500,10000 3000,10000 -1100,300 -7799,-3750 0,0 -9333,-7666 0
row.1369 minecraft:wooded_badlands 5500,10000 3000,10000 -1100,300 -7799,-3750 10000,10000 -9333,-7666 0
row.1370 minecraft:wooded_badlands 5500,10000 3000,10000 300,10000 -7799,-3750 0,0 -9333,-7666 0
row.1371 minecraft:wooded_badlands 5500,10000 3000,10000 300,10000 -7799,-3750 10000,10000 -9333,-7666 0
row.1372 minecraft:desert 5500,10000 3000,10000 -1900,300 -3750,500 0,0 -9333,-7666 0
row.1373 minecraft:desert 5500,10000 3000,10000 -1900,300 -3750,500 10000,10000 -9333,-7666 0
row.1374 minecraft:wooded_badlands 5500,10000 3000,10000 300,10000 -3750,-2225 0,0 -9333,-7666 0
row.1375 minecraft:wooded_badlands 5500,10000 3000,10000 300,10000 -3750,-2225 10000,10000 -9333,-7666 0
row.1376 minecraft:wooded_badlands 5500,10000 3000,10000 300,3000 -2225,500 0,0 -9333,-7666 0
row.1377 minecraft:wooded_badlands 5500,10000 3000,10000 300,3000 -2225,500 10000,10000 -9333,-7666 0
row.1378 minecraft:wooded_badlands 5500,10000 3000,10000 3000,10000 -2225,500 0,0 -9333,-7666 0
row.1379 minecraft:wooded_badlands 5500,10000 3000,10000 3000,10000 -2225,500 10000,10000 -9333,-7666 0
row.1380 minecraft:desert 5500,10000 3000,10000 -1900,10000 500,4500 0,0 -9333,-7666 0
row.1381 minecraft:desert 5500,10000 3000,10000 -1900,10000 500,4500 10000,10000 -9333,-7666 0
row.1382 minecraft:desert 5500,10000 3000,10000 -1900,300 4500,5500 0,0 -9333,-7666 0
row.1383 minecraft:desert 5500,10000 3000,10000 -1900,300 4500,5500 10000,10000 -9333,-7666 0
row.1384 minecraft:desert 5500,10000 3000,10000 300,10000 4500,5500 0,0 -9333,-7666 0
row.1385 minecraft:desert 5500,10000 3000,10000 300,10000 4500,5500 10000,10000 -9333,-7666 0
row.1386 minecraft:desert 5500,10000 3000,10000 -1900,10000 5500,10000 0,0 -9333,-7666 0
row.1387 minecraft:desert 5500,10000 3000,10000 -1900,10000 5500,10000 10000,10000 -9333,-7666 0
row.1388 minecraft:jagged_peaks -10000,-4500 -10000,-3500 -1900,10000 -10000,-7799 0,0 -7666,-5666 0
row.1389 minecraft:jagged_peaks -10000,-4500 -10000,-3500 -1900,10000 -10000,-7799 10000,10000 -7666,-5666 0
row.1390 minecraft:snowy_slopes -10000,-4500 -10000,-3500 -1900,300 -7799,-3750 0,0 -7666,-5666 0
row.1391 minecraft:snowy_slopes -10000,-4500 -10000,-3500 -1900,300 -7799,-3750 10000,10000 -7666,-5666 0
row.1392 minecraft:jagged_peaks -10000,-4500 -10000,-3500 300,10000 -7799,-3750 0,0 -7666,-5666 0
row.1393 minecraft:jagged_peaks -10000,-4500 -10000,-3500 300,10000 -7799,-3750 10000,10000 -7666,-5666 0
row.1394 minecraft:snowy_plains -10000,-4500 -10000,-3500 -1900,300 -3750,500 0,0 -7666,-5666 0
row.1395 minecraft:snowy_plains -10000,-4500 -10000,-3500 -1900,300 -3750,500 10000,10000 -7666,-5666 0
row.1396 minecraft:snowy_plains -10000,-4500 -10000,-3500 300,10000 -3750,-2225 0,0 -7666,-5666 0
row.1397 minecraft:snowy_plains -10000,-4500 -10000,-3500 300,10000 -3750,-2225 10000,10000 -7666,-5666 0
row.1398 minecraft:snowy_plains -10000,-4500 -10000,-3500 300,3000 -2225,500 0,0 -7666,-5666 0
row.1399 minecraft:snowy_plains -10000,-4500 -10000,-3500 300,3000 -2225,500 10000,10000 -7666,-5666 0
row.1400 minecraft:snowy_plains -10000,-4500 -10000,-3500 3000,10000 -2225,500 0,0 -7666,-5666 0
row.1401 minecraft:snowy_plains -10000,-4500 -10000,-3500 3000,10000 -2225,500 10000,10000 -7666,-5666 0
row.1402 minecraft:snowy_plains -10000,-4500 -10000,-3500 -1900,10000 500,4500 0,0 -7666,-5666 0
row.1403 minecraft:snowy_plains -10000,-4500 -10000,-3500 -1900,10000 500,4500 10000,10000 -7666,-5666 0
row.1404 minecraft:windswept_gravelly_hills -10000,-4500 -10000,-3500 -1900,300 4500,5500 0,0 -7666,-5666 0
row.1405 minecraft:windswept_gravelly_hills -10000,-4500 -10000,-3500 -1900,300 4500,5500 10000,10000 -7666,-5666 0
row.1406 minecraft:windswept_gravelly_hills -10000,-4500 -10000,-3500 300,10000 4500,5500 0,0 -7666,-5666 0
row.1407 minecraft:windswept_gravelly_hills -10000,-4500 -10000,-3500 300,10000 4500,5500 10000,10000 -7666,-5666 0
row.1408 minecraft:snowy_plains -10000,-4500 -10000,-3500 -1900,10000 5500,10000 0,0 -7666,-5666 0
row.1409 minecraft:snowy_plains -10000,-4500 -10000,-3500 -1900,10000 5500,10000 10000,10000 -7666,-5666 0
row.1410 minecraft:jagged_peaks -10000,-4500 -3500,-1000 -1900,10000 -10000,-7799 0,0 -7666,-5666 0
row.1411 minecraft:jagged_peaks -10000,-4500 -3500,-1000 -1900,10000 -10000,-7799 10000,10000 -7666,-5666 0
row.1412 minecraft:snowy_slopes -10000,-4500 -3500,-1000 -1900,300 -7799,-3750 0,0 -7666,-5666 0
row.1413 minecraft:snowy_slopes -10000,-4500 -3500,-1000 -1900,300 -7799,-3750 10000,10000 -7666,-5666 0
row.1414 minecraft:jagged_peaks -10000,-4500 -3500,-1000 300,10000 -7799,-3750 0,0 -7666,-5666 0
row.1415 minecraft:jagged_peaks -10000,-4500 -3500,-1000 300,10000 -7799,-3750 10000,10000 -7666,-5666 0
row.1416 minecraft:snowy_plains -10000,-4500 -3500,-1000 -1900,300 -3750,500 0,0 -7666,-5666 0
row.1417 minecraft:snowy_plains -10000,-4500 -3500,-1000 -1900,300 -3750,500 10000,10000 -7666,-5666 0
row.1418 minecraft:snowy_plains -10000,-4500 -3500,-1000 300,10000 -3750,-2225 0,0 -7666,-5666 0
row.1419 minecraft:snowy_plains -10000,-4500 -3500,-1000 300,10000 -3750,-2225 10000,10000 -7666,-5666 0
row.1420 minecraft:snowy_plains -10000,-4500 -3500,-1000 300,3000 -2225,500 0,0 -7666,-5666 0
row.1421 minecraft:snowy_plains -10000,-4500 -3500,-1000 300,3000 -2225,500 10000,10000 -7666,-5666 0
row.1422 minecraft:snowy_plains -10000,-4500 -3500,-1000 3000,10000 -2225,500 0,0 -7666,-5666 0
row.1423 minecraft:snowy_plains -10000,-4500 -3500,-1000 3000,10000 -2225,500 10000,10000 -7666,-5666 0
row.1424 minecraft:snowy_plains -10000,-4500 -3500,-1000 -1900,10000 500,4500 0,0 -7666,-5666 0
row.1425 minecraft:snowy_plains -10000,-4500 -3500,-1000 -1900,10000 500,4500 10000,10000 -7666,-5666 0
row.1426 minecraft:windswept_gravelly_hills -10000,-4500 -3500,-1000 -1900,300 4500,5500 0,0 -7666,-5666 0
row.1427 minecraft:windswept_gravelly_hills -10000,-4500 -3500,-1000 -1900,300 4500,5500 10000,10000 -7666,-5666 0
row.1428 minecraft:windswept_gravelly_hills -10000,-4500 -3500,-1000 300,10000 4500,5500 0,0 -7666,-5666 0
row.1429 minecraft:windswept_gravelly_hills -10000,-4500 -3500,-1000 300,10000 4500,5500 10000,10000 -7666,-5666 0
row.1430 minecraft:snowy_plains -10000,-4500 -3500,-1000 -1900,10000 5500,10000 0,0 -7666,-5666 0
row.1431 minecraft:snowy_plains -10000,-4500 -3500,-1000 -1900,10000 5500,10000 10000,10000 -7666,-5666 0
row.1432 minecraft:jagged_peaks -10000,-4500 -1000,1000 -1900,10000 -10000,-7799 0,0 -7666,-5666 0
row.1433 minecraft:jagged_peaks -10000,-4500 -1000,1000 -1900,10000 -10000,-7799 10000,10000 -7666,-5666 0
row.1434 minecraft:grove -10000,-4500 -1000,1000 -1900,300 -7799,-3750 0,0 -7666,-5666 0
row.1435 minecraft:grove -10000,-4500 -1000,1000 -1900,300 -7799,-3750 10000,10000 -7666,-5666 0
row.1436 minecraft:jagged_peaks -10000,-4500 -1000,1000 300,10000 -7799,-3750 0,0 -7666,-5666 0
row.1437 minecraft:jagged_peaks -10000,-4500 -1000,1000 300,10000 -7799,-3750 10000,10000 -7666,-5666 0
row.1438 minecraft:snowy_plains -10000,-4500 -1000,1000 -1900,300 -3750,500 0,0 -7666,-5666 0
row.1439 minecraft:snowy_plains -10000,-4500 -1000,1000 -1900,300 -3750,500 10000,10000 -7666,-5666 0
row.1440 minecraft:snowy_plains -10000,-4500 -1000,1000 300,10000 -3750,-2225 0,0 -7666,-5666 0
row.1441 minecraft:snowy_plains -10000,-4500 -1000,1000 300,10000 -3750,-2225 10000,10000 -7666,-5666 0
row.1442 minecraft:snowy_plains -10000,-4500 -1000,1000 300,3000 -2225,500 0,0 -7666,-5666 0
row.1443 minecraft:snowy_plains -10000,-4500 -1000,1000 300,3000 -2225,500 10000,10000 -7666,-5666 0
row.1444 minecraft:snowy_plains -10000,-4500 -1000,1000 3000,10000 -2225,500 0,0 -7666,-5666 0
row.1445 minecraft:snowy_plains -10000,-4500 -1000,1000 3000,10000 -2225,500 10000,10000 -7666,-5666 0
row.1446 minecraft:snowy_plains -10000,-4500 -1000,1000 -1900,10000 500,4500 0,0 -7666,-5666 0
row.1447 minecraft:snowy_plains -10000,-4500 -1000,1000 -1900,10000 500,4500 10000,10000 -7666,-5666 0
row.1448 minecraft:windswept_hills -10000,-4500 -1000,1000 -1900,300 4500,5500 0,0 -7666,-5666 0
row.1449 minecraft:windswept_hills -10000,-4500 -1000,1000 -1900,300 4500,5500 10000,10000 -7666,-5666 0
row.1450 minecraft:windswept_hills -10000,-4500 -1000,1000 300,10000 4500,5500 0,0 -7666,-5666 0
row.1451 minecraft:windswept_hills -10000,-4500 -1000,1000 300,10000 4500,5500 10000,10000 -7666,-5666 0
row.1452 minecraft:snowy_plains -10000,-4500 -1000,1000 -1900,10000 5500,10000 0,0 -7666,-5666 0
row.1453 minecraft:snowy_plains -10000,-4500 -1000,1000 -1900,10000 5500,10000 10000,10000 -7666,-5666 0
row.1454 minecraft:jagged_peaks -10000,-4500 1000,3000 -1900,10000 -10000,-7799 0,0 -7666,-5666 0
row.1455 minecraft:jagged_peaks -10000,-4500 1000,3000 -1900,10000 -10000,-7799 10000,10000 -7666,-5666 0
row.1456 minecraft:grove -10000,-4500 1000,3000 -1900,300 -7799,-3750 0,0 -7666,-5666 0
row.1457 minecraft:grove -10000,-4500 1000,3000 -1900,300 -7799,-3750 10000,10000 -7666,-5666 0
row.1458 minecraft:jagged_peaks -10000,-4500 1000,3000 300,10000 -7799,-3750 0,0 -7666,-5666 0
row.1459 minecraft:jagged_peaks -10000,-4500 1000,3000 300,10000 -7799,-3750 10000,10000 -7666,-5666 0
row.1460 minecraft:snowy_taiga -10000,-4500 1000,3000 -1900,300 -3750,500 0,0 -7666,-5666 0
row.1461 minecraft:snowy_taiga -10000,-4500 1000,3000 -1900,300 -3750,500 10000,10000 -7666,-5666 0
row.1462 minecraft:snowy_taiga -10000,-4500 1000,3000 300,10000 -3750,-2225 0,0 -7666,-5666 0
row.1463 minecraft:snowy_taiga -10000,-4500 1000,3000 300,10000 -3750,-2225 10000,10000 -7666,-5666 0
row.1464 minecraft:snowy_taiga -10000,-4500 1000,3000 300,3000 -2225,500 0,0 -7666,-5666 0
row.1465 minecraft:snowy_taiga -10000,-4500 1000,3000 300,3000 -2225,500 10000,10000 -7666,-5666 0
row.1466 minecraft:snowy_taiga -10000,-4500 1000,3000 3000,10000 -2225,500 0,0 -7666,-5666 0
row.1467 minecraft:snowy_taiga -10000,-4500 1000,3000 3000,10000 -2225,500 10000,10000 -7666,-5666 0
row.1468 minecraft:snowy_taiga -10000,-4500 1000,3000 -1900,10000 500,4500 0,0 -7666,-5666 0
row.1469 minecraft:snowy_taiga -10000,-4500 1000,3000 -1900,10000 500,4500 10000,10000 -7666,-5666 0
row.1470 minecraft:windswept_forest -10000,-4500 1000,3000 -1900,300 4500,5500 0,0 -7666,-5666 0
row.1471 minecraft:windswept_forest -10000,-4500 1000,3000 -1900,300 4500,5500 10000,10000 -7666,-5666 0
row.1472 minecraft:windswept_forest -10000,-4500 1000,3000 300,10000 4500,5500 0,0 -7666,-5666 0
row.1473 minecraft:windswept_forest -10000,-4500 1000,3000 300,10000 4500,5500 10000,10000 -7666,-5666 0
row.1474 minecraft:snowy_taiga -10000,-4500 1000,3000 -1900,10000 5500,10000 0,0 -7666,-5666 0
row.1475 minecraft:snowy_taiga -10000,-4500 1000,3000 -1900,10000 5500,10000 10000,10000 -7666,-5666 0
row.1476 minecraft:jagged_peaks -10000,-4500 3000,10000 -1900,10000 -10000,-7799 0,0 -7666,-5666 0
row.1477 minecraft:jagged_peaks -10000,-4500 3000,10000 -1900,10000 -10000,-7799 10000,10000 -7666,-5666 0
row.1478 minecraft:grove -10000,-4500 3000,10000 -1900,300 -7799,-3750 0,0 -7666,-5666 0
row.1479 minecraft:grove -10000,-4500 3000,10000 -1900,300 -7799,-3750 10000,10000 -7666,-5666 0
row.1480 minecraft:jagged_peaks -10000,-4500 3000,10000 300,10000 -7799,-3750 0,0 -7666,-5666 0
row.1481 minecraft:jagged_peaks -10000,-4500 3000,10000 300,10000 -7799,-3750 10000,10000 -7666,-5666 0
row.1482 minecraft:taiga -10000,-4500 3000,10000 -1900,300 -3750,500 0,0 -7666,-5666 0
row.1483 minecraft:taiga -10000,-4500 3000,10000 -1900,300 -3750,500 10000,10000 -7666,-5666 0
row.1484 minecraft:snowy_taiga -10000,-4500 3000,10000 300,10000 -3750,-2225 0,0 -7666,-5666 0
row.1485 minecraft:snowy_taiga -10000,-4500 3000,10000 300,10000 -3750,-2225 10000,10000 -7666,-5666 0
row.1486 minecraft:taiga -10000,-4500 3000,10000 300,3000 -2225,500 0,0 -7666,-5666 0
row.1487 minecraft:taiga -10000,-4500 3000,10000 300,3000 -2225,500 10000,10000 -7666,-5666 0
row.1488 minecraft:snowy_taiga -10000,-4500 3000,10000 3000,10000 -2225,500 0,0 -7666,-5666 0
row.1489 minecraft:snowy_taiga -10000,-4500 3000,10000 3000,10000 -2225,500 10000,10000 -7666,-5666 0
row.1490 minecraft:taiga -10000,-4500 3000,10000 -1900,10000 500,4500 0,0 -7666,-5666 0
row.1491 minecraft:taiga -10000,-4500 3000,10000 -1900,10000 500,4500 10000,10000 -7666,-5666 0
row.1492 minecraft:windswept_forest -10000,-4500 3000,10000 -1900,300 4500,5500 0,0 -7666,-5666 0
row.1493 minecraft:windswept_forest -10000,-4500 3000,10000 -1900,300 4500,5500 10000,10000 -7666,-5666 0
row.1494 minecraft:windswept_forest -10000,-4500 3000,10000 300,10000 4500,5500 0,0 -7666,-5666 0
row.1495 minecraft:windswept_forest -10000,-4500 3000,10000 300,10000 4500,5500 10000,10000 -7666,-5666 0
row.1496 minecraft:taiga -10000,-4500 3000,10000 -1900,10000 5500,10000 0,0 -7666,-5666 0
row.1497 minecraft:taiga -10000,-4500 3000,10000 -1900,10000 5500,10000 10000,10000 -7666,-5666 0
row.1498 minecraft:jagged_peaks -4500,-1500 -10000,-3500 -1900,10000 -10000,-7799 0,0 -7666,-5666 0
row.1499 minecraft:jagged_peaks -4500,-1500 -10000,-3500 -1900,10000 -10000,-7799 10000,10000 -7666,-5666 0
row.1500 minecraft:plains -4500,-1500 -10000,-3500 -1900,300 -7799,-3750 0,0 -7666,-5666 0
row.1501 minecraft:plains -4500,-1500 -10000,-3500 -1900,300 -7799,-3750 10000,10000 -7666,-5666 0
row.1502 minecraft:jagged_peaks -4500,-1500 -10000,-3500 300,10000 -7799,-3750 0,0 -7666,-5666 0
row.1503 minecraft:jagged_peaks -4500,-1500 -10000,-3500 300,10000 -7799,-3750 10000,10000 -7666,-5666 0
row.1504 minecraft:plains -4500,-1500 -10000,-3500 -1900,300 -3750,500 0,0 -7666,-5666 0
row.1505 minecraft:plains -4500,-1500 -10000,-3500 -1900,300 -3750,500 10000,10000 -7666,-5666 0
row.1506 minecraft:meadow -4500,-1500 -10000,-3500 300,10000 -3750,-2225 0,0 -7666,-5666 0
row.1507 minecraft:meadow -4500,-1500 -10000,-3500 300,10000 -3750,-2225 10000,10000 -7666,-5666 0
row.1508 minecraft:plains -4500,-1500 -10000,-3500 300,3000 -2225,500 0,0 -7666,-5666 0
row.1509 minecraft:plains -4500,-1500 -10000,-3500 300,3000 -2225,500 10000,10000 -7666,-5666 0
row.1510 minecraft:meadow -4500,-1500 -10000,-3500 3000,10000 -2225,500 0,0 -7666,-5666 0
row.1511 minecraft:meadow -4500,-1500 -10000,-3500 3000,10000 -2225,500 10000,10000 -7666,-5666 0
row.1512 minecraft:plains -4500,-1500 -10000,-3500 -1900,10000 500,4500 0,0 -7666,-5666 0
row.1513 minecraft:plains -4500,-1500 -10000,-3500 -1900,10000 500,4500 10000,10000 -7666,-5666 0
row.1514 minecraft:windswept_gravelly_hills -4500,-1500 -10000,-3500 -1900,300 4500,5500 0,0 -7666,-5666 0
row.1515 minecraft:windswept_gravelly_hills -4500,-1500 -10000,-3500 -1900,300 4500,5500 10000,10000 -7666,-5666 0
row.1516 minecraft:windswept_gravelly_hills -4500,-1500 -10000,-3500 300,10000 4500,5500 0,0 -7666,-5666 0
row.1517 minecraft:windswept_gravelly_hills -4500,-1500 -10000,-3500 300,10000 4500,5500 10000,10000 -7666,-5666 0
row.1518 minecraft:plains -4500,-1500 -10000,-3500 -1900,10000 5500,10000 0,0 -7666,-5666 0
row.1519 minecraft:plains -4500,-1500 -10000,-3500 -1900,10000 5500,10000 10000,10000 -7666,-5666 0
row.1520 minecraft:jagged_peaks -4500,-1500 -3500,-1000 -1900,10000 -10000,-7799 0,0 -7666,-5666 0
row.1521 minecraft:jagged_peaks -4500,-1500 -3500,-1000 -1900,10000 -10000,-7799 10000,10000 -7666,-5666 0
row.1522 minecraft:plains -4500,-1500 -3500,-1000 -1900,300 -7799,-3750 0,0 -7666,-5666 0
row.1523 minecraft:plains -4500,-1500 -3500,-1000 -1900,300 -7799,-3750 10000,10000 -7666,-5666 0
row.1524 minecraft:jagged_peaks -4500,-1500 -3500,-1000 300,10000 -7799,-3750 0,0 -7666,-5666 0
row.1525 minecraft:jagged_peaks -4500,-1500 -3500,-1000 300,10000 -7799,-3750 10000,10000 -7666,-5666 0
row.1526 minecraft:plains -4500,-1500 -3500,-1000 -1900,300 -3750,500 0,0 -7666,-5666 0
row.1527 minecraft:plains -4500,-1500 -3500,-1000 -1900,300 -3750,500 10000,10000 -7666,-5666 0
row.1528 minecraft:meadow -4500,-1500 -3500,-1000 300,10000 -3750,-2225 0,0 -7666,-5666 0
row.1529 minecraft:meadow -4500,-1500 -3500,-1000 300,10000 -3750,-2225 10000,10000 -7666,-5666 0
row.1530 minecraft:plains -4500,-1500 -3500,-1000 300,3000 -2225,500 0,0 -7666,-5666 0
row.1531 minecraft:plains -4500,-1500 -3500,-1000 300,3000 -2225,500 10000,10000 -7666,-5666 0
row.1532 minecraft:meadow -4500,-1500 -3500,-1000 3000,10000 -2225,500 0,0 -7666,-5666 0
row.1533 minecraft:meadow -4500,-1500 -3500,-1000 3000,10000 -2225,500 10000,10000 -7666,-5666 0
row.1534 minecraft:plains -4500,-1500 -3500,-1000 -1900,10000 500,4500 0,0 -7666,-5666 0
row.1535 minecraft:plains -4500,-1500 -3500,-1000 -1900,10000 500,4500 10000,10000 -7666,-5666 0
row.1536 minecraft:windswept_gravelly_hills -4500,-1500 -3500,-1000 -1900,300 4500,5500 0,0 -7666,-5666 0
row.1537 minecraft:windswept_gravelly_hills -4500,-1500 -3500,-1000 -1900,300 4500,5500 10000,10000 -7666,-5666 0
row.1538 minecraft:windswept_gravelly_hills -4500,-1500 -3500,-1000 300,10000 4500,5500 0,0 -7666,-5666 0
row.1539 minecraft:windswept_gravelly_hills -4500,-1500 -3500,-1000 300,10000 4500,5500 10000,10000 -7666,-5666 0
row.1540 minecraft:plains -4500,-1500 -3500,-1000 -1900,10000 5500,10000 0,0 -7666,-5666 0
row.1541 minecraft:plains -4500,-1500 -3500,-1000 -1900,10000 5500,10000 10000,10000 -7666,-5666 0
row.1542 minecraft:jagged_peaks -4500,-1500 -1000,1000 -1900,10000 -10000,-7799 0,0 -7666,-5666 0
row.1543 minecraft:jagged_peaks -4500,-1500 -1000,1000 -1900,10000 -10000,-7799 10000,10000 -7666,-5666 0
row.1544 minecraft:forest -4500,-1500 -1000,1000 -1900,300 -7799,-3750 0,0 -7666,-5666 0
row.1545 minecraft:forest -4500,-1500 -1000,1000 -1900,300 -7799,-3750 10000,10000 -7666,-5666 0
row.1546 minecraft:jagged_peaks -4500,-1500 -1000,1000 300,10000 -7799,-3750 0,0 -7666,-5666 0
row.1547 minecraft:jagged_peaks -4500,-1500 -1000,1000 300,10000 -7799,-3750 10000,10000 -7666,-5666 0
row.1548 minecraft:forest -4500,-1500 -1000,1000 -1900,300 -3750,500 0,0 -7666,-5666 0
row.1549 minecraft:forest -4500,-1500 -1000,1000 -1900,300 -3750,500 10000,10000 -7666,-5666 0
row.1550 minecraft:forest -4500,-1500 -1000,1000 300,10000 -3750,-2225 0,0 -7666,-5666 0
row.1551 minecraft:forest -4500,-1500 -1000,1000 300,10000 -3750,-2225 10000,10000 -7666,-5666 0
row.1552 minecraft:forest -4500,-1500 -1000,1000 300,3000 -2225,500 0,0 -7666,-5666 0
row.1553 minecraft:forest -4500,-1500 -1000,1000 300,3000 -2225,500 10000,10000 -7666,-5666 0
row.1554 minecraft:forest -4500,-1500 -1000,1000 3000,10000 -2225,500 0,0 -7666,-5666 0
row.1555 minecraft:forest -4500,-1500 -1000,1000 3000,10000 -2225,500 10000,10000 -7666,-5666 0
row.1556 minecraft:forest -4500,-1500 -1000,1000 -1900,10000 500,4500 0,0 -7666,-5666 0
row.1557 minecraft:forest -4500,-1500 -1000,1000 -1900,10000 500,4500 10000,10000 -7666,-5666 0
row.1558 minecraft:windswept_hills -4500,-1500 -1000,1000 -1900,300 4500,5500 0,0 -7666,-5666 0
row.1559 minecraft:windswept_hills -4500,-1500 -1000,1000 -1900,300 4500,5500 10000,10000 -7666,-5666 0
row.1560 minecraft:windswept_hills -4500,-1500 -1000,1000 300,10000 4500,5500 0,0 -7666,-5666 0
row.1561 minecraft:windswept_hills -4500,-1500 -1000,1000 300,10000 4500,5500 10000,10000 -7666,-5666 0
row.1562 minecraft:forest -4500,-1500 -1000,1000 -1900,10000 5500,10000 0,0 -7666,-5666 0
row.1563 minecraft:forest -4500,-1500 -1000,1000 -1900,10000 5500,10000 10000,10000 -7666,-5666 0
row.1564 minecraft:jagged_peaks -4500,-1500 1000,3000 -1900,10000 -10000,-7799 0,0 -7666,-5666 0
row.1565 minecraft:jagged_peaks -4500,-1500 1000,3000 -1900,10000 -10000,-7799 10000,10000 -7666,-5666 0
row.1566 minecraft:taiga -4500,-1500 1000,3000 -1900,300 -7799,-3750 0,0 -7666,-5666 0
row.1567 minecraft:taiga -4500,-1500 1000,3000 -1900,300 -7799,-3750 10000,10000 -7666,-5666 0
row.1568 minecraft:jagged_peaks -4500,-1500 1000,3000 300,10000 -7799,-3750 0,0 -7666,-5666 0
row.1569 minecraft:jagged_peaks -4500,-1500 1000,3000 300,10000 -7799,-3750 10000,10000 -7666,-5666 0
row.1570 minecraft:taiga -4500,-1500 1000,3000 -1900,300 -3750,500 0,0 -7666,-5666 0
row.1571 minecraft:taiga -4500,-1500 1000,3000 -1900,300 -3750,500 10000,10000 -7666,-5666 0
row.1572 minecraft:taiga -4500,-1500 1000,3000 300,10000 -3750,-2225 0,0 -7666,-5666 0
row.1573 minecraft:taiga -4500,-1500 1000,3000 300,10000 -3750,-2225 10000,10000 -7666,-5666 0
row.1574 minecraft:taiga -4500,-1500 1000,3000 300,3000 -2225,500 0,0 -7666,-5666 0
row.1575 minecraft:taiga -4500,-1500 1000,3000 300,3000 -2225,500 10000,10000 -7666,-5666 0
row.1576 minecraft:taiga -4500,-1500 1000,3000 3000,10000 -2225,500 0,0 -7666,-5666 0
row.1577 minecraft:taiga -4500,-1500 1000,3000 3000,10000 -2225,500 10000,10000 -7666,-5666 0
row.1578 minecraft:taiga -4500,-1500 1000,3000 -1900,10000 500,4500 0,0 -7666,-5666 0
row.1579 minecraft:taiga -4500,-1500 1000,3000 -1900,10000 500,4500 10000,10000 -7666,-5666 0
row.1580 minecraft:windswept_forest -4500,-1500 1000,3000 -1900,300 4500,5500 0,0 -7666,-5666 0
row.1581 minecraft:windswept_forest -4500,-1500 1000,3000 -1900,300 4500,5500 10000,10000 -7666,-5666 0
row.1582 minecraft:windswept_forest -4500,-1500 1000,3000 300,10000 4500,5500 0,0 -7666,-5666 0
row.1583 minecraft:windswept_forest -4500,-1500 1000,3000 300,10000 4500,5500 10000,10000 -7666,-5666 0
row.1584 minecraft:taiga -4500,-1500 1000,3000 -1900,10000 5500,10000 0,0 -7666,-5666 0
row.1585 minecraft:taiga -4500,-1500 1000,3000 -1900,10000 5500,10000 10000,10000 -7666,-5666 0
row.1586 minecraft:jagged_peaks -4500,-1500 3000,10000 -1900,10000 -10000,-7799 0,0 -7666,-5666 0
row.1587 minecraft:jagged_peaks -4500,-1500 3000,10000 -1900,10000 -10000,-7799 10000,10000 -7666,-5666 0
row.1588 minecraft:old_growth_spruce_taiga -4500,-1500 3000,10000 -1900,300 -7799,-3750 0,0 -7666,-5666 0
row.1589 minecraft:old_growth_spruce_taiga -4500,-1500 3000,10000 -1900,300 -7799,-3750 10000,10000 -7666,-5666 0
row.1590 minecraft:jagged_peaks -4500,-1500 3000,10000 300,10000 -7799,-3750 0,0 -7666,-5666 0
row.1591 minecraft:jagged_peaks -4500,-1500 3000,10000 300,10000 -7799,-3750 10000,10000 -7666,-5666 0
row.1592 minecraft:old_growth_spruce_taiga -4500,-1500 3000,10000 -1900,300 -3750,500 0,0 -7666,-5666 0
row.1593 minecraft:old_growth_spruce_taiga -4500,-1500 3000,10000 -1900,300 -3750,500 10000,10000 -7666,-5666 0
row.1594 minecraft:old_growth_spruce_taiga -4500,-1500 3000,10000 300,10000 -3750,-2225 0,0 -7666,-5666 0
row.1595 minecraft:old_growth_spruce_taiga -4500,-1500 3000,10000 300,10000 -3750,-2225 10000,10000 -7666,-5666 0
row.1596 minecraft:old_growth_spruce_taiga -4500,-1500 3000,10000 300,3000 -2225,500 0,0 -7666,-5666 0
row.1597 minecraft:old_growth_spruce_taiga -4500,-1500 3000,10000 300,3000 -2225,500 10000,10000 -7666,-5666 0
row.1598 minecraft:old_growth_spruce_taiga -4500,-1500 3000,10000 3000,10000 -2225,500 0,0 -7666,-5666 0
row.1599 minecraft:old_growth_spruce_taiga -4500,-1500 3000,10000 3000,10000 -2225,500 10000,10000 -7666,-5666 0
row.1600 minecraft:old_growth_spruce_taiga -4500,-1500 3000,10000 -1900,10000 500,4500 0,0 -7666,-5666 0
row.1601 minecraft:old_growth_spruce_taiga -4500,-1500 3000,10000 -1900,10000 500,4500 10000,10000 -7666,-5666 0
row.1602 minecraft:windswept_forest -4500,-1500 3000,10000 -1900,300 4500,5500 0,0 -7666,-5666 0
row.1603 minecraft:windswept_forest -4500,-1500 3000,10000 -1900,300 4500,5500 10000,10000 -7666,-5666 0
row.1604 minecraft:windswept_forest -4500,-1500 3000,10000 300,10000 4500,5500 0,0 -7666,-5666 0
row.1605 minecraft:windswept_forest -4500,-1500 3000,10000 300,10000 4500,5500 10000,10000 -7666,-5666 0
row.1606 minecraft:old_growth_spruce_taiga -4500,-1500 3000,10000 -1900,10000 5500,10000 0,0 -7666,-5666 0
row.1607 minecraft:old_growth_spruce_taiga -4500,-1500 3000,10000 -1900,10000 5500,10000 10000,10000 -7666,-5666 0
row.1608 minecraft:jagged_peaks -1500,2000 -10000,-3500 -1900,10000 -10000,-7799 0,0 -7666,-5666 0
row.1609 minecraft:jagged_peaks -1500,2000 -10000,-3500 -1900,10000 -10000,-7799 10000,10000 -7666,-5666 0
row.1610 minecraft:flower_forest -1500,2000 -10000,-3500 -1900,300 -7799,-3750 0,0 -7666,-5666 0
row.1611 minecraft:flower_forest -1500,2000 -10000,-3500 -1900,300 -7799,-3750 10000,10000 -7666,-5666 0
row.1612 minecraft:jagged_peaks -1500,2000 -10000,-3500 300,10000 -7799,-3750 0,0 -7666,-5666 0
row.1613 minecraft:jagged_peaks -1500,2000 -10000,-3500 300,10000 -7799,-3750 10000,10000 -7666,-5666 0
row.1614 minecraft:flower_forest -1500,2000 -10000,-3500 -1900,300 -3750,500 0,0 -7666,-5666 0
row.1615 minecraft:flower_forest -1500,2000 -10000,-3500 -1900,300 -3750,500 10000,10000 -7666,-5666 0
row.1616 minecraft:meadow -1500,2000 -10000,-3500 300,10000 -3750,-2225 0,0 -7666,-5666 0
row.1617 minecraft:meadow -1500,2000 -10000,-3500 300,10000 -3750,-2225 10000,10000 -7666,-5666 0
row.1618 minecraft:flower_forest -1500,2000 -10000,-3500 300,3000 -2225,500 0,0 -7666,-5666 0
row.1619 minecraft:flower_forest -1500,2000 -10000,-3500 300,3000 -2225,500 10000,10000 -7666,-5666 0
row.1620 minecraft:meadow -1500,2000 -10000,-3500 3000,10000 -2225,500 0,0 -7666,-5666 0
row.1621 minecraft:meadow -1500,2000 -10000,-3500 3000,10000 -2225,500 10000,10000 -7666,-5666 0
row.1622 minecraft:flower_forest -1500,2000 -10000,-3500 -1900,10000 500,4500 0,0 -7666,-5666 0
row.1623 minecraft:flower_forest -1500,2000 -10000,-3500 -1900,10000 500,4500 10000,10000 -7666,-5666 0
row.1624 minecraft:windswept_hills -1500,2000 -10000,-3500 -1900,300 4500,5500 0,0 -7666,-5666 0
row.1625 minecraft:windswept_hills -1500,2000 -10000,-3500 -1900,300 4500,5500 10000,10000 -7666,-5666 0
row.1626 minecraft:windswept_hills -1500,2000 -10000,-3500 300,10000 4500,5500 0,0 -7666,-5666 0
row.1627 minecraft:windswept_hills -1500,2000 -10000,-3500 300,10000 4500,5500 10000,10000 -7666,-5666 0
row.1628 minecraft:flower_forest -1500,2000 -10000,-3500 -1900,10000 5500,10000 0,0 -7666,-5666 0
row.1629 minecraft:flower_forest -1500,2000 -10000,-3500 -1900,10000 5500,10000 10000,10000 -7666,-5666 0
row.1630 minecraft:jagged_peaks -1500,2000 -3500,-1000 -1900,10000 -10000,-7799 0,0 -7666,-5666 0
row.1631 minecraft:jagged_peaks -1500,2000 -3500,-1000 -1900,10000 -10000,-7799 10000,10000 -7666,-5666 0
row.1632 minecraft:plains -1500,2000 -3500,-1000 -1900,300 -7799,-3750 0,0 -7666,-5666 0
row.1633 minecraft:plains -1500,2000 -3500,-1000 -1900,300 -7799,-3750 10000,10000 -7666,-5666 0
row.1634 minecraft:jagged_peaks -1500,2000 -3500,-1000 300,10000 -7799,-3750 0,0 -7666,-5666 0
row.1635 minecraft:jagged_peaks -1500,2000 -3500,-1000 300,10000 -7799,-3750 10000,10000 -7666,-5666 0
row.1636 minecraft:plains -1500,2000 -3500,-1000 -1900,300 -3750,500 0,0 -7666,-5666 0
row.1637 minecraft:plains -1500,2000 -3500,-1000 -1900,300 -3750,500 10000,10000 -7666,-5666 0
row.1638 minecraft:meadow -1500,2000 -3500,-1000 300,10000 -3750,-2225 0,0 -7666,-5666 0
row.1639 minecraft:meadow -1500,2000 -3500,-1000 300,10000 -3750,-2225 10000,10000 -7666,-5666 0
row.1640 minecraft:plains -1500,2000 -3500,-1000 300,3000 -2225,500 0,0 -7666,-5666 0
row.1641 minecraft:plains -1500,2000 -3500,-1000 300,3000 -2225,500 10000,10000 -7666,-5666 0
row.1642 minecraft:meadow -1500,2000 -3500,-1000 3000,10000 -2225,500 0,0 -7666,-5666 0
row.1643 minecraft:meadow -1500,2000 -3500,-1000 3000,10000 -2225,500 10000,10000 -7666,-5666 0
row.1644 minecraft:plains -1500,2000 -3500,-1000 -1900,10000 500,4500 0,0 -7666,-5666 0
row.1645 minecraft:plains -1500,2000 -3500,-1000 -1900,10000 500,4500 10000,10000 -7666,-5666 0
row.1646 minecraft:windswept_hills -1500,2000 -3500,-1000 -1900,300 4500,5500 0,0 -7666,-5666 0
row.1647 minecraft:windswept_hills -1500,2000 -3500,-1000 -1900,300 4500,5500 10000,10000 -7666,-5666 0
row.1648 minecraft:windswept_hills -1500,2000 -3500,-1000 300,10000 4500,5500 0,0 -7666,-5666 0
row.1649 minecraft:windswept_hills -1500,2000 -3500,-1000 300,10000 4500,5500 10000,10000 -7666,-5666 0
row.1650 minecraft:plains -1500,2000 -3500,-1000 -1900,10000 5500,10000 0,0 -7666,-5666 0
row.1651 minecraft:plains -1500,2000 -3500,-1000 -1900,10000 5500,10000 10000,10000 -7666,-5666 0
row.1652 minecraft:jagged_peaks -1500,2000 -1000,1000 -1900,10000 -10000,-7799 0,0 -7666,-5666 0
row.1653 minecraft:jagged_peaks -1500,2000 -1000,1000 -1900,10000 -10000,-7799 10000,10000 -7666,-5666 0
row.1654 minecraft:forest -1500,2000 -1000,1000 -1900,300 -7799,-3750 0,0 -7666,-5666 0
row.1655 minecraft:forest -1500,2000 -1000,1000 -1900,300 -7799,-3750 10000,10000 -7666,-5666 0
row.1656 minecraft:jagged_peaks -1500,2000 -1000,1000 300,10000 -7799,-3750 0,0 -7666,-5666 0
row.1657 minecraft:jagged_peaks -1500,2000 -1000,1000 300,10000 -7799,-3750 10000,10000 -7666,-5666 0
row.1658 minecraft:forest -1500,2000 -1000,1000 -1900,300 -3750,500 0,0 -7666,-5666 0
row.1659 minecraft:forest -1500,2000 -1000,1000 -1900,300 -3750,500 10000,10000 -7666,-5666 0
row.1660 minecraft:meadow -1500,2000 -1000,1000 300,10000 -3750,-2225 0,0 -7666,-5666 0
row.1661 minecraft:meadow -1500,2000 -1000,1000 300,10000 -3750,-2225 10000,10000 -7666,-5666 0
row.1662 minecraft:forest -1500,2000 -1000,1000 300,3000 -2225,500 0,0 -7666,-5666 0
row.1663 minecraft:forest -1500,2000 -1000,1000 300,3000 -2225,500 10000,10000 -7666,-5666 0
row.1664 minecraft:meadow -1500,2000 -1000,1000 3000,10000 -2225,500 0,0 -7666,-5666 0
row.1665 minecraft:meadow -1500,2000 -1000,1000 3000,10000 -2225,500 10000,10000 -7666,-5666 0
row.1666 minecraft:forest -1500,2000 -1000,1000 -1900,10000 500,4500 0,0 -7666,-5666 0
row.1667 minecraft:forest -1500,2000 -1000,1000 -1900,10000 500,4500 10000,10000 -7666,-5666 0
row.1668 minecraft:windswept_hills -1500,2000 -1000,1000 -1900,300 4500,5500 0,0 -7666,-5666 0
row.1669 minecraft:windswept_hills -1500,2000 -1000,1000 -1900,300 4500,5500 10000,10000 -7666,-5666 0
row.1670 minecraft:windswept_hills -1500,2000 -1000,1000 300,10000 4500,5500 0,0 -7666,-5666 0
row.1671 minecraft:windswept_hills -1500,2000 -1000,1000 300,10000 4500,5500 10000,10000 -7666,-5666 0
row.1672 minecraft:forest -1500,2000 -1000,1000 -1900,10000 5500,10000 0,0 -7666,-5666 0
row.1673 minecraft:forest -1500,2000 -1000,1000 -1900,10000 5500,10000 10000,10000 -7666,-5666 0
row.1674 minecraft:jagged_peaks -1500,2000 1000,3000 -1900,10000 -10000,-7799 0,0 -7666,-5666 0
row.1675 minecraft:jagged_peaks -1500,2000 1000,3000 -1900,10000 -10000,-7799 10000,10000 -7666,-5666 0
row.1676 minecraft:birch_forest -1500,2000 1000,3000 -1900,300 -7799,-3750 0,0 -7666,-5666 0
row.1677 minecraft:birch_forest -1500,2000 1000,3000 -1900,300 -7799,-3750 10000,10000 -7666,-5666 0
row.1678 minecraft:jagged_peaks -1500,2000 1000,3000 300,10000 -7799,-3750 0,0 -7666,-5666 0
row.1679 minecraft:jagged_peaks -1500,2000 1000,3000 300,10000 -7799,-3750 10000,10000 -7666,-5666 0
row.1680 minecraft:birch_forest -1500,2000 1000,3000 -1900,300 -3750,500 0,0 -7666,-5666 0
row.1681 minecraft:birch_forest -1500,2000 1000,3000 -1900,300 -3750,500 10000,10000 -7666,-5666 0
row.1682 minecraft:meadow -1500,2000 1000,3000 300,10000 -3750,-2225 0,0 -7666,-5666 0
row.1683 minecraft:meadow -1500,2000 1000,3000 300,10000 -3750,-2225 10000,10000 -7666,-5666 0
row.1684 minecraft:birch_forest -1500,2000 1000,3000 300,3000 -2225,500 0,0 -7666,-5666 0
row.1685 minecraft:birch_forest -1500,2000 1000,3000 300,3000 -2225,500 10000,10000 -7666,-5666 0
row.1686 minecraft:meadow -1500,2000 1000,3000 3000,10000 -2225,500 0,0 -7666,-5666 0
row.1687 minecraft:meadow -1500,2000 1000,3000 3000,10000 -2225,500 10000,10000 -7666,-5666 0
row.1688 minecraft:birch_forest -1500,2000 1000,3000 -1900,10000 500,4500 0,0 -7666,-5666 0
row.1689 minecraft:birch_forest -1500,2000 1000,3000 -1900,10000 500,4500 10000,10000 -7666,-5666 0
row.1690 minecraft:windswept_forest -1500,2000 1000,3000 -1900,300 4500,5500 0,0 -7666,-5666 0
row.1691 minecraft:windswept_forest -1500,2000 1000,3000 -1900,300 4500,5500 10000,10000 -7666,-5666 0
row.1692 minecraft:windswept_forest -1500,2000 1000,3000 300,10000 4500,5500 0,0 -7666,-5666 0
row.1693 minecraft:windswept_forest -1500,2000 1000,3000 300,10000 4500,5500 10000,10000 -7666,-5666 0
row.1694 minecraft:birch_forest -1500,2000 1000,3000 -1900,10000 5500,10000 0,0 -7666,-5666 0
row.1695 minecraft:birch_forest -1500,2000 1000,3000 -1900,10000 5500,10000 10000,10000 -7666,-5666 0
row.1696 minecraft:jagged_peaks -1500,2000 3000,10000 -1900,10000 -10000,-7799 0,0 -7666,-5666 0
row.1697 minecraft:jagged_peaks -1500,2000 3000,10000 -1900,10000 -10000,-7799 10000,10000 -7666,-5666 0
row.1698 minecraft:dark_forest -1500,2000 3000,10000 -1900,300 -7799,-3750 0,0 -7666,-5666 0
row.1699 minecraft:dark_forest -1500,2000 3000,10000 -1900,300 -7799,-3750 10000,10000 -7666,-5666 0
row.1700 minecraft:jagged_peaks -1500,2000 3000,10000 300,10000 -7799,-3750 0,0 -7666,-5666 0
row.1701 minecraft:jagged_peaks -1500,2000 3000,10000 300,10000 -7799,-3750 10000,10000 -7666,-5666 0
row.1702 minecraft:dark_forest -1500,2000 3000,10000 -1900,300 -3750,500 0,0 -7666,-5666 0
row.1703 minecraft:dark_forest -1500,2000 3000,10000 -1900,300 -3750,500 10000,10000 -7666,-5666 0
row.1704 minecraft:pale_garden -1500,2000 3000,10000 300,10000 -3750,-2225 0,0 -7666,-5666 0
row.1705 minecraft:pale_garden -1500,2000 3000,10000 300,10000 -3750,-2225 10000,10000 -7666,-5666 0
row.1706 minecraft:dark_forest -1500,2000 3000,10000 300,3000 -2225,500 0,0 -7666,-5666 0
row.1707 minecraft:dark_forest -1500,2000 3000,10000 300,3000 -2225,500 10000,10000 -7666,-5666 0
row.1708 minecraft:pale_garden -1500,2000 3000,10000 3000,10000 -2225,500 0,0 -7666,-5666 0
row.1709 minecraft:pale_garden -1500,2000 3000,10000 3000,10000 -2225,500 10000,10000 -7666,-5666 0
row.1710 minecraft:dark_forest -1500,2000 3000,10000 -1900,10000 500,4500 0,0 -7666,-5666 0
row.1711 minecraft:dark_forest -1500,2000 3000,10000 -1900,10000 500,4500 10000,10000 -7666,-5666 0
row.1712 minecraft:windswept_forest -1500,2000 3000,10000 -1900,300 4500,5500 0,0 -7666,-5666 0
row.1713 minecraft:windswept_forest -1500,2000 3000,10000 -1900,300 4500,5500 10000,10000 -7666,-5666 0
row.1714 minecraft:windswept_forest -1500,2000 3000,10000 300,10000 4500,5500 0,0 -7666,-5666 0
row.1715 minecraft:windswept_forest -1500,2000 3000,10000 300,10000 4500,5500 10000,10000 -7666,-5666 0
row.1716 minecraft:dark_forest -1500,2000 3000,10000 -1900,10000 5500,10000 0,0 -7666,-5666 0
row.1717 minecraft:dark_forest -1500,2000 3000,10000 -1900,10000 5500,10000 10000,10000 -7666,-5666 0
row.1718 minecraft:stony_peaks 2000,5500 -10000,-3500 -1900,10000 -10000,-7799 0,0 -7666,-5666 0
row.1719 minecraft:stony_peaks 2000,5500 -10000,-3500 -1900,10000 -10000,-7799 10000,10000 -7666,-5666 0
row.1720 minecraft:savanna 2000,5500 -10000,-3500 -1900,300 -7799,-3750 0,0 -7666,-5666 0
row.1721 minecraft:savanna 2000,5500 -10000,-3500 -1900,300 -7799,-3750 10000,10000 -7666,-5666 0
row.1722 minecraft:stony_peaks 2000,5500 -10000,-3500 300,10000 -7799,-3750 0,0 -7666,-5666 0
row.1723 minecraft:stony_peaks 2000,5500 -10000,-3500 300,10000 -7799,-3750 10000,10000 -7666,-5666 0
row.1724 minecraft:savanna 2000,5500 -10000,-3500 -1900,300 -3750,500 0,0 -7666,-5666 0
row.1725 minecraft:savanna 2000,5500 -10000,-3500 -1900,300 -3750,500 10000,10000 -7666,-5666 0
row.1726 minecraft:savanna_plateau 2000,5500 -10000,-3500 300,10000 -3750,-2225 0,0 -7666,-5666 0
row.1727 minecraft:savanna_plateau 2000,5500 -10000,-3500 300,10000 -3750,-2225 10000,10000 -7666,-5666 0
row.1728 minecraft:savanna 2000,5500 -10000,-3500 300,3000 -2225,500 0,0 -7666,-5666 0
row.1729 minecraft:savanna 2000,5500 -10000,-3500 300,3000 -2225,500 10000,10000 -7666,-5666 0
row.1730 minecraft:savanna_plateau 2000,5500 -10000,-3500 3000,10000 -2225,500 0,0 -7666,-5666 0
row.1731 minecraft:savanna_plateau 2000,5500 -10000,-3500 3000,10000 -2225,500 10000,10000 -7666,-5666 0
row.1732 minecraft:savanna 2000,5500 -10000,-3500 -1900,10000 500,4500 0,0 -7666,-5666 0
row.1733 minecraft:savanna 2000,5500 -10000,-3500 -1900,10000 500,4500 10000,10000 -7666,-5666 0
row.1734 minecraft:savanna 2000,5500 -10000,-3500 -1900,300 4500,5500 0,0 -7666,-5666 0
row.1735 minecraft:savanna 2000,5500 -10000,-3500 -1900,300 4500,5500 10000,10000 -7666,-5666 0
row.1736 minecraft:savanna 2000,5500 -10000,-3500 300,10000 4500,5500 0,0 -7666,-5666 0
row.1737 minecraft:savanna 2000,5500 -10000,-3500 300,10000 4500,5500 10000,10000 -7666,-5666 0
row.1738 minecraft:savanna 2000,5500 -10000,-3500 -1900,10000 5500,10000 0,0 -7666,-5666 0
row.1739 minecraft:savanna 2000,5500 -10000,-3500 -1900,10000 5500,10000 10000,10000 -7666,-5666 0
row.1740 minecraft:stony_peaks 2000,5500 -3500,-1000 -1900,10000 -10000,-7799 0,0 -7666,-5666 0
row.1741 minecraft:stony_peaks 2000,5500 -3500,-1000 -1900,10000 -10000,-7799 10000,10000 -7666,-5666 0
row.1742 minecraft:savanna 2000,5500 -3500,-1000 -1900,300 -7799,-3750 0,0 -7666,-5666 0
row.1743 minecraft:savanna 2000,5500 -3500,-1000 -1900,300 -7799,-3750 10000,10000 -7666,-5666 0
row.1744 minecraft:stony_peaks 2000,5500 -3500,-1000 300,10000 -7799,-3750 0,0 -7666,-5666 0
row.1745 minecraft:stony_peaks 2000,5500 -3500,-1000 300,10000 -7799,-3750 10000,10000 -7666,-5666 0
row.1746 minecraft:savanna 2000,5500 -3500,-1000 -1900,300 -3750,500 0,0 -7666,-5666 0
row.1747 minecraft:savanna 2000,5500 -3500,-1000 -1900,300 -3750,500 10000,10000 -7666,-5666 0
row.1748 minecraft:savanna_plateau 2000,5500 -3500,-1000 300,10000 -3750,-2225 0,0 -7666,-5666 0
row.1749 minecraft:savanna_plateau 2000,5500 -3500,-1000 300,10000 -3750,-2225 10000,10000 -7666,-5666 0
row.1750 minecraft:savanna 2000,5500 -3500,-1000 300,3000 -2225,500 0,0 -7666,-5666 0
row.1751 minecraft:savanna 2000,5500 -3500,-1000 300,3000 -2225,500 10000,10000 -7666,-5666 0
row.1752 minecraft:savanna_plateau 2000,5500 -3500,-1000 3000,10000 -2225,500 0,0 -7666,-5666 0
row.1753 minecraft:savanna_plateau 2000,5500 -3500,-1000 3000,10000 -2225,500 10000,10000 -7666,-5666 0
row.1754 minecraft:savanna 2000,5500 -3500,-1000 -1900,10000 500,4500 0,0 -7666,-5666 0
row.1755 minecraft:savanna 2000,5500 -3500,-1000 -1900,10000 500,4500 10000,10000 -7666,-5666 0
row.1756 minecraft:savanna 2000,5500 -3500,-1000 -1900,300 4500,5500 0,0 -7666,-5666 0
row.1757 minecraft:savanna 2000,5500 -3500,-1000 -1900,300 4500,5500 10000,10000 -7666,-5666 0
row.1758 minecraft:savanna 2000,5500 -3500,-1000 300,10000 4500,5500 0,0 -7666,-5666 0
row.1759 minecraft:savanna 2000,5500 -3500,-1000 300,10000 4500,5500 10000,10000 -7666,-5666 0
row.1760 minecraft:savanna 2000,5500 -3500,-1000 -1900,10000 5500,10000 0,0 -7666,-5666 0
row.1761 minecraft:savanna 2000,5500 -3500,-1000 -1900,10000 5500,10000 10000,10000 -7666,-5666 0
row.1762 minecraft:stony_peaks 2000,5500 -1000,1000 -1900,10000 -10000,-7799 0,0 -7666,-5666 0
row.1763 minecraft:stony_peaks 2000,5500 -1000,1000 -1900,10000 -10000,-7799 10000,10000 -7666,-5666 0
row.1764 minecraft:forest 2000,5500 -1000,1000 -1900,300 -7799,-3750 0,0 -7666,-5666 0
row.1765 minecraft:forest 2000,5500 -1000,1000 -1900,300 -7799,-3750 10000,10000 -7666,-5666 0
row.1766 minecraft:stony_peaks 2000,5500 -1000,1000 300,10000 -7799,-3750 0,0 -7666,-5666 0
row.1767 minecraft:stony_peaks 2000,5500 -1000,1000 300,10000 -7799,-3750 10000,10000 -7666,-5666 0
row.1768 minecraft:forest 2000,5500 -1000,1000 -1900,300 -3750,500 0,0 -7666,-5666 0
row.1769 minecraft:forest 2000,5500 -1000,1000 -1900,300 -3750,500 10000,10000 -7666,-5666 0
row.1770 minecraft:forest 2000,5500 -1000,1000 300,10000 -3750,-2225 0,0 -7666,-5666 0
row.1771 minecraft:forest 2000,5500 -1000,1000 300,10000 -3750,-2225 10000,10000 -7666,-5666 0
row.1772 minecraft:forest 2000,5500 -1000,1000 300,3000 -2225,500 0,0 -7666,-5666 0
row.1773 minecraft:forest 2000,5500 -1000,1000 300,3000 -2225,500 10000,10000 -7666,-5666 0
row.1774 minecraft:forest 2000,5500 -1000,1000 3000,10000 -2225,500 0,0 -7666,-5666 0
row.1775 minecraft:forest 2000,5500 -1000,1000 3000,10000 -2225,500 10000,10000 -7666,-5666 0
row.1776 minecraft:forest 2000,5500 -1000,1000 -1900,10000 500,4500 0,0 -7666,-5666 0
row.1777 minecraft:forest 2000,5500 -1000,1000 -1900,10000 500,4500 10000,10000 -7666,-5666 0
row.1778 minecraft:forest 2000,5500 -1000,1000 -1900,300 4500,5500 0,0 -7666,-5666 0
row.1779 minecraft:forest 2000,5500 -1000,1000 -1900,300 4500,5500 10000,10000 -7666,-5666 0
row.1780 minecraft:forest 2000,5500 -1000,1000 300,10000 4500,5500 0,0 -7666,-5666 0
row.1781 minecraft:forest 2000,5500 -1000,1000 300,10000 4500,5500 10000,10000 -7666,-5666 0
row.1782 minecraft:forest 2000,5500 -1000,1000 -1900,10000 5500,10000 0,0 -7666,-5666 0
row.1783 minecraft:forest 2000,5500 -1000,1000 -1900,10000 5500,10000 10000,10000 -7666,-5666 0
row.1784 minecraft:stony_peaks 2000,5500 1000,3000 -1900,10000 -10000,-7799 0,0 -7666,-5666 0
row.1785 minecraft:stony_peaks 2000,5500 1000,3000 -1900,10000 -10000,-7799 10000,10000 -7666,-5666 0
row.1786 minecraft:jungle 2000,5500 1000,3000 -1900,300 -7799,-3750 0,0 -7666,-5666 0
row.1787 minecraft:jungle 2000,5500 1000,3000 -1900,300 -7799,-3750 10000,10000 -7666,-5666 0
row.1788 minecraft:stony_peaks 2000,5500 1000,3000 300,10000 -7799,-3750 0,0 -7666,-5666 0
row.1789 minecraft:stony_peaks 2000,5500 1000,3000 300,10000 -7799,-3750 10000,10000 -7666,-5666 0
row.1790 minecraft:jungle 2000,5500 1000,3000 -1900,300 -3750,500 0,0 -7666,-5666 0
row.1791 minecraft:jungle 2000,5500 1000,3000 -1900,300 -3750,500 10000,10000 -7666,-5666 0
row.1792 minecraft:forest 2000,5500 1000,3000 300,10000 -3750,-2225 0,0 -7666,-5666 0
row.1793 minecraft:forest 2000,5500 1000,3000 300,10000 -3750,-2225 10000,10000 -7666,-5666 0
row.1794 minecraft:jungle 2000,5500 1000,3000 300,3000 -2225,500 0,0 -7666,-5666 0
row.1795 minecraft:jungle 2000,5500 1000,3000 300,3000 -2225,500 10000,10000 -7666,-5666 0
row.1796 minecraft:forest 2000,5500 1000,3000 3000,10000 -2225,500 0,0 -7666,-5666 0
row.1797 minecraft:forest 2000,5500 1000,3000 3000,10000 -2225,500 10000,10000 -7666,-5666 0
row.1798 minecraft:jungle 2000,5500 1000,3000 -1900,10000 500,4500 0,0 -7666,-5666 0
row.1799 minecraft:jungle 2000,5500 1000,3000 -1900,10000 500,4500 10000,10000 -7666,-5666 0
row.1800 minecraft:jungle 2000,5500 1000,3000 -1900,300 4500,5500 0,0 -7666,-5666 0
row.1801 minecraft:jungle 2000,5500 1000,3000 -1900,300 4500,5500 10000,10000 -7666,-5666 0
row.1802 minecraft:jungle 2000,5500 1000,3000 300,10000 4500,5500 0,0 -7666,-5666 0
row.1803 minecraft:jungle 2000,5500 1000,3000 300,10000 4500,5500 10000,10000 -7666,-5666 0
row.1804 minecraft:jungle 2000,5500 1000,3000 -1900,10000 5500,10000 0,0 -7666,-5666 0
row.1805 minecraft:jungle 2000,5500 1000,3000 -1900,10000 5500,10000 10000,10000 -7666,-5666 0
row.1806 minecraft:stony_peaks 2000,5500 3000,10000 -1900,10000 -10000,-7799 0,0 -7666,-5666 0
row.1807 minecraft:stony_peaks 2000,5500 3000,10000 -1900,10000 -10000,-7799 10000,10000 -7666,-5666 0
row.1808 minecraft:jungle 2000,5500 3000,10000 -1900,300 -7799,-3750 0,0 -7666,-5666 0
row.1809 minecraft:jungle 2000,5500 3000,10000 -1900,300 -7799,-3750 10000,10000 -7666,-5666 0
row.1810 minecraft:stony_peaks 2000,5500 3000,10000 300,10000 -7799,-3750 0,0 -7666,-5666 0
row.1811 minecraft:stony_peaks 2000,5500 3000,10000 300,10000 -7799,-3750 10000,10000 -7666,-5666 0
row.1812 minecraft:jungle 2000,5500 3000,10000 -1900,300 -3750,500 0,0 -7666,-5666 0
row.1813 minecraft:jungle 2000,5500 3000,10000 -1900,300 -3750,500 10000,10000 -7666,-5666 0
row.1814 minecraft:jungle 2000,5500 3000,10000 300,10000 -3750,-2225 0,0 -7666,-5666 0
row.1815 minecraft:jungle 2000,5500 3000,10000 300,10000 -3750,-2225 10000,10000 -7666,-5666 0
row.1816 minecraft:jungle 2000,5500 3000,10000 300,3000 -2225,500 0,0 -7666,-5666 0
row.1817 minecraft:jungle 2000,5500 3000,10000 300,3000 -2225,500 10000,10000 -7666,-5666 0
row.1818 minecraft:jungle 2000,5500 3000,10000 3000,10000 -2225,500 0,0 -7666,-5666 0
row.1819 minecraft:jungle 2000,5500 3000,10000 3000,10000 -2225,500 10000,10000 -7666,-5666 0
row.1820 minecraft:jungle 2000,5500 3000,10000 -1900,10000 500,4500 0,0 -7666,-5666 0
row.1821 minecraft:jungle 2000,5500 3000,10000 -1900,10000 500,4500 10000,10000 -7666,-5666 0
row.1822 minecraft:jungle 2000,5500 3000,10000 -1900,300 4500,5500 0,0 -7666,-5666 0
row.1823 minecraft:jungle 2000,5500 3000,10000 -1900,300 4500,5500 10000,10000 -7666,-5666 0
row.1824 minecraft:jungle 2000,5500 3000,10000 300,10000 4500,5500 0,0 -7666,-5666 0
row.1825 minecraft:jungle 2000,5500 3000,10000 300,10000 4500,5500 10000,10000 -7666,-5666 0
row.1826 minecraft:jungle 2000,5500 3000,10000 -1900,10000 5500,10000 0,0 -7666,-5666 0
row.1827 minecraft:jungle 2000,5500 3000,10000 -1900,10000 5500,10000 10000,10000 -7666,-5666 0
row.1828 minecraft:badlands 5500,10000 -10000,-3500 -1900,10000 -10000,-7799 0,0 -7666,-5666 0
row.1829 minecraft:badlands 5500,10000 -10000,-3500 -1900,10000 -10000,-7799 10000,10000 -7666,-5666 0
row.1830 minecraft:badlands 5500,10000 -10000,-3500 -1900,300 -7799,-3750 0,0 -7666,-5666 0
row.1831 minecraft:badlands 5500,10000 -10000,-3500 -1900,300 -7799,-3750 10000,10000 -7666,-5666 0
row.1832 minecraft:badlands 5500,10000 -10000,-3500 300,10000 -7799,-3750 0,0 -7666,-5666 0
row.1833 minecraft:badlands 5500,10000 -10000,-3500 300,10000 -7799,-3750 10000,10000 -7666,-5666 0
row.1834 minecraft:desert 5500,10000 -10000,-3500 -1900,300 -3750,500 0,0 -7666,-5666 0
row.1835 minecraft:desert 5500,10000 -10000,-3500 -1900,300 -3750,500 10000,10000 -7666,-5666 0
row.1836 minecraft:badlands 5500,10000 -10000,-3500 300,10000 -3750,-2225 0,0 -7666,-5666 0
row.1837 minecraft:badlands 5500,10000 -10000,-3500 300,10000 -3750,-2225 10000,10000 -7666,-5666 0
row.1838 minecraft:badlands 5500,10000 -10000,-3500 300,3000 -2225,500 0,0 -7666,-5666 0
row.1839 minecraft:badlands 5500,10000 -10000,-3500 300,3000 -2225,500 10000,10000 -7666,-5666 0
row.1840 minecraft:badlands 5500,10000 -10000,-3500 3000,10000 -2225,500 0,0 -7666,-5666 0
row.1841 minecraft:badlands 5500,10000 -10000,-3500 3000,10000 -2225,500 10000,10000 -7666,-5666 0
row.1842 minecraft:desert 5500,10000 -10000,-3500 -1900,10000 500,4500 0,0 -7666,-5666 0
row.1843 minecraft:desert 5500,10000 -10000,-3500 -1900,10000 500,4500 10000,10000 -7666,-5666 0
row.1844 minecraft:desert 5500,10000 -10000,-3500 -1900,300 4500,5500 0,0 -7666,-5666 0
row.1845 minecraft:desert 5500,10000 -10000,-3500 -1900,300 4500,5500 10000,10000 -7666,-5666 0
row.1846 minecraft:desert 5500,10000 -10000,-3500 300,10000 4500,5500 0,0 -7666,-5666 0
row.1847 minecraft:desert 5500,10000 -10000,-3500 300,10000 4500,5500 10000,10000 -7666,-5666 0
row.1848 minecraft:desert 5500,10000 -10000,-3500 -1900,10000 5500,10000 0,0 -7666,-5666 0
row.1849 minecraft:desert 5500,10000 -10000,-3500 -1900,10000 5500,10000 10000,10000 -7666,-5666 0
row.1850 minecraft:badlands 5500,10000 -3500,-1000 -1900,10000 -10000,-7799 0,0 -7666,-5666 0
row.1851 minecraft:badlands 5500,10000 -3500,-1000 -1900,10000 -10000,-7799 10000,10000 -7666,-5666 0
row.1852 minecraft:badlands 5500,10000 -3500,-1000 -1900,300 -7799,-3750 0,0 -7666,-5666 0
row.1853 minecraft:badlands 5500,10000 -3500,-1000 -1900,300 -7799,-3750 10000,10000 -7666,-5666 0
row.1854 minecraft:badlands 5500,10000 -3500,-1000 300,10000 -7799,-3750 0,0 -7666,-5666 0
row.1855 minecraft:badlands 5500,10000 -3500,-1000 300,10000 -7799,-3750 10000,10000 -7666,-5666 0
row.1856 minecraft:desert 5500,10000 -3500,-1000 -1900,300 -3750,500 0,0 -7666,-5666 0
row.1857 minecraft:desert 5500,10000 -3500,-1000 -1900,300 -3750,500 10000,10000 -7666,-5666 0
row.1858 minecraft:badlands 5500,10000 -3500,-1000 300,10000 -3750,-2225 0,0 -7666,-5666 0
row.1859 minecraft:badlands 5500,10000 -3500,-1000 300,10000 -3750,-2225 10000,10000 -7666,-5666 0
row.1860 minecraft:badlands 5500,10000 -3500,-1000 300,3000 -2225,500 0,0 -7666,-5666 0
row.1861 minecraft:badlands 5500,10000 -3500,-1000 300,3000 -2225,500 10000,10000 -7666,-5666 0
row.1862 minecraft:badlands 5500,10000 -3500,-1000 3000,10000 -2225,500 0,0 -7666,-5666 0
row.1863 minecraft:badlands 5500,10000 -3500,-1000 3000,10000 -2225,500 10000,10000 -7666,-5666 0
row.1864 minecraft:desert 5500,10000 -3500,-1000 -1900,10000 500,4500 0,0 -7666,-5666 0
row.1865 minecraft:desert 5500,10000 -3500,-1000 -1900,10000 500,4500 10000,10000 -7666,-5666 0
row.1866 minecraft:desert 5500,10000 -3500,-1000 -1900,300 4500,5500 0,0 -7666,-5666 0
row.1867 minecraft:desert 5500,10000 -3500,-1000 -1900,300 4500,5500 10000,10000 -7666,-5666 0
row.1868 minecraft:desert 5500,10000 -3500,-1000 300,10000 4500,5500 0,0 -7666,-5666 0
row.1869 minecraft:desert 5500,10000 -3500,-1000 300,10000 4500,5500 10000,10000 -7666,-5666 0
row.1870 minecraft:desert 5500,10000 -3500,-1000 -1900,10000 5500,10000 0,0 -7666,-5666 0
row.1871 minecraft:desert 5500,10000 -3500,-1000 -1900,10000 5500,10000 10000,10000 -7666,-5666 0
row.1872 minecraft:badlands 5500,10000 -1000,1000 -1900,10000 -10000,-7799 0,0 -7666,-5666 0
row.1873 minecraft:badlands 5500,10000 -1000,1000 -1900,10000 -10000,-7799 10000,10000 -7666,-5666 0
row.1874 minecraft:badlands 5500,10000 -1000,1000 -1900,300 -7799,-3750 0,0 -7666,-5666 0
row.1875 minecraft:badlands 5500,10000 -1000,1000 -1900,300 -7799,-3750 10000,10000 -7666,-5666 0
row.1876 minecraft:badlands 5500,10000 -1000,1000 300,10000 -7799,-3750 0,0 -7666,-5666 0
row.1877 minecraft:badlands 5500,10000 -1000,1000 300,10000 -7799,-3750 10000,10000 -7666,-5666 0
row.1878 minecraft:desert 5500,10000 -1000,1000 -1900,300 -3750,500 0,0 -7666,-5666 0
row.1879 minecraft:desert 5500,10000 -1000,1000 -1900,300 -3750,500 10000,10000 -7666,-5666 0
row.1880 minecraft:badlands 5500,10000 -1000,1000 300,10000 -3750,-2225 0,0 -7666,-5666 0
row.1881 minecraft:badlands 5500,10000 -1000,1000 300,10000 -3750,-2225 10000,10000 -7666,-5666 0
row.1882 minecraft:badlands 5500,10000 -1000,1000 300,3000 -2225,500 0,0 -7666,-5666 0
row.1883 minecraft:badlands 5500,10000 -1000,1000 300,3000 -2225,500 10000,10000 -7666,-5666 0
row.1884 minecraft:badlands 5500,10000 -1000,1000 3000,10000 -2225,500 0,0 -7666,-5666 0
row.1885 minecraft:badlands 5500,10000 -1000,1000 3000,10000 -2225,500 10000,10000 -7666,-5666 0
row.1886 minecraft:desert 5500,10000 -1000,1000 -1900,10000 500,4500 0,0 -7666,-5666 0
row.1887 minecraft:desert 5500,10000 -1000,1000 -1900,10000 500,4500 10000,10000 -7666,-5666 0
row.1888 minecraft:desert 5500,10000 -1000,1000 -1900,300 4500,5500 0,0 -7666,-5666 0
row.1889 minecraft:desert 5500,10000 -1000,1000 -1900,300 4500,5500 10000,10000 -7666,-5666 0
row.1890 minecraft:desert 5500,10000 -1000,1000 300,10000 4500,5500 0,0 -7666,-5666 0
row.1891 minecraft:desert 5500,10000 -1000,1000 300,10000 4500,5500 10000,10000 -7666,-5666 0
row.1892 minecraft:desert 5500,10000 -1000,1000 -1900,10000 5500,10000 0,0 -7666,-5666 0
row.1893 minecraft:desert 5500,10000 -1000,1000 -1900,10000 5500,10000 10000,10000 -7666,-5666 0
row.1894 minecraft:wooded_badlands 5500,10000 1000,3000 -1900,10000 -10000,-7799 0,0 -7666,-5666 0
row.1895 minecraft:wooded_badlands 5500,10000 1000,3000 -1900,10000 -10000,-7799 10000,10000 -7666,-5666 0
row.1896 minecraft:wooded_badlands 5500,10000 1000,3000 -1900,300 -7799,-3750 0,0 -7666,-5666 0
row.1897 minecraft:wooded_badlands 5500,10000 1000,3000 -1900,300 -7799,-3750 10000,10000 -7666,-5666 0
row.1898 minecraft:wooded_badlands 5500,10000 1000,3000 300,10000 -7799,-3750 0,0 -7666,-5666 0
row.1899 minecraft:wooded_badlands 5500,10000 1000,3000 300,10000 -7799,-3750 10000,10000 -7666,-5666 0
row.1900 minecraft:desert 5500,10000 1000,3000 -1900,300 -3750,500 0,0 -7666,-5666 0
row.1901 minecraft:desert 5500,10000 1000,3000 -1900,300 -3750,500 10000,10000 -7666,-5666 0
row.1902 minecraft:wooded_badlands 5500,10000 1000,3000 300,10000 -3750,-2225 0,0 -7666,-5666 0
row.1903 minecraft:wooded_badlands 5500,10000 1000,3000 300,10000 -3750,-2225 10000,10000 -7666,-5666 0
row.1904 minecraft:wooded_badlands 5500,10000 1000,3000 300,3000 -2225,500 0,0 -7666,-5666 0
row.1905 minecraft:wooded_badlands 5500,10000 1000,3000 300,3000 -2225,500 10000,10000 -7666,-5666 0
row.1906 minecraft:wooded_badlands 5500,10000 1000,3000 3000,10000 -2225,500 0,0 -7666,-5666 0
row.1907 minecraft:wooded_badlands 5500,10000 1000,3000 3000,10000 -2225,500 10000,10000 -7666,-5666 0
row.1908 minecraft:desert 5500,10000 1000,3000 -1900,10000 500,4500 0,0 -7666,-5666 0
row.1909 minecraft:desert 5500,10000 1000,3000 -1900,10000 500,4500 10000,10000 -7666,-5666 0
row.1910 minecraft:desert 5500,10000 1000,3000 -1900,300 4500,5500 0,0 -7666,-5666 0
row.1911 minecraft:desert 5500,10000 1000,3000 -1900,300 4500,5500 10000,10000 -7666,-5666 0
row.1912 minecraft:desert 5500,10000 1000,3000 300,10000 4500,5500 0,0 -7666,-5666 0
row.1913 minecraft:desert 5500,10000 1000,3000 300,10000 4500,5500 10000,10000 -7666,-5666 0
row.1914 minecraft:desert 5500,10000 1000,3000 -1900,10000 5500,10000 0,0 -7666,-5666 0
row.1915 minecraft:desert 5500,10000 1000,3000 -1900,10000 5500,10000 10000,10000 -7666,-5666 0
row.1916 minecraft:wooded_badlands 5500,10000 3000,10000 -1900,10000 -10000,-7799 0,0 -7666,-5666 0
row.1917 minecraft:wooded_badlands 5500,10000 3000,10000 -1900,10000 -10000,-7799 10000,10000 -7666,-5666 0
row.1918 minecraft:wooded_badlands 5500,10000 3000,10000 -1900,300 -7799,-3750 0,0 -7666,-5666 0
row.1919 minecraft:wooded_badlands 5500,10000 3000,10000 -1900,300 -7799,-3750 10000,10000 -7666,-5666 0
row.1920 minecraft:wooded_badlands 5500,10000 3000,10000 300,10000 -7799,-3750 0,0 -7666,-5666 0
row.1921 minecraft:wooded_badlands 5500,10000 3000,10000 300,10000 -7799,-3750 10000,10000 -7666,-5666 0
row.1922 minecraft:desert 5500,10000 3000,10000 -1900,300 -3750,500 0,0 -7666,-5666 0
row.1923 minecraft:desert 5500,10000 3000,10000 -1900,300 -3750,500 10000,10000 -7666,-5666 0
row.1924 minecraft:wooded_badlands 5500,10000 3000,10000 300,10000 -3750,-2225 0,0 -7666,-5666 0
row.1925 minecraft:wooded_badlands 5500,10000 3000,10000 300,10000 -3750,-2225 10000,10000 -7666,-5666 0
row.1926 minecraft:wooded_badlands 5500,10000 3000,10000 300,3000 -2225,500 0,0 -7666,-5666 0
row.1927 minecraft:wooded_badlands 5500,10000 3000,10000 300,3000 -2225,500 10000,10000 -7666,-5666 0
row.1928 minecraft:wooded_badlands 5500,10000 3000,10000 3000,10000 -2225,500 0,0 -7666,-5666 0
row.1929 minecraft:wooded_badlands 5500,10000 3000,10000 3000,10000 -2225,500 10000,10000 -7666,-5666 0
row.1930 minecraft:desert 5500,10000 3000,10000 -1900,10000 500,4500 0,0 -7666,-5666 0
row.1931 minecraft:desert 5500,10000 3000,10000 -1900,10000 500,4500 10000,10000 -7666,-5666 0
row.1932 minecraft:desert 5500,10000 3000,10000 -1900,300 4500,5500 0,0 -7666,-5666 0
row.1933 minecraft:desert 5500,10000 3000,10000 -1900,300 4500,5500 10000,10000 -7666,-5666 0
row.1934 minecraft:desert 5500,10000 3000,10000 300,10000 4500,5500 0,0 -7666,-5666 0
row.1935 minecraft:desert 5500,10000 3000,10000 300,10000 4500,5500 10000,10000 -7666,-5666 0
row.1936 minecraft:desert 5500,10000 3000,10000 -1900,10000 5500,10000 0,0 -7666,-5666 0
row.1937 minecraft:desert 5500,10000 3000,10000 -1900,10000 5500,10000 10000,10000 -7666,-5666 0
row.1938 minecraft:snowy_plains -10000,-4500 -10000,-3500 -1900,-1100 -10000,-3750 0,0 -5666,-4000 0
row.1939 minecraft:snowy_plains -10000,-4500 -10000,-3500 -1900,-1100 -10000,-3750 10000,10000 -5666,-4000 0
row.1940 minecraft:snowy_slopes -10000,-4500 -10000,-3500 -1100,300 -10000,-7799 0,0 -5666,-4000 0
row.1941 minecraft:snowy_slopes -10000,-4500 -10000,-3500 -1100,300 -10000,-7799 10000,10000 -5666,-4000 0
row.1942 minecraft:jagged_peaks -10000,-4500 -10000,-3500 300,10000 -10000,-7799 0,0 -5666,-4000 0
row.1943 minecraft:jagged_peaks -10000,-4500 -10000,-3500 300,10000 -10000,-7799 10000,10000 -5666,-4000 0
row.1944 minecraft:snowy_slopes -10000,-4500 -10000,-3500 -1100,300 -7799,-3750 0,0 -5666,-4000 0
row.1945 minecraft:snowy_slopes -10000,-4500 -10000,-3500 -1100,300 -7799,-3750 10000,10000 -5666,-4000 0
row.1946 minecraft:snowy_slopes -10000,-4500 -10000,-3500 300,10000 -7799,-3750 0,0 -5666,-4000 0
row.1947 minecraft:snowy_slopes -10000,-4500 -10000,-3500 300,10000 -7799,-3750 10000,10000 -5666,-4000 0
row.1948 minecraft:snowy_plains -10000,-4500 -10000,-3500 -1900,300 -3750,500 0,0 -5666,-4000 0
row.1949 minecraft:snowy_plains -10000,-4500 -10000,-3500 -1900,300 -3750,500 10000,10000 -5666,-4000 0
row.1950 minecraft:snowy_plains -10000,-4500 -10000,-3500 300,10000 -3750,-2225 0,0 -5666,-4000 0
row.1951 minecraft:snowy_plains -10000,-4500 -10000,-3500 300,10000 -3750,-2225 10000,10000 -5666,-4000 0
row.1952 minecraft:snowy_plains -10000,-4500 -10000,-3500 300,3000 -2225,500 0,0 -5666,-4000 0
row.1953 minecraft:snowy_plains -10000,-4500 -10000,-3500 300,3000 -2225,500 10000,10000 -5666,-4000 0
row.1954 minecraft:snowy_plains -10000,-4500 -10000,-3500 3000,10000 -2225,500 0,0 -5666,-4000 0
row.1955 minecraft:snowy_plains -10000,-4500 -10000,-3500 3000,10000 -2225,500 10000,10000 -5666,-4000 0
row.1956 minecraft:snowy_plains -10000,-4500 -10000,-3500 -1900,10000 500,4500 0,0 -5666,-4000 0
row.1957 minecraft:snowy_plains -10000,-4500 -10000,-3500 -1900,10000 500,4500 10000,10000 -5666,-4000 0
row.1958 minecraft:snowy_plains -10000,-4500 -10000,-3500 -1900,300 4500,5500 0,0 -5666,-4000 0
row.1959 minecraft:snowy_plains -10000,-4500 -10000,-3500 -1900,300 4500,5500 10000,10000 -5666,-4000 0
row.1960 minecraft:windswept_gravelly_hills -10000,-4500 -10000,-3500 300,10000 4500,5500 0,0 -5666,-4000 0
row.1961 minecraft:windswept_gravelly_hills -10000,-4500 -10000,-3500 300,10000 4500,5500 10000,10000 -5666,-4000 0
row.1962 minecraft:snowy_plains -10000,-4500 -10000,-3500 -1900,10000 5500,10000 0,0 -5666,-4000 0
row.1963 minecraft:snowy_plains -10000,-4500 -10000,-3500 -1900,10000 5500,10000 10000,10000 -5666,-4000 0
row.1964 minecraft:snowy_plains -10000,-4500 -3500,-1000 -1900,-1100 -10000,-3750 0,0 -5666,-4000 0
row.1965 minecraft:snowy_plains -10000,-4500 -3500,-1000 -1900,-1100 -10000,-3750 10000,10000 -5666,-4000 0
row.1966 minecraft:snowy_slopes -10000,-4500 -3500,-1000 -1100,300 -10000,-7799 0,0 -5666,-4000 0
row.1967 minecraft:snowy_slopes -10000,-4500 -3500,-1000 -1100,300 -10000,-7799 10000,10000 -5666,-4000 0
row.1968 minecraft:jagged_peaks -10000,-4500 -3500,-1000 300,10000 -10000,-7799 0,0 -5666,-4000 0
row.1969 minecraft:jagged_peaks -10000,-4500 -3500,-1000 300,10000 -10000,-7799 10000,10000 -5666,-4000 0
row.1970 minecraft:snowy_slopes -10000,-4500 -3500,-1000 -1100,300 -7799,-3750 0,0 -5666,-4000 0
row.1971 minecraft:snowy_slopes -10000,-4500 -3500,-1000 -1100,300 -7799,-3750 10000,10000 -5666,-4000 0
row.1972 minecraft:snowy_slopes -10000,-4500 -3500,-1000 300,10000 -7799,-3750 0,0 -5666,-4000 0
row.1973 minecraft:snowy_slopes -10000,-4500 -3500,-1000 300,10000 -7799,-3750 10000,10000 -5666,-4000 0
row.1974 minecraft:snowy_plains -10000,-4500 -3500,-1000 -1900,300 -3750,500 0,0 -5666,-4000 0
row.1975 minecraft:snowy_plains -10000,-4500 -3500,-1000 -1900,300 -3750,500 10000,10000 -5666,-4000 0
row.1976 minecraft:snowy_plains -10000,-4500 -3500,-1000 300,10000 -3750,-2225 0,0 -5666,-4000 0
row.1977 minecraft:snowy_plains -10000,-4500 -3500,-1000 300,10000 -3750,-2225 10000,10000 -5666,-4000 0
row.1978 minecraft:snowy_plains -10000,-4500 -3500,-1000 300,3000 -2225,500 0,0 -5666,-4000 0
row.1979 minecraft:snowy_plains -10000,-4500 -3500,-1000 300,3000 -2225,500 10000,10000 -5666,-4000 0
row.1980 minecraft:snowy_plains -10000,-4500 -3500,-1000 3000,10000 -2225,500 0,0 -5666,-4000 0
row.1981 minecraft:snowy_plains -10000,-4500 -3500,-1000 3000,10000 -2225,500 10000,10000 -5666,-4000 0
row.1982 minecraft:snowy_plains -10000,-4500 -3500,-1000 -1900,10000 500,4500 0,0 -5666,-4000 0
row.1983 minecraft:snowy_plains -10000,-4500 -3500,-1000 -1900,10000 500,4500 10000,10000 -5666,-4000 0
row.1984 minecraft:snowy_plains -10000,-4500 -3500,-1000 -1900,300 4500,5500 0,0 -5666,-4000 0
row.1985 minecraft:snowy_plains -10000,-4500 -3500,-1000 -1900,300 4500,5500 10000,10000 -5666,-4000 0
row.1986 minecraft:windswept_gravelly_hills -10000,-4500 -3500,-1000 300,10000 4500,5500 0,0 -5666,-4000 0
row.1987 minecraft:windswept_gravelly_hills -10000,-4500 -3500,-1000 300,10000 4500,5500 10000,10000 -5666,-4000 0
row.1988 minecraft:snowy_plains -10000,-4500 -3500,-1000 -1900,10000 5500,10000 0,0 -5666,-4000 0
row.1989 minecraft:snowy_plains -10000,-4500 -3500,-1000 -1900,10000 5500,10000 10000,10000 -5666,-4000 0
row.1990 minecraft:snowy_plains -10000,-4500 -1000,1000 -1900,-1100 -10000,-3750 0,0 -5666,-4000 0
row.1991 minecraft:snowy_plains -10000,-4500 -1000,1000 -1900,-1100 -10000,-3750 10000,10000 -5666,-4000 0
row.1992 minecraft:grove -10000,-4500 -1000,1000 -1100,300 -10000,-7799 0,0 -5666,-4000 0
row.1993 minecraft:grove -10000,-4500 -1000,1000 -1100,300 -10000,-7799 10000,10000 -5666,-4000 0
row.1994 minecraft:jagged_peaks -10000,-4500 -1000,1000 300,10000 -10000,-7799 0,0 -5666,-4000 0
row.1995 minecraft:jagged_peaks -10000,-4500 -1000,1000 300,10000 -10000,-7799 10000,10000 -5666,-4000 0
row.1996 minecraft:grove -10000,-4500 -1000,1000 -1100,300 -7799,-3750 0,0 -5666,-4000 0
row.1997 minecraft:grove -10000,-4500 -1000,1000 -1100,300 -7799,-3750 10000,10000 -5666,-4000 0
row.1998 minecraft:grove -10000,-4500 -1000,1000 300,10000 -7799,-3750 0,0 -5666,-4000 0
row.1999 minecraft:grove -10000,-4500 -1000,1000 300,10000 -7799,-3750 10000,10000 -5666,-4000 0
row.2000 minecraft:snowy_plains -10000,-4500 -1000,1000 -1900,300 -3750,500 0,0 -5666,-4000 0
row.2001 minecraft:snowy_plains -10000,-4500 -1000,1000 -1900,300 -3750,500 10000,10000 -5666,-4000 0
row.2002 minecraft:snowy_plains -10000,-4500 -1000,1000 300,10000 -3750,-2225 0,0 -5666,-4000 0
row.2003 minecraft:snowy_plains -10000,-4500 -1000,1000 300,10000 -3750,-2225 10000,10000 -5666,-4000 0
row.2004 minecraft:snowy_plains -10000,-4500 -1000,1000 300,3000 -2225,500 0,0 -5666,-4000 0
row.2005 minecraft:snowy_plains -10000,-4500 -1000,1000 300,3000 -2225,500 10000,10000 -5666,-4000 0
row.2006 minecraft:snowy_plains -10000,-4500 -1000,1000 3000,10000 -2225,500 0,0 -5666,-4000 0
row.2007 minecraft:snowy_plains -10000,-4500 -1000,1000 3000,10000 -2225,500 10000,10000 -5666,-4000 0
row.2008 minecraft:snowy_plains -10000,-4500 -1000,1000 -1900,10000 500,4500 0,0 -5666,-4000 0
row.2009 minecraft:snowy_plains -10000,-4500 -1000,1000 -1900,10000 500,4500 10000,10000 -5666,-4000 0
row.2010 minecraft:snowy_plains -10000,-4500 -1000,1000 -1900,300 4500,5500 0,0 -5666,-4000 0
row.2011 minecraft:snowy_plains -10000,-4500 -1000,1000 -1900,300 4500,5500 10000,10000 -5666,-4000 0
row.2012 minecraft:windswept_hills -10000,-4500 -1000,1000 300,10000 4500,5500 0,0 -5666,-4000 0
row.2013 minecraft:windswept_hills -10000,-4500 -1000,1000 300,10000 4500,5500 10000,10000 -5666,-4000 0
row.2014 minecraft:snowy_plains -10000,-4500 -1000,1000 -1900,10000 5500,10000 0,0 -5666,-4000 0
row.2015 minecraft:snowy_plains -10000,-4500 -1000,1000 -1900,10000 5500,10000 10000,10000 -5666,-4000 0
row.2016 minecraft:snowy_taiga -10000,-4500 1000,3000 -1900,-1100 -10000,-3750 0,0 -5666,-4000 0
row.2017 minecraft:snowy_taiga -10000,-4500 1000,3000 -1900,-1100 -10000,-3750 10000,10000 -5666,-4000 0
row.2018 minecraft:grove -10000,-4500 1000,3000 -1100,300 -10000,-7799 0,0 -5666,-4000 0
row.2019 minecraft:grove -10000,-4500 1000,3000 -1100,300 -10000,-7799 10000,10000 -5666,-4000 0
row.2020 minecraft:jagged_peaks -10000,-4500 1000,3000 300,10000 -10000,-7799 0,0 -5666,-4000 0
row.2021 minecraft:jagged_peaks -10000,-4500 1000,3000 300,10000 -10000,-7799 10000,10000 -5666,-4000 0
row.2022 minecraft:grove -10000,-4500 1000,3000 -1100,300 -7799,-3750 0,0 -5666,-4000 0
row.2023 minecraft:grove -10000,-4500 1000,3000 -1100,300 -7799,-3750 10000,10000 -5666,-4000 0
row.2024 minecraft:grove -10000,-4500 1000,3000 300,10000 -7799,-3750 0,0 -5666,-4000 0
row.2025 minecraft:grove -10000,-4500 1000,3000 300,10000 -7799,-3750 10000,10000 -5666,-4000 0
row.2026 minecraft:snowy_taiga -10000,-4500 1000,3000 -1900,300 -3750,500 0,0 -5666,-4000 0
row.2027 minecraft:snowy_taiga -10000,-4500 1000,3000 -1900,300 -3750,500 10000,10000 -5666,-4000 0
row.2028 minecraft:snowy_taiga -10000,-4500 1000,3000 300,10000 -3750,-2225 0,0 -5666,-4000 0
row.2029 minecraft:snowy_taiga -10000,-4500 1000,3000 300,10000 -3750,-2225 10000,10000 -5666,-4000 0
row.2030 minecraft:snowy_taiga -10000,-4500 1000,3000 300,3000 -2225,500 0,0 -5666,-4000 0
row.2031 minecraft:snowy_taiga -10000,-4500 1000,3000 300,3000 -2225,500 10000,10000 -5666,-4000 0
row.2032 minecraft:snowy_taiga -10000,-4500 1000,3000 3000,10000 -2225,500 0,0 -5666,-4000 0
row.2033 minecraft:snowy_taiga -10000,-4500 1000,3000 3000,10000 -2225,500 10000,10000 -5666,-4000 0
row.2034 minecraft:snowy_taiga -10000,-4500 1000,3000 -1900,10000 500,4500 0,0 -5666,-4000 0
row.2035 minecraft:snowy_taiga -10000,-4500 1000,3000 -1900,10000 500,4500 10000,10000 -5666,-4000 0
row.2036 minecraft:snowy_taiga -10000,-4500 1000,3000 -1900,300 4500,5500 0,0 -5666,-4000 0
row.2037 minecraft:snowy_taiga -10000,-4500 1000,3000 -1900,300 4500,5500 10000,10000 -5666,-4000 0
row.2038 minecraft:windswept_forest -10000,-4500 1000,3000 300,10000 4500,5500 0,0 -5666,-4000 0
row.2039 minecraft:windswept_forest -10000,-4500 1000,3000 300,10000 4500,5500 10000,10000 -5666,-4000 0
row.2040 minecraft:snowy_taiga -10000,-4500 1000,3000 -1900,10000 5500,10000 0,0 -5666,-4000 0
row.2041 minecraft:snowy_taiga -10000,-4500 1000,3000 -1900,10000 5500,10000 10000,10000 -5666,-4000 0
row.2042 minecraft:taiga -10000,-4500 3000,10000 -1900,-1100 -10000,-3750 0,0 -5666,-4000 0
row.2043 minecraft:taiga -10000,-4500 3000,10000 -1900,-1100 -10000,-3750 10000,10000 -5666,-4000 0
row.2044 minecraft:grove -10000,-4500 3000,10000 -1100,300 -10000,-7799 0,0 -5666,-4000 0
row.2045 minecraft:grove -10000,-4500 3000,10000 -1100,300 -10000,-7799 10000,10000 -5666,-4000 0
row.2046 minecraft:jagged_peaks -10000,-4500 3000,10000 300,10000 -10000,-7799 0,0 -5666,-4000 0
row.2047 minecraft:jagged_peaks -10000,-4500 3000,10000 300,10000 -10000,-7799 10000,10000 -5666,-4000 0
row.2048 minecraft:grove -10000,-4500 3000,10000 -1100,300 -7799,-3750 0,0 -5666,-4000 0
row.2049 minecraft:grove -10000,-4500 3000,10000 -1100,300 -7799,-3750 10000,10000 -5666,-4000 0
row.2050 minecraft:grove -10000,-4500 3000,10000 300,10000 -7799,-3750 0,0 -5666,-4000 0
row.2051 minecraft:grove -10000,-4500 3000,10000 300,10000 -7799,-3750 10000,10000 -5666,-4000 0
row.2052 minecraft:taiga -10000,-4500 3000,10000 -1900,300 -3750,500 0,0 -5666,-4000 0
row.2053 minecraft:taiga -10000,-4500 3000,10000 -1900,300 -3750,500 10000,10000 -5666,-4000 0
row.2054 minecraft:snowy_taiga -10000,-4500 3000,10000 300,10000 -3750,-2225 0,0 -5666,-4000 0
row.2055 minecraft:snowy_taiga -10000,-4500 3000,10000 300,10000 -3750,-2225 10000,10000 -5666,-4000 0
row.2056 minecraft:taiga -10000,-4500 3000,10000 300,3000 -2225,500 0,0 -5666,-4000 0
row.2057 minecraft:taiga -10000,-4500 3000,10000 300,3000 -2225,500 10000,10000 -5666,-4000 0
row.2058 minecraft:snowy_taiga -10000,-4500 3000,10000 3000,10000 -2225,500 0,0 -5666,-4000 0
row.2059 minecraft:snowy_taiga -10000,-4500 3000,10000 3000,10000 -2225,500 10000,10000 -5666,-4000 0
row.2060 minecraft:taiga -10000,-4500 3000,10000 -1900,10000 500,4500 0,0 -5666,-4000 0
row.2061 minecraft:taiga -10000,-4500 3000,10000 -1900,10000 500,4500 10000,10000 -5666,-4000 0
row.2062 minecraft:taiga -10000,-4500 3000,10000 -1900,300 4500,5500 0,0 -5666,-4000 0
row.2063 minecraft:taiga -10000,-4500 3000,10000 -1900,300 4500,5500 10000,10000 -5666,-4000 0
row.2064 minecraft:windswept_forest -10000,-4500 3000,10000 300,10000 4500,5500 0,0 -5666,-4000 0
row.2065 minecraft:windswept_forest -10000,-4500 3000,10000 300,10000 4500,5500 10000,10000 -5666,-4000 0
row.2066 minecraft:taiga -10000,-4500 3000,10000 -1900,10000 5500,10000 0,0 -5666,-4000 0
row.2067 minecraft:taiga -10000,-4500 3000,10000 -1900,10000 5500,10000 10000,10000 -5666,-4000 0
row.2068 minecraft:plains -4500,-1500 -10000,-3500 -1900,-1100 -10000,-3750 0,0 -5666,-4000 0
row.2069 minecraft:plains -4500,-1500 -10000,-3500 -1900,-1100 -10000,-3750 10000,10000 -5666,-4000 0
row.2070 minecraft:snowy_slopes -4500,-1500 -10000,-3500 -1100,300 -10000,-7799 0,0 -5666,-4000 0
row.2071 minecraft:snowy_slopes -4500,-1500 -10000,-3500 -1100,300 -10000,-7799 10000,10000 -5666,-4000 0
row.2072 minecraft:jagged_peaks -4500,-1500 -10000,-3500 300,10000 -10000,-7799 0,0 -5666,-4000 0
row.2073 minecraft:jagged_peaks -4500,-1500 -10000,-3500 300,10000 -10000,-7799 10000,10000 -5666,-4000 0
row.2074 minecraft:plains -4500,-1500 -10000,-3500 -1100,300 -7799,-3750 0,0 -5666,-4000 0
row.2075 minecraft:plains -4500,-1500 -10000,-3500 -1100,300 -7799,-3750 10000,10000 -5666,-4000 0
row.2076 minecraft:snowy_slopes -4500,-1500 -10000,-3500 300,10000 -7799,-3750 0,0 -5666,-4000 0
row.2077 minecraft:snowy_slopes -4500,-1500 -10000,-3500 300,10000 -7799,-3750 10000,10000 -5666,-4000 0
row.2078 minecraft:plains -4500,-1500 -10000,-3500 -1900,300 -3750,500 0,0 -5666,-4000 0
row.2079 minecraft:plains -4500,-1500 -10000,-3500 -1900,300 -3750,500 10000,10000 -5666,-4000 0
row.2080 minecraft:meadow -4500,-1500 -10000,-3500 300,10000 -3750,-2225 0,0 -5666,-4000 0
row.2081 minecraft:meadow -4500,-1500 -10000,-3500 300,10000 -3750,-2225 10000,10000 -5666,-4000 0
row.2082 minecraft:plains -4500,-1500 -10000,-3500 300,3000 -2225,500 0,0 -5666,-4000 0
row.2083 minecraft:plains -4500,-1500 -10000,-3500 300,3000 -2225,500 10000,10000 -5666,-4000 0
row.2084 minecraft:meadow -4500,-1500 -10000,-3500 3000,10000 -2225,500 0,0 -5666,-4000 0
row.2085 minecraft:meadow -4500,-1500 -10000,-3500 3000,10000 -2225,500 10000,10000 -5666,-4000 0
row.2086 minecraft:plains -4500,-1500 -10000,-3500 -1900,10000 500,4500 0,0 -5666,-4000 0
row.2087 minecraft:plains -4500,-1500 -10000,-3500 -1900,10000 500,4500 10000,10000 -5666,-4000 0
row.2088 minecraft:plains -4500,-1500 -10000,-3500 -1900,300 4500,5500 0,0 -5666,-4000 0
row.2089 minecraft:plains -4500,-1500 -10000,-3500 -1900,300 4500,5500 10000,10000 -5666,-4000 0
row.2090 minecraft:windswept_gravelly_hills -4500,-1500 -10000,-3500 300,10000 4500,5500 0,0 -5666,-4000 0
row.2091 minecraft:windswept_gravelly_hills -4500,-1500 -10000,-3500 300,10000 4500,5500 10000,10000 -5666,-4000 0
row.2092 minecraft:plains -4500,-1500 -10000,-3500 -1900,10000 5500,10000 0,0 -5666,-4000 0
row.2093 minecraft:plains -4500,-1500 -10000,-3500 -1900,10000 5500,10000 10000,10000 -5666,-4000 0
row.2094 minecraft:plains -4500,-1500 -3500,-1000 -1900,-1100 -10000,-3750 0,0 -5666,-4000 0
row.2095 minecraft:plains -4500,-1500 -3500,-1000 -1900,-1100 -10000,-3750 10000,10000 -5666,-4000 0
row.2096 minecraft:snowy_slopes -4500,-1500 -3500,-1000 -1100,300 -10000,-7799 0,0 -5666,-4000 0
row.2097 minecraft:snowy_slopes -4500,-1500 -3500,-1000 -1100,300 -10000,-7799 10000,10000 -5666,-4000 0
row.2098 minecraft:jagged_peaks -4500,-1500 -3500,-1000 300,10000 -10000,-7799 0,0 -5666,-4000 0
row.2099 minecraft:jagged_peaks -4500,-1500 -3500,-1000 300,10000 -10000,-7799 10000,10000 -5666,-4000 0
row.2100 minecraft:plains -4500,-1500 -3500,-1000 -1100,300 -7799,-3750 0,0 -5666,-4000 0
row.2101 minecraft:plains -4500,-1500 -3500,-1000 -1100,300 -7799,-3750 10000,10000 -5666,-4000 0
row.2102 minecraft:snowy_slopes -4500,-1500 -3500,-1000 300,10000 -7799,-3750 0,0 -5666,-4000 0
row.2103 minecraft:snowy_slopes -4500,-1500 -3500,-1000 300,10000 -7799,-3750 10000,10000 -5666,-4000 0
row.2104 minecraft:plains -4500,-1500 -3500,-1000 -1900,300 -3750,500 0,0 -5666,-4000 0
row.2105 minecraft:plains -4500,-1500 -3500,-1000 -1900,300 -3750,500 10000,10000 -5666,-4000 0
row.2106 minecraft:meadow -4500,-1500 -3500,-1000 300,10000 -3750,-2225 0,0 -5666,-4000 0
row.2107 minecraft:meadow -4500,-1500 -3500,-1000 300,10000 -3750,-2225 10000,10000 -5666,-4000 0
row.2108 minecraft:plains -4500,-1500 -3500,-1000 300,3000 -2225,500 0,0 -5666,-4000 0
row.2109 minecraft:plains -4500,-1500 -3500,-1000 300,3000 -2225,500 10000,10000 -5666,-4000 0
row.2110 minecraft:meadow -4500,-1500 -3500,-1000 3000,10000 -2225,500 0,0 -5666,-4000 0
row.2111 minecraft:meadow -4500,-1500 -3500,-1000 3000,10000 -2225,500 10000,10000 -5666,-4000 0
row.2112 minecraft:plains -4500,-1500 -3500,-1000 -1900,10000 500,4500 0,0 -5666,-4000 0
row.2113 minecraft:plains -4500,-1500 -3500,-1000 -1900,10000 500,4500 10000,10000 -5666,-4000 0
row.2114 minecraft:plains -4500,-1500 -3500,-1000 -1900,300 4500,5500 0,0 -5666,-4000 0
row.2115 minecraft:plains -4500,-1500 -3500,-1000 -1900,300 4500,5500 10000,10000 -5666,-4000 0
row.2116 minecraft:windswept_gravelly_hills -4500,-1500 -3500,-1000 300,10000 4500,5500 0,0 -5666,-4000 0
row.2117 minecraft:windswept_gravelly_hills -4500,-1500 -3500,-1000 300,10000 4500,5500 10000,10000 -5666,-4000 0
row.2118 minecraft:plains -4500,-1500 -3500,-1000 -1900,10000 5500,10000 0,0 -5666,-4000 0
row.2119 minecraft:plains -4500,-1500 -3500,-1000 -1900,10000 5500,10000 10000,10000 -5666,-4000 0
row.2120 minecraft:forest -4500,-1500 -1000,1000 -1900,-1100 -10000,-3750 0,0 -5666,-4000 0
row.2121 minecraft:forest -4500,-1500 -1000,1000 -1900,-1100 -10000,-3750 10000,10000 -5666,-4000 0
row.2122 minecraft:grove -4500,-1500 -1000,1000 -1100,300 -10000,-7799 0,0 -5666,-4000 0
row.2123 minecraft:grove -4500,-1500 -1000,1000 -1100,300 -10000,-7799 10000,10000 -5666,-4000 0
row.2124 minecraft:jagged_peaks -4500,-1500 -1000,1000 300,10000 -10000,-7799 0,0 -5666,-4000 0
row.2125 minecraft:jagged_peaks -4500,-1500 -1000,1000 300,10000 -10000,-7799 10000,10000 -5666,-4000 0
row.2126 minecraft:forest -4500,-1500 -1000,1000 -1100,300 -7799,-3750 0,0 -5666,-4000 0
row.2127 minecraft:forest -4500,-1500 -1000,1000 -1100,300 -7799,-3750 10000,10000 -5666,-4000 0
row.2128 minecraft:grove -4500,-1500 -1000,1000 300,10000 -7799,-3750 0,0 -5666,-4000 0
row.2129 minecraft:grove -4500,-1500 -1000,1000 300,10000 -7799,-3750 10000,10000 -5666,-4000 0
row.2130 minecraft:forest -4500,-1500 -1000,1000 -1900,300 -3750,500 0,0 -5666,-4000 0
row.2131 minecraft:forest -4500,-1500 -1000,1000 -1900,300 -3750,500 10000,10000 -5666,-4000 0
row.2132 minecraft:forest -4500,-1500 -1000,1000 300,10000 -3750,-2225 0,0 -5666,-4000 0
row.2133 minecraft:forest -4500,-1500 -1000,1000 300,10000 -3750,-2225 10000,10000 -5666,-4000 0
row.2134 minecraft:forest -4500,-1500 -1000,1000 300,3000 -2225,500 0,0 -5666,-4000 0
row.2135 minecraft:forest -4500,-1500 -1000,1000 300,3000 -2225,500 10000,10000 -5666,-4000 0
row.2136 minecraft:forest -4500,-1500 -1000,1000 3000,10000 -2225,500 0,0 -5666,-4000 0
row.2137 minecraft:forest -4500,-1500 -1000,1000 3000,10000 -2225,500 10000,10000 -5666,-4000 0
row.2138 minecraft:forest -4500,-1500 -1000,1000 -1900,10000 500,4500 0,0 -5666,-4000 0
row.2139 minecraft:forest -4500,-1500 -1000,1000 -1900,10000 500,4500 10000,10000 -5666,-4000 0
row.2140 minecraft:forest -4500,-1500 -1000,1000 -1900,300 4500,5500 0,0 -5666,-4000 0
row.2141 minecraft:forest -4500,-1500 -1000,1000 -1900,300 4500,5500 10000,10000 -5666,-4000 0
row.2142 minecraft:windswept_hills -4500,-1500 -1000,1000 300,10000 4500,5500 0,0 -5666,-4000 0
row.2143 minecraft:windswept_hills -4500,-1500 -1000,1000 300,10000 4500,5500 10000,10000 -5666,-4000 0
row.2144 minecraft:forest -4500,-1500 -1000,1000 -1900,10000 5500,10000 0,0 -5666,-4000 0
row.2145 minecraft:forest -4500,-1500 -1000,1000 -1900,10000 5500,10000 10000,10000 -5666,-4000 0
row.2146 minecraft:taiga -4500,-1500 1000,3000 -1900,-1100 -10000,-3750 0,0 -5666,-4000 0
row.2147 minecraft:taiga -4500,-1500 1000,3000 -1900,-1100 -10000,-3750 10000,10000 -5666,-4000 0
row.2148 minecraft:grove -4500,-1500 1000,3000 -1100,300 -10000,-7799 0,0 -5666,-4000 0
row.2149 minecraft:grove -4500,-1500 1000,3000 -1100,300 -10000,-7799 10000,10000 -5666,-4000 0
row.2150 minecraft:jagged_peaks -4500,-1500 1000,3000 300,10000 -10000,-7799 0,0 -5666,-4000 0
row.2151 minecraft:jagged_peaks -4500,-1500 1000,3000 300,10000 -10000,-7799 10000,10000 -5666,-4000 0
row.2152 minecraft:taiga -4500,-1500 1000,3000 -1100,300 -7799,-3750 0,0 -5666,-4000 0
row.2153 minecraft:taiga -4500,-1500 1000,3000 -1100,300 -7799,-3750 10000,10000 -5666,-4000 0
row.2154 minecraft:grove -4500,-1500 1000,3000 300,10000 -7799,-3750 0,0 -5666,-4000 0
row.2155 minecraft:grove -4500,-1500 1000,3000 300,10000 -7799,-3750 10000,10000 -5666,-4000 0
row.2156 minecraft:taiga -4500,-1500 1000,3000 -1900,300 -3750,500 0,0 -5666,-4000 0
row.2157 minecraft:taiga -4500,-1500 1000,3000 -1900,300 -3750,500 10000,10000 -5666,-4000 0
row.2158 minecraft:taiga -4500,-1500 1000,3000 300,10000 -3750,-2225 0,0 -5666,-4000 0
row.2159 minecraft:taiga -4500,-1500 1000,3000 300,10000 -3750,-2225 10000,10000 -5666,-4000 0
row.2160 minecraft:taiga -4500,-1500 1000,3000 300,3000 -2225,500 0,0 -5666,-4000 0
row.2161 minecraft:taiga -4500,-1500 1000,3000 300,3000 -2225,500 10000,10000 -5666,-4000 0
row.2162 minecraft:taiga -4500,-1500 1000,3000 3000,10000 -2225,500 0,0 -5666,-4000 0
row.2163 minecraft:taiga -4500,-1500 1000,3000 3000,10000 -2225,500 10000,10000 -5666,-4000 0
row.2164 minecraft:taiga -4500,-1500 1000,3000 -1900,10000 500,4500 0,0 -5666,-4000 0
row.2165 minecraft:taiga -4500,-1500 1000,3000 -1900,10000 500,4500 10000,10000 -5666,-4000 0
row.2166 minecraft:taiga -4500,-1500 1000,3000 -1900,300 4500,5500 0,0 -5666,-4000 0
row.2167 minecraft:taiga -4500,-1500 1000,3000 -1900,300 4500,5500 10000,10000 -5666,-4000 0
row.2168 minecraft:windswept_forest -4500,-1500 1000,3000 300,10000 4500,5500 0,0 -5666,-4000 0
row.2169 minecraft:windswept_forest -4500,-1500 1000,3000 300,10000 4500,5500 10000,10000 -5666,-4000 0
row.2170 minecraft:taiga -4500,-1500 1000,3000 -1900,10000 5500,10000 0,0 -5666,-4000 0
row.2171 minecraft:taiga -4500,-1500 1000,3000 -1900,10000 5500,10000 10000,10000 -5666,-4000 0
row.2172 minecraft:old_growth_spruce_taiga -4500,-1500 3000,10000 -1900,-1100 -10000,-3750 0,0 -5666,-4000 0
row.2173 minecraft:old_growth_spruce_taiga -4500,-1500 3000,10000 -1900,-1100 -10000,-3750 10000,10000 -5666,-4000 0
row.2174 minecraft:grove -4500,-1500 3000,10000 -1100,300 -10000,-7799 0,0 -5666,-4000 0
row.2175 minecraft:grove -4500,-1500 3000,10000 -1100,300 -10000,-7799 10000,10000 -5666,-4000 0
row.2176 minecraft:jagged_peaks -4500,-1500 3000,10000 300,10000 -10000,-7799 0,0 -5666,-4000 0
row.2177 minecraft:jagged_peaks -4500,-1500 3000,10000 300,10000 -10000,-7799 10000,10000 -5666,-4000 0
row.2178 minecraft:old_growth_spruce_taiga -4500,-1500 3000,10000 -1100,300 -7799,-3750 0,0 -5666,-4000 0
row.2179 minecraft:old_growth_spruce_taiga -4500,-1500 3000,10000 -1100,300 -7799,-3750 10000,10000 -5666,-4000 0
row.2180 minecraft:grove -4500,-1500 3000,10000 300,10000 -7799,-3750 0,0 -5666,-4000 0
row.2181 minecraft:grove -4500,-1500 3000,10000 300,10000 -7799,-3750 10000,10000 -5666,-4000 0
row.2182 minecraft:old_growth_spruce_taiga -4500,-1500 3000,10000 -1900,300 -3750,500 0,0 -5666,-4000 0
row.2183 minecraft:old_growth_spruce_taiga -4500,-1500 3000,10000 -1900,300 -3750,500 10000,10000 -5666,-4000 0
row.2184 minecraft:old_growth_spruce_taiga -4500,-1500 3000,10000 300,10000 -3750,-2225 0,0 -5666,-4000 0
row.2185 minecraft:old_growth_spruce_taiga -4500,-1500 3000,10000 300,10000 -3750,-2225 10000,10000 -5666,-4000 0
row.2186 minecraft:old_growth_spruce_taiga -4500,-1500 3000,10000 300,3000 -2225,500 0,0 -5666,-4000 0
row.2187 minecraft:old_growth_spruce_taiga -4500,-1500 3000,10000 300,3000 -2225,500 10000,10000 -5666,-4000 0
row.2188 minecraft:old_growth_spruce_taiga -4500,-1500 3000,10000 3000,10000 -2225,500 0,0 -5666,-4000 0
row.2189 minecraft:old_growth_spruce_taiga -4500,-1500 3000,10000 3000,10000 -2225,500 10000,10000 -5666,-4000 0
row.2190 minecraft:old_growth_spruce_taiga -4500,-1500 3000,10000 -1900,10000 500,4500 0,0 -5666,-4000 0
row.2191 minecraft:old_growth_spruce_taiga -4500,-1500 3000,10000 -1900,10000 500,4500 10000,10000 -5666,-4000 0
row.2192 minecraft:old_growth_spruce_taiga -4500,-1500 3000,10000 -1900,300 4500,5500 0,0 -5666,-4000 0
row.2193 minecraft:old_growth_spruce_taiga -4500,-1500 3000,10000 -1900,300 4500,5500 10000,10000 -5666,-4000 0
row.2194 minecraft:windswept_forest -4500,-1500 3000,10000 300,10000 4500,5500 0,0 -5666,-4000 0
row.2195 minecraft:windswept_forest -4500,-1500 3000,10000 300,10000 4500,5500 10000,10000 -5666,-4000 0
row.2196 minecraft:old_growth_spruce_taiga -4500,-1500 3000,10000 -1900,10000 5500,10000 0,0 -5666,-4000 0
row.2197 minecraft:old_growth_spruce_taiga -4500,-1500 3000,10000 -1900,10000 5500,10000 10000,10000 -5666,-4000 0
row.2198 minecraft:flower_forest -1500,2000 -10000,-3500 -1900,-1100 -10000,-3750 0,0 -5666,-4000 0
row.2199 minecraft:flower_forest -1500,2000 -10000,-3500 -1900,-1100 -10000,-3750 10000,10000 -5666,-4000 0
row.2200 minecraft:snowy_slopes -1500,2000 -10000,-3500 -1100,300 -10000,-7799 0,0 -5666,-4000 0
row.2201 minecraft:snowy_slopes -1500,2000 -10000,-3500 -1100,300 -10000,-7799 10000,10000 -5666,-4000 0
row.2202 minecraft:jagged_peaks -1500,2000 -10000,-3500 300,10000 -10000,-7799 0,0 -5666,-4000 0
row.2203 minecraft:jagged_peaks -1500,2000 -10000,-3500 300,10000 -10000,-7799 10000,10000 -5666,-4000 0
row.2204 minecraft:flower_forest -1500,2000 -10000,-3500 -1100,300 -7799,-3750 0,0 -5666,-4000 0
row.2205 minecraft:flower_forest -1500,2000 -10000,-3500 -1100,300 -7799,-3750 10000,10000 -5666,-4000 0
row.2206 minecraft:snowy_slopes -1500,2000 -10000,-3500 300,10000 -7799,-3750 0,0 -5666,-4000 0
row.2207 minecraft:snowy_slopes -1500,2000 -10000,-3500 300,10000 -7799,-3750 10000,10000 -5666,-4000 0
row.2208 minecraft:flower_forest -1500,2000 -10000,-3500 -1900,300 -3750,500 0,0 -5666,-4000 0
row.2209 minecraft:flower_forest -1500,2000 -10000,-3500 -1900,300 -3750,500 10000,10000 -5666,-4000 0
row.2210 minecraft:meadow -1500,2000 -10000,-3500 300,10000 -3750,-2225 0,0 -5666,-4000 0
row.2211 minecraft:meadow -1500,2000 -10000,-3500 300,10000 -3750,-2225 10000,10000 -5666,-4000 0
row.2212 minecraft:flower_forest -1500,2000 -10000,-3500 300,3000 -2225,500 0,0 -5666,-4000 0
row.2213 minecraft:flower_forest -1500,2000 -10000,-3500 300,3000 -2225,500 10000,10000 -5666,-4000 0
row.2214 minecraft:meadow -1500,2000 -10000,-3500 3000,10000 -2225,500 0,0 -5666,-4000 0
row.2215 minecraft:meadow -1500,2000 -10000,-3500 3000,10000 -2225,500 10000,10000 -5666,-4000 0
row.2216 minecraft:flower_forest -1500,2000 -10000,-3500 -1900,10000 500,4500 0,0 -5666,-4000 0
row.2217 minecraft:flower_forest -1500,2000 -10000,-3500 -1900,10000 500,4500 10000,10000 -5666,-4000 0
row.2218 minecraft:flower_forest -1500,2000 -10000,-3500 -1900,300 4500,5500 0,0 -5666,-4000 0
row.2219 minecraft:flower_forest -1500,2000 -10000,-3500 -1900,300 4500,5500 10000,10000 -5666,-4000 0
row.2220 minecraft:windswept_hills -1500,2000 -10000,-3500 300,10000 4500,5500 0,0 -5666,-4000 0
row.2221 minecraft:windswept_hills -1500,2000 -10000,-3500 300,10000 4500,5500 10000,10000 -5666,-4000 0
row.2222 minecraft:flower_forest -1500,2000 -10000,-3500 -1900,10000 5500,10000 0,0 -5666,-4000 0
row.2223 minecraft:flower_forest -1500,2000 -10000,-3500 -1900,10000 5500,10000 10000,10000 -5666,-4000 0
row.2224 minecraft:plains -1500,2000 -3500,-1000 -1900,-1100 -10000,-3750 0,0 -5666,-4000 0
row.2225 minecraft:plains -1500,2000 -3500,-1000 -1900,-1100 -10000,-3750 10000,10000 -5666,-4000 0
row.2226 minecraft:snowy_slopes -1500,2000 -3500,-1000 -1100,300 -10000,-7799 0,0 -5666,-4000 0
row.2227 minecraft:snowy_slopes -1500,2000 -3500,-1000 -1100,300 -10000,-7799 10000,10000 -5666,-4000 0
row.2228 minecraft:jagged_peaks -1500,2000 -3500,-1000 300,10000 -10000,-7799 0,0 -5666,-4000 0
row.2229 minecraft:jagged_peaks -1500,2000 -3500,-1000 300,10000 -10000,-7799 10000,10000 -5666,-4000 0
row.2230 minecraft:plains -1500,2000 -3500,-1000 -1100,300 -7799,-3750 0,0 -5666,-4000 0
row.2231 minecraft:plains -1500,2000 -3500,-1000 -1100,300 -7799,-3750 10000,10000 -5666,-4000 0
row.2232 minecraft:snowy_slopes -1500,2000 -3500,-1000 300,10000 -7799,-3750 0,0 -5666,-4000 0
row.2233 minecraft:snowy_slopes -1500,2000 -3500,-1000 300,10000 -7799,-3750 10000,10000 -5666,-4000 0
row.2234 minecraft:plains -1500,2000 -3500,-1000 -1900,300 -3750,500 0,0 -5666,-4000 0
row.2235 minecraft:plains -1500,2000 -3500,-1000 -1900,300 -3750,500 10000,10000 -5666,-4000 0
row.2236 minecraft:meadow -1500,2000 -3500,-1000 300,10000 -3750,-2225 0,0 -5666,-4000 0
row.2237 minecraft:meadow -1500,2000 -3500,-1000 300,10000 -3750,-2225 10000,10000 -5666,-4000 0
row.2238 minecraft:plains -1500,2000 -3500,-1000 300,3000 -2225,500 0,0 -5666,-4000 0
row.2239 minecraft:plains -1500,2000 -3500,-1000 300,3000 -2225,500 10000,10000 -5666,-4000 0
row.2240 minecraft:meadow -1500,2000 -3500,-1000 3000,10000 -2225,500 0,0 -5666,-4000 0
row.2241 minecraft:meadow -1500,2000 -3500,-1000 3000,10000 -2225,500 10000,10000 -5666,-4000 0
row.2242 minecraft:plains -1500,2000 -3500,-1000 -1900,10000 500,4500 0,0 -5666,-4000 0
row.2243 minecraft:plains -1500,2000 -3500,-1000 -1900,10000 500,4500 10000,10000 -5666,-4000 0
row.2244 minecraft:plains -1500,2000 -3500,-1000 -1900,300 4500,5500 0,0 -5666,-4000 0
row.2245 minecraft:plains -1500,2000 -3500,-1000 -1900,300 4500,5500 10000,10000 -5666,-4000 0
row.2246 minecraft:windswept_hills -1500,2000 -3500,-1000 300,10000 4500,5500 0,0 -5666,-4000 0
row.2247 minecraft:windswept_hills -1500,2000 -3500,-1000 300,10000 4500,5500 10000,10000 -5666,-4000 0
row.2248 minecraft:plains -1500,2000 -3500,-1000 -1900,10000 5500,10000 0,0 -5666,-4000 0
row.2249 minecraft:plains -1500,2000 -3500,-1000 -1900,10000 5500,10000 10000,10000 -5666,-4000 0
row.2250 minecraft:forest -1500,2000 -1000,1000 -1900,-1100 -10000,-3750 0,0 -5666,-4000 0
row.2251 minecraft:forest -1500,2000 -1000,1000 -1900,-1100 -10000,-3750 10000,10000 -5666,-4000 0
row.2252 minecraft:grove -1500,2000 -1000,1000 -1100,300 -10000,-7799 0,0 -5666,-4000 0
row.2253 minecraft:grove -1500,2000 -1000,1000 -1100,300 -10000,-7799 10000,10000 -5666,-4000 0
row.2254 minecraft:jagged_peaks -1500,2000 -1000,1000 300,10000 -10000,-7799 0,0 -5666,-4000 0
row.2255 minecraft:jagged_peaks -1500,2000 -1000,1000 300,10000 -10000,-7799 10000,10000 -5666,-4000 0
row.2256 minecraft:forest -1500,2000 -1000,1000 -1100,300 -7799,-3750 0,0 -5666,-4000 0
row.2257 minecraft:forest -1500,2000 -1000,1000 -1100,300 -7799,-3750 10000,10000 -5666,-4000 0
row.2258 minecraft:grove -1500,2000 -1000,1000 300,10000 -7799,-3750 0,0 -5666,-4000 0
row.2259 minecraft:grove -1500,2000 -1000,1000 300,10000 -7799,-3750 10000,10000 -5666,-4000 0
row.2260 minecraft:forest -1500,2000 -1000,1000 -1900,300 -3750,500 0,0 -5666,-4000 0
row.2261 minecraft:forest -1500,2000 -1000,1000 -1900,300 -3750,500 10000,10000 -5666,-4000 0
row.2262 minecraft:meadow -1500,2000 -1000,1000 300,10000 -3750,-2225 0,0 -5666,-4000 0
row.2263 minecraft:meadow -1500,2000 -1000,1000 300,10000 -3750,-2225 10000,10000 -5666,-4000 0
row.2264 minecraft:forest -1500,2000 -1000,1000 300,3000 -2225,500 0,0 -5666,-4000 0
row.2265 minecraft:forest -1500,2000 -1000,1000 300,3000 -2225,500 10000,10000 -5666,-4000 0
row.2266 minecraft:meadow -1500,2000 -1000,1000 3000,10000 -2225,500 0,0 -5666,-4000 0
row.2267 minecraft:meadow -1500,2000 -1000,1000 3000,10000 -2225,500 10000,10000 -5666,-4000 0
row.2268 minecraft:forest -1500,2000 -1000,1000 -1900,10000 500,4500 0,0 -5666,-4000 0
row.2269 minecraft:forest -1500,2000 -1000,1000 -1900,10000 500,4500 10000,10000 -5666,-4000 0
row.2270 minecraft:forest -1500,2000 -1000,1000 -1900,300 4500,5500 0,0 -5666,-4000 0
row.2271 minecraft:forest -1500,2000 -1000,1000 -1900,300 4500,5500 10000,10000 -5666,-4000 0
row.2272 minecraft:windswept_hills -1500,2000 -1000,1000 300,10000 4500,5500 0,0 -5666,-4000 0
row.2273 minecraft:windswept_hills -1500,2000 -1000,1000 300,10000 4500,5500 10000,10000 -5666,-4000 0
row.2274 minecraft:forest -1500,2000 -1000,1000 -1900,10000 5500,10000 0,0 -5666,-4000 0
row.2275 minecraft:forest -1500,2000 -1000,1000 -1900,10000 5500,10000 10000,10000 -5666,-4000 0
row.2276 minecraft:birch_forest -1500,2000 1000,3000 -1900,-1100 -10000,-3750 0,0 -5666,-4000 0
row.2277 minecraft:birch_forest -1500,2000 1000,3000 -1900,-1100 -10000,-3750 10000,10000 -5666,-4000 0
row.2278 minecraft:grove -1500,2000 1000,3000 -1100,300 -10000,-7799 0,0 -5666,-4000 0
row.2279 minecraft:grove -1500,2000 1000,3000 -1100,300 -10000,-7799 10000,10000 -5666,-4000 0
row.2280 minecraft:jagged_peaks -1500,2000 1000,3000 300,10000 -10000,-7799 0,0 -5666,-4000 0
row.2281 minecraft:jagged_peaks -1500,2000 1000,3000 300,10000 -10000,-7799 10000,10000 -5666,-4000 0
row.2282 minecraft:birch_forest -1500,2000 1000,3000 -1100,300 -7799,-3750 0,0 -5666,-4000 0
row.2283 minecraft:birch_forest -1500,2000 1000,3000 -1100,300 -7799,-3750 10000,10000 -5666,-4000 0
row.2284 minecraft:grove -1500,2000 1000,3000 300,10000 -7799,-3750 0,0 -5666,-4000 0
row.2285 minecraft:grove -1500,2000 1000,3000 300,10000 -7799,-3750 10000,10000 -5666,-4000 0
row.2286 minecraft:birch_forest -1500,2000 1000,3000 -1900,300 -3750,500 0,0 -5666,-4000 0
row.2287 minecraft:birch_forest -1500,2000 1000,3000 -1900,300 -3750,500 10000,10000 -5666,-4000 0
row.2288 minecraft:meadow -1500,2000 1000,3000 300,10000 -3750,-2225 0,0 -5666,-4000 0
row.2289 minecraft:meadow -1500,2000 1000,3000 300,10000 -3750,-2225 10000,10000 -5666,-4000 0
row.2290 minecraft:birch_forest -1500,2000 1000,3000 300,3000 -2225,500 0,0 -5666,-4000 0
row.2291 minecraft:birch_forest -1500,2000 1000,3000 300,3000 -2225,500 10000,10000 -5666,-4000 0
row.2292 minecraft:meadow -1500,2000 1000,3000 3000,10000 -2225,500 0,0 -5666,-4000 0
row.2293 minecraft:meadow -1500,2000 1000,3000 3000,10000 -2225,500 10000,10000 -5666,-4000 0
row.2294 minecraft:birch_forest -1500,2000 1000,3000 -1900,10000 500,4500 0,0 -5666,-4000 0
row.2295 minecraft:birch_forest -1500,2000 1000,3000 -1900,10000 500,4500 10000,10000 -5666,-4000 0
row.2296 minecraft:birch_forest -1500,2000 1000,3000 -1900,300 4500,5500 0,0 -5666,-4000 0
row.2297 minecraft:birch_forest -1500,2000 1000,3000 -1900,300 4500,5500 10000,10000 -5666,-4000 0
row.2298 minecraft:windswept_forest -1500,2000 1000,3000 300,10000 4500,5500 0,0 -5666,-4000 0
row.2299 minecraft:windswept_forest -1500,2000 1000,3000 300,10000 4500,5500 10000,10000 -5666,-4000 0
row.2300 minecraft:birch_forest -1500,2000 1000,3000 -1900,10000 5500,10000 0,0 -5666,-4000 0
row.2301 minecraft:birch_forest -1500,2000 1000,3000 -1900,10000 5500,10000 10000,10000 -5666,-4000 0
row.2302 minecraft:dark_forest -1500,2000 3000,10000 -1900,-1100 -10000,-3750 0,0 -5666,-4000 0
row.2303 minecraft:dark_forest -1500,2000 3000,10000 -1900,-1100 -10000,-3750 10000,10000 -5666,-4000 0
row.2304 minecraft:grove -1500,2000 3000,10000 -1100,300 -10000,-7799 0,0 -5666,-4000 0
row.2305 minecraft:grove -1500,2000 3000,10000 -1100,300 -10000,-7799 10000,10000 -5666,-4000 0
row.2306 minecraft:jagged_peaks -1500,2000 3000,10000 300,10000 -10000,-7799 0,0 -5666,-4000 0
row.2307 minecraft:jagged_peaks -1500,2000 3000,10000 300,10000 -10000,-7799 10000,10000 -5666,-4000 0
row.2308 minecraft:dark_forest -1500,2000 3000,10000 -1100,300 -7799,-3750 0,0 -5666,-4000 0
row.2309 minecraft:dark_forest -1500,2000 3000,10000 -1100,300 -7799,-3750 10000,10000 -5666,-4000 0
row.2310 minecraft:grove -1500,2000 3000,10000 300,10000 -7799,-3750 0,0 -5666,-4000 0
row.2311 minecraft:grove -1500,2000 3000,10000 300,10000 -7799,-3750 10000,10000 -5666,-4000 0
row.2312 minecraft:dark_forest -1500,2000 3000,10000 -1900,300 -3750,500 0,0 -5666,-4000 0
row.2313 minecraft:dark_forest -1500,2000 3000,10000 -1900,300 -3750,500 10000,10000 -5666,-4000 0
row.2314 minecraft:pale_garden -1500,2000 3000,10000 300,10000 -3750,-2225 0,0 -5666,-4000 0
row.2315 minecraft:pale_garden -1500,2000 3000,10000 300,10000 -3750,-2225 10000,10000 -5666,-4000 0
row.2316 minecraft:dark_forest -1500,2000 3000,10000 300,3000 -2225,500 0,0 -5666,-4000 0
row.2317 minecraft:dark_forest -1500,2000 3000,10000 300,3000 -2225,500 10000,10000 -5666,-4000 0
row.2318 minecraft:pale_garden -1500,2000 3000,10000 3000,10000 -2225,500 0,0 -5666,-4000 0
row.2319 minecraft:pale_garden -1500,2000 3000,10000 3000,10000 -2225,500 10000,10000 -5666,-4000 0
row.2320 minecraft:dark_forest -1500,2000 3000,10000 -1900,10000 500,4500 0,0 -5666,-4000 0
row.2321 minecraft:dark_forest -1500,2000 3000,10000 -1900,10000 500,4500 10000,10000 -5666,-4000 0
row.2322 minecraft:dark_forest -1500,2000 3000,10000 -1900,300 4500,5500 0,0 -5666,-4000 0
row.2323 minecraft:dark_forest -1500,2000 3000,10000 -1900,300 4500,5500 10000,10000 -5666,-4000 0
row.2324 minecraft:windswept_forest -1500,2000 3000,10000 300,10000 4500,5500 0,0 -5666,-4000 0
row.2325 minecraft:windswept_forest -1500,2000 3000,10000 300,10000 4500,5500 10000,10000 -5666,-4000 0
row.2326 minecraft:dark_forest -1500,2000 3000,10000 -1900,10000 5500,10000 0,0 -5666,-4000 0
row.2327 minecraft:dark_forest -1500,2000 3000,10000 -1900,10000 5500,10000 10000,10000 -5666,-4000 0
row.2328 minecraft:savanna 2000,5500 -10000,-3500 -1900,-1100 -10000,-3750 0,0 -5666,-4000 0
row.2329 minecraft:savanna 2000,5500 -10000,-3500 -1900,-1100 -10000,-3750 10000,10000 -5666,-4000 0
row.2330 minecraft:savanna_plateau 2000,5500 -10000,-3500 -1100,300 -10000,-7799 0,0 -5666,-4000 0
row.2331 minecraft:savanna_plateau 2000,5500 -10000,-3500 -1100,300 -10000,-7799 10000,10000 -5666,-4000 0
row.2332 minecraft:stony_peaks 2000,5500 -10000,-3500 300,10000 -10000,-7799 0,0 -5666,-4000 0
row.2333 minecraft:stony_peaks 2000,5500 -10000,-3500 300,10000 -10000,-7799 10000,10000 -5666,-4000 0
row.2334 minecraft:savanna 2000,5500 -10000,-3500 -1100,300 -7799,-3750 0,0 -5666,-4000 0
row.2335 minecraft:savanna 2000,5500 -10000,-3500 -1100,300 -7799,-3750 10000,10000 -5666,-4000 0
row.2336 minecraft:savanna_plateau 2000,5500 -10000,-3500 300,10000 -7799,-3750 0,0 -5666,-4000 0
row.2337 minecraft:savanna_plateau 2000,5500 -10000,-3500 300,10000 -7799,-3750 10000,10000 -5666,-4000 0
row.2338 minecraft:savanna 2000,5500 -10000,-3500 -1900,300 -3750,500 0,0 -5666,-4000 0
row.2339 minecraft:savanna 2000,5500 -10000,-3500 -1900,300 -3750,500 10000,10000 -5666,-4000 0
row.2340 minecraft:savanna_plateau 2000,5500 -10000,-3500 300,10000 -3750,-2225 0,0 -5666,-4000 0
row.2341 minecraft:savanna_plateau 2000,5500 -10000,-3500 300,10000 -3750,-2225 10000,10000 -5666,-4000 0
row.2342 minecraft:savanna 2000,5500 -10000,-3500 300,3000 -2225,500 0,0 -5666,-4000 0
row.2343 minecraft:savanna 2000,5500 -10000,-3500 300,3000 -2225,500 10000,10000 -5666,-4000 0
row.2344 minecraft:savanna_plateau 2000,5500 -10000,-3500 3000,10000 -2225,500 0,0 -5666,-4000 0
row.2345 minecraft:savanna_plateau 2000,5500 -10000,-3500 3000,10000 -2225,500 10000,10000 -5666,-4000 0
row.2346 minecraft:savanna 2000,5500 -10000,-3500 -1900,10000 500,4500 0,0 -5666,-4000 0
row.2347 minecraft:savanna 2000,5500 -10000,-3500 -1900,10000 500,4500 10000,10000 -5666,-4000 0
row.2348 minecraft:savanna 2000,5500 -10000,-3500 -1900,300 4500,5500 0,0 -5666,-4000 0
row.2349 minecraft:savanna 2000,5500 -10000,-3500 -1900,300 4500,5500 10000,10000 -5666,-4000 0
row.2350 minecraft:savanna 2000,5500 -10000,-3500 300,10000 4500,5500 0,0 -5666,-4000 0
row.2351 minecraft:savanna 2000,5500 -10000,-3500 300,10000 4500,5500 10000,10000 -5666,-4000 0
row.2352 minecraft:savanna 2000,5500 -10000,-3500 -1900,10000 5500,10000 0,0 -5666,-4000 0
row.2353 minecraft:savanna 2000,5500 -10000,-3500 -1900,10000 5500,10000 10000,10000 -5666,-4000 0
row.2354 minecraft:savanna 2000,5500 -3500,-1000 -1900,-1100 -10000,-3750 0,0 -5666,-4000 0
row.2355 minecraft:savanna 2000,5500 -3500,-1000 -1900,-1100 -10000,-3750 10000,10000 -5666,-4000 0
row.2356 minecraft:savanna_plateau 2000,5500 -3500,-1000 -1100,300 -10000,-7799 0,0 -5666,-4000 0
row.2357 minecraft:savanna_plateau 2000,5500 -3500,-1000 -1100,300 -10000,-7799 10000,10000 -5666,-4000 0
row.2358 minecraft:stony_peaks 2000,5500 -3500,-1000 300,10000 -10000,-7799 0,0 -5666,-4000 0
row.2359 minecraft:stony_peaks 2000,5500 -3500,-1000 300,10000 -10000,-7799 10000,10000 -5666,-4000 0
row.2360 minecraft:savanna 2000,5500 -3500,-1000 -1100,300 -7799,-3750 0,0 -5666,-4000 0
row.2361 minecraft:savanna 2000,5500 -3500,-1000 -1100,300 -7799,-3750 10000,10000 -5666,-4000 0
row.2362 minecraft:savanna_plateau 2000,5500 -3500,-1000 300,10000 -7799,-3750 0,0 -5666,-4000 0
row.2363 minecraft:savanna_plateau 2000,5500 -3500,-1000 300,10000 -7799,-3750 10000,10000 -5666,-4000 0
row.2364 minecraft:savanna 2000,5500 -3500,-1000 -1900,300 -3750,500 0,0 -5666,-4000 0
row.2365 minecraft:savanna 2000,5500 -3500,-1000 -1900,300 -3750,500 10000,10000 -5666,-4000 0
row.2366 minecraft:savanna_plateau 2000,5500 -3500,-1000 300,10000 -3750,-2225 0,0 -5666,-4000 0
row.2367 minecraft:savanna_plateau 2000,5500 -3500,-1000 300,10000 -3750,-2225 10000,10000 -5666,-4000 0
row.2368 minecraft:savanna 2000,5500 -3500,-1000 300,3000 -2225,500 0,0 -5666,-4000 0
row.2369 minecraft:savanna 2000,5500 -3500,-1000 300,3000 -2225,500 10000,10000 -5666,-4000 0
row.2370 minecraft:savanna_plateau 2000,5500 -3500,-1000 3000,10000 -2225,500 0,0 -5666,-4000 0
row.2371 minecraft:savanna_plateau 2000,5500 -3500,-1000 3000,10000 -2225,500 10000,10000 -5666,-4000 0
row.2372 minecraft:savanna 2000,5500 -3500,-1000 -1900,10000 500,4500 0,0 -5666,-4000 0
row.2373 minecraft:savanna 2000,5500 -3500,-1000 -1900,10000 500,4500 10000,10000 -5666,-4000 0
row.2374 minecraft:savanna 2000,5500 -3500,-1000 -1900,300 4500,5500 0,0 -5666,-4000 0
row.2375 minecraft:savanna 2000,5500 -3500,-1000 -1900,300 4500,5500 10000,10000 -5666,-4000 0
row.2376 minecraft:savanna 2000,5500 -3500,-1000 300,10000 4500,5500 0,0 -5666,-4000 0
row.2377 minecraft:savanna 2000,5500 -3500,-1000 300,10000 4500,5500 10000,10000 -5666,-4000 0
row.2378 minecraft:savanna 2000,5500 -3500,-1000 -1900,10000 5500,10000 0,0 -5666,-4000 0
row.2379 minecraft:savanna 2000,5500 -3500,-1000 -1900,10000 5500,10000 10000,10000 -5666,-4000 0
row.2380 minecraft:forest 2000,5500 -1000,1000 -1900,-1100 -10000,-3750 0,0 -5666,-4000 0
row.2381 minecraft:forest 2000,5500 -1000,1000 -1900,-1100 -10000,-3750 10000,10000 -5666,-4000 0
row.2382 minecraft:forest 2000,5500 -1000,1000 -1100,300 -10000,-7799 0,0 -5666,-4000 0
row.2383 minecraft:forest 2000,5500 -1000,1000 -1100,300 -10000,-7799 10000,10000 -5666,-4000 0
row.2384 minecraft:stony_peaks 2000,5500 -1000,1000 300,10000 -10000,-7799 0,0 -5666,-4000 0
row.2385 minecraft:stony_peaks 2000,5500 -1000,1000 300,10000 -10000,-7799 10000,10000 -5666,-4000 0
row.2386 minecraft:forest 2000,5500 -1000,1000 -1100,300 -7799,-3750 0,0 -5666,-4000 0
row.2387 minecraft:forest 2000,5500 -1000,1000 -1100,300 -7799,-3750 10000,10000 -5666,-4000 0
row.2388 minecraft:forest 2000,5500 -1000,1000 300,10000 -7799,-3750 0,0 -5666,-4000 0
row.2389 minecraft:forest 2000,5500 -1000,1000 300,10000 -7799,-3750 10000,10000 -5666,-4000 0
row.2390 minecraft:forest 2000,5500 -1000,1000 -1900,300 -3750,500 0,0 -5666,-4000 0
row.2391 minecraft:forest 2000,5500 -1000,1000 -1900,300 -3750,500 10000,10000 -5666,-4000 0
row.2392 minecraft:forest 2000,5500 -1000,1000 300,10000 -3750,-2225 0,0 -5666,-4000 0
row.2393 minecraft:forest 2000,5500 -1000,1000 300,10000 -3750,-2225 10000,10000 -5666,-4000 0
row.2394 minecraft:forest 2000,5500 -1000,1000 300,3000 -2225,500 0,0 -5666,-4000 0
row.2395 minecraft:forest 2000,5500 -1000,1000 300,3000 -2225,500 10000,10000 -5666,-4000 0
row.2396 minecraft:forest 2000,5500 -1000,1000 3000,10000 -2225,500 0,0 -5666,-4000 0
row.2397 minecraft:forest 2000,5500 -1000,1000 3000,10000 -2225,500 10000,10000 -5666,-4000 0
row.2398 minecraft:forest 2000,5500 -1000,1000 -1900,10000 500,4500 0,0 -5666,-4000 0
row.2399 minecraft:forest 2000,5500 -1000,1000 -1900,10000 500,4500 10000,10000 -5666,-4000 0
row.2400 minecraft:forest 2000,5500 -1000,1000 -1900,300 4500,5500 0,0 -5666,-4000 0
row.2401 minecraft:forest 2000,5500 -1000,1000 -1900,300 4500,5500 10000,10000 -5666,-4000 0
row.2402 minecraft:forest 2000,5500 -1000,1000 300,10000 4500,5500 0,0 -5666,-4000 0
row.2403 minecraft:forest 2000,5500 -1000,1000 300,10000 4500,5500 10000,10000 -5666,-4000 0
row.2404 minecraft:forest 2000,5500 -1000,1000 -1900,10000 5500,10000 0,0 -5666,-4000 0
row.2405 minecraft:forest 2000,5500 -1000,1000 -1900,10000 5500,10000 10000,10000 -5666,-4000 0
row.2406 minecraft:jungle 2000,5500 1000,3000 -1900,-1100 -10000,-3750 0,0 -5666,-4000 0
row.2407 minecraft:jungle 2000,5500 1000,3000 -1900,-1100 -10000,-3750 10000,10000 -5666,-4000 0
row.2408 minecraft:forest 2000,5500 1000,3000 -1100,300 -10000,-7799 0,0 -5666,-4000 0
row.2409 minecraft:forest 2000,5500 1000,3000 -1100,300 -10000,-7799 10000,10000 -5666,-4000 0
row.2410 minecraft:stony_peaks 2000,5500 1000,3000 300,10000 -10000,-7799 0,0 -5666,-4000 0
row.2411 minecraft:stony_peaks 2000,5500 1000,3000 300,10000 -10000,-7799 10000,10000 -5666,-4000 0
row.2412 minecraft:jungle 2000,5500 1000,3000 -1100,300 -7799,-3750 0,0 -5666,-4000 0
row.2413 minecraft:jungle 2000,5500 1000,3000 -1100,300 -7799,-3750 10000,10000 -5666,-4000 0
row.2414 minecraft:forest 2000,5500 1000,3000 300,10000 -7799,-3750 0,0 -5666,-4000 0
row.2415 minecraft:forest 2000,5500 1000,3000 300,10000 -7799,-3750 10000,10000 -5666,-4000 0
row.2416 minecraft:jungle 2000,5500 1000,3000 -1900,300 -3750,500 0,0 -5666,-4000 0
row.2417 minecraft:jungle 2000,5500 1000,3000 -1900,300 -3750,500 10000,10000 -5666,-4000 0
row.2418 minecraft:forest 2000,5500 1000,3000 300,10000 -3750,-2225 0,0 -5666,-4000 0
row.2419 minecraft:forest 2000,5500 1000,3000 300,10000 -3750,-2225 10000,10000 -5666,-4000 0
row.2420 minecraft:jungle 2000,5500 1000,3000 300,3000 -2225,500 0,0 -5666,-4000 0
row.2421 minecraft:jungle 2000,5500 1000,3000 300,3000 -2225,500 10000,10000 -5666,-4000 0
row.2422 minecraft:forest 2000,5500 1000,3000 3000,10000 -2225,500 0,0 -5666,-4000 0
row.2423 minecraft:forest 2000,5500 1000,3000 3000,10000 -2225,500 10000,10000 -5666,-4000 0
row.2424 minecraft:jungle 2000,5500 1000,3000 -1900,10000 500,4500 0,0 -5666,-4000 0
row.2425 minecraft:jungle 2000,5500 1000,3000 -1900,10000 500,4500 10000,10000 -5666,-4000 0
row.2426 minecraft:jungle 2000,5500 1000,3000 -1900,300 4500,5500 0,0 -5666,-4000 0
row.2427 minecraft:jungle 2000,5500 1000,3000 -1900,300 4500,5500 10000,10000 -5666,-4000 0
row.2428 minecraft:jungle 2000,5500 1000,3000 300,10000 4500,5500 0,0 -5666,-4000 0
row.2429 minecraft:jungle 2000,5500 1000,3000 300,10000 4500,5500 10000,10000 -5666,-4000 0
row.2430 minecraft:jungle 2000,5500 1000,3000 -1900,10000 5500,10000 0,0 -5666,-4000 0
row.2431 minecraft:jungle 2000,5500 1000,3000 -1900,10000 5500,10000 10000,10000 -5666,-4000 0
row.2432 minecraft:jungle 2000,5500 3000,10000 -1900,-1100 -10000,-3750 0,0 -5666,-4000 0
row.2433 minecraft:jungle 2000,5500 3000,10000 -1900,-1100 -10000,-3750 10000,10000 -5666,-4000 0
row.2434 minecraft:jungle 2000,5500 3000,10000 -1100,300 -10000,-7799 0,0 -5666,-4000 0
row.2435 minecraft:jungle 2000,5500 3000,10000 -1100,300 -10000,-7799 10000,10000 -5666,-4000 0
row.2436 minecraft:stony_peaks 2000,5500 3000,10000 300,10000 -10000,-7799 0,0 -5666,-4000 0
row.2437 minecraft:stony_peaks 2000,5500 3000,10000 300,10000 -10000,-7799 10000,10000 -5666,-4000 0
row.2438 minecraft:jungle 2000,5500 3000,10000 -1100,300 -7799,-3750 0,0 -5666,-4000 0
row.2439 minecraft:jungle 2000,5500 3000,10000 -1100,300 -7799,-3750 10000,10000 -5666,-4000 0
row.2440 minecraft:jungle 2000,5500 3000,10000 300,10000 -7799,-3750 0,0 -5666,-4000 0
row.2441 minecraft:jungle 2000,5500 3000,10000 300,10000 -7799,-3750 10000,10000 -5666,-4000 0
row.2442 minecraft:jungle 2000,5500 3000,10000 -1900,300 -3750,500 0,0 -5666,-4000 0
row.2443 minecraft:jungle 2000,5500 3000,10000 -1900,300 -3750,500 10000,10000 -5666,-4000 0
row.2444 minecraft:jungle 2000,5500 3000,10000 300,10000 -3750,-2225 0,0 -5666,-4000 0
row.2445 minecraft:jungle 2000,5500 3000,10000 300,10000 -3750,-2225 10000,10000 -5666,-4000 0
row.2446 minecraft:jungle 2000,5500 3000,10000 300,3000 -2225,500 0,0 -5666,-4000 0
row.2447 minecraft:jungle 2000,5500 3000,10000 300,3000 -2225,500 10000,10000 -5666,-4000 0
row.2448 minecraft:jungle 2000,5500 3000,10000 3000,10000 -2225,500 0,0 -5666,-4000 0
row.2449 minecraft:jungle 2000,5500 3000,10000 3000,10000 -2225,500 10000,10000 -5666,-4000 0
row.2450 minecraft:jungle 2000,5500 3000,10000 -1900,10000 500,4500 0,0 -5666,-4000 0
row.2451 minecraft:jungle 2000,5500 3000,10000 -1900,10000 500,4500 10000,10000 -5666,-4000 0
row.2452 minecraft:jungle 2000,5500 3000,10000 -1900,300 4500,5500 0,0 -5666,-4000 0
row.2453 minecraft:jungle 2000,5500 3000,10000 -1900,300 4500,5500 10000,10000 -5666,-4000 0
row.2454 minecraft:jungle 2000,5500 3000,10000 300,10000 4500,5500 0,0 -5666,-4000 0
row.2455 minecraft:jungle 2000,5500 3000,10000 300,10000 4500,5500 10000,10000 -5666,-4000 0
row.2456 minecraft:jungle 2000,5500 3000,10000 -1900,10000 5500,10000 0,0 -5666,-4000 0
row.2457 minecraft:jungle 2000,5500 3000,10000 -1900,10000 5500,10000 10000,10000 -5666,-4000 0
row.2458 minecraft:desert 5500,10000 -10000,-3500 -1900,-1100 -10000,-3750 0,0 -5666,-4000 0
row.2459 minecraft:desert 5500,10000 -10000,-3500 -1900,-1100 -10000,-3750 10000,10000 -5666,-4000 0
row.2460 minecraft:badlands 5500,10000 -10000,-3500 -1100,300 -10000,-7799 0,0 -5666,-4000 0
row.2461 minecraft:badlands 5500,10000 -10000,-3500 -1100,300 -10000,-7799 10000,10000 -5666,-4000 0
row.2462 minecraft:badlands 5500,10000 -10000,-3500 300,10000 -10000,-7799 0,0 -5666,-4000 0
row.2463 minecraft:badlands 5500,10000 -10000,-3500 300,10000 -10000,-7799 10000,10000 -5666,-4000 0
row.2464 minecraft:badlands 5500,10000 -10000,-3500 -1100,300 -7799,-3750 0,0 -5666,-4000 0
row.2465 minecraft:badlands 5500,10000 -10000,-3500 -1100,300 -7799,-3750 10000,10000 -5666,-4000 0
row.2466 minecraft:badlands 5500,10000 -10000,-3500 300,10000 -7799,-3750 0,0 -5666,-4000 0
row.2467 minecraft:badlands 5500,10000 -10000,-3500 300,10000 -7799,-3750 10000,10000 -5666,-4000 0
row.2468 minecraft:desert 5500,10000 -10000,-3500 -1900,300 -3750,500 0,0 -5666,-4000 0
row.2469 minecraft:desert 5500,10000 -10000,-3500 -1900,300 -3750,500 10000,10000 -5666,-4000 0
row.2470 minecraft:badlands 5500,10000 -10000,-3500 300,10000 -3750,-2225 0,0 -5666,-4000 0
row.2471 minecraft:badlands 5500,10000 -10000,-3500 300,10000 -3750,-2225 10000,10000 -5666,-4000 0
row.2472 minecraft:badlands 5500,10000 -10000,-3500 300,3000 -2225,500 0,0 -5666,-4000 0
row.2473 minecraft:badlands 5500,10000 -10000,-3500 300,3000 -2225,500 10000,10000 -5666,-4000 0
row.2474 minecraft:badlands 5500,10000 -10000,-3500 3000,10000 -2225,500 0,0 -5666,-4000 0
row.2475 minecraft:badlands 5500,10000 -10000,-3500 3000,10000 -2225,500 10000,10000 -5666,-4000 0
row.2476 minecraft:desert 5500,10000 -10000,-3500 -1900,10000 500,4500 0,0 -5666,-4000 0
row.2477 minecraft:desert 5500,10000 -10000,-3500 -1900,10000 500,4500 10000,10000 -5666,-4000 0
row.2478 minecraft:desert 5500,10000 -10000,-3500 -1900,300 4500,5500 0,0 -5666,-4000 0
row.2479 minecraft:desert 5500,10000 -10000,-3500 -1900,300 4500,5500 10000,10000 -5666,-4000 0
row.2480 minecraft:desert 5500,10000 -10000,-3500 300,10000 4500,5500 0,0 -5666,-4000 0
row.2481 minecraft:desert 5500,10000 -10000,-3500 300,10000 4500,5500 10000,10000 -5666,-4000 0
row.2482 minecraft:desert 5500,10000 -10000,-3500 -1900,10000 5500,10000 0,0 -5666,-4000 0
row.2483 minecraft:desert 5500,10000 -10000,-3500 -1900,10000 5500,10000 10000,10000 -5666,-4000 0
row.2484 minecraft:desert 5500,10000 -3500,-1000 -1900,-1100 -10000,-3750 0,0 -5666,-4000 0
row.2485 minecraft:desert 5500,10000 -3500,-1000 -1900,-1100 -10000,-3750 10000,10000 -5666,-4000 0
row.2486 minecraft:badlands 5500,10000 -3500,-1000 -1100,300 -10000,-7799 0,0 -5666,-4000 0
row.2487 minecraft:badlands 5500,10000 -3500,-1000 -1100,300 -10000,-7799 10000,10000 -5666,-4000 0
row.2488 minecraft:badlands 5500,10000 -3500,-1000 300,10000 -10000,-7799 0,0 -5666,-4000 0
row.2489 minecraft:badlands 5500,10000 -3500,-1000 300,10000 -10000,-7799 10000,10000 -5666,-4000 0
row.2490 minecraft:badlands 5500,10000 -3500,-1000 -1100,300 -7799,-3750 0,0 -5666,-4000 0
row.2491 minecraft:badlands 5500,10000 -3500,-1000 -1100,300 -7799,-3750 10000,10000 -5666,-4000 0
row.2492 minecraft:badlands 5500,10000 -3500,-1000 300,10000 -7799,-3750 0,0 -5666,-4000 0
row.2493 minecraft:badlands 5500,10000 -3500,-1000 300,10000 -7799,-3750 10000,10000 -5666,-4000 0
row.2494 minecraft:desert 5500,10000 -3500,-1000 -1900,300 -3750,500 0,0 -5666,-4000 0
row.2495 minecraft:desert 5500,10000 -3500,-1000 -1900,300 -3750,500 10000,10000 -5666,-4000 0
row.2496 minecraft:badlands 5500,10000 -3500,-1000 300,10000 -3750,-2225 0,0 -5666,-4000 0
row.2497 minecraft:badlands 5500,10000 -3500,-1000 300,10000 -3750,-2225 10000,10000 -5666,-4000 0
row.2498 minecraft:badlands 5500,10000 -3500,-1000 300,3000 -2225,500 0,0 -5666,-4000 0
row.2499 minecraft:badlands 5500,10000 -3500,-1000 300,3000 -2225,500 10000,10000 -5666,-4000 0
row.2500 minecraft:badlands 5500,10000 -3500,-1000 3000,10000 -2225,500 0,0 -5666,-4000 0
row.2501 minecraft:badlands 5500,10000 -3500,-1000 3000,10000 -2225,500 10000,10000 -5666,-4000 0
row.2502 minecraft:desert 5500,10000 -3500,-1000 -1900,10000 500,4500 0,0 -5666,-4000 0
row.2503 minecraft:desert 5500,10000 -3500,-1000 -1900,10000 500,4500 10000,10000 -5666,-4000 0
row.2504 minecraft:desert 5500,10000 -3500,-1000 -1900,300 4500,5500 0,0 -5666,-4000 0
row.2505 minecraft:desert 5500,10000 -3500,-1000 -1900,300 4500,5500 10000,10000 -5666,-4000 0
row.2506 minecraft:desert 5500,10000 -3500,-1000 300,10000 4500,5500 0,0 -5666,-4000 0
row.2507 minecraft:desert 5500,10000 -3500,-1000 300,10000 4500,5500 10000,10000 -5666,-4000 0
row.2508 minecraft:desert 5500,10000 -3500,-1000 -1900,10000 5500,10000 0,0 -5666,-4000 0
row.2509 minecraft:desert 5500,10000 -3500,-1000 -1900,10000 5500,10000 10000,10000 -5666,-4000 0
row.2510 minecraft:desert 5500,10000 -1000,1000 -1900,-1100 -10000,-3750 0,0 -5666,-4000 0
row.2511 minecraft:desert 5500,10000 -1000,1000 -1900,-1100 -10000,-3750 10000,10000 -5666,-4000 0
row.2512 minecraft:badlands 5500,10000 -1000,1000 -1100,300 -10000,-7799 0,0 -5666,-4000 0
row.2513 minecraft:badlands 5500,10000 -1000,1000 -1100,300 -10000,-7799 10000,10000 -5666,-4000 0
row.2514 minecraft:badlands 5500,10000 -1000,1000 300,10000 -10000,-7799 0,0 -5666,-4000 0
row.2515 minecraft:badlands 5500,10000 -1000,1000 300,10000 -10000,-7799 10000,10000 -5666,-4000 0
row.2516 minecraft:badlands 5500,10000 -1000,1000 -1100,300 -7799,-3750 0,0 -5666,-4000 0
row.2517 minecraft:badlands 5500,10000 -1000,1000 -1100,300 -7799,-3750 10000,10000 -5666,-4000 0
row.2518 minecraft:badlands 5500,10000 -1000,1000 300,10000 -7799,-3750 0,0 -5666,-4000 0
row.2519 minecraft:badlands 5500,10000 -1000,1000 300,10000 -7799,-3750 10000,10000 -5666,-4000 0
row.2520 minecraft:desert 5500,10000 -1000,1000 -1900,300 -3750,500 0,0 -5666,-4000 0
row.2521 minecraft:desert 5500,10000 -1000,1000 -1900,300 -3750,500 10000,10000 -5666,-4000 0
row.2522 minecraft:badlands 5500,10000 -1000,1000 300,10000 -3750,-2225 0,0 -5666,-4000 0
row.2523 minecraft:badlands 5500,10000 -1000,1000 300,10000 -3750,-2225 10000,10000 -5666,-4000 0
row.2524 minecraft:badlands 5500,10000 -1000,1000 300,3000 -2225,500 0,0 -5666,-4000 0
row.2525 minecraft:badlands 5500,10000 -1000,1000 300,3000 -2225,500 10000,10000 -5666,-4000 0
row.2526 minecraft:badlands 5500,10000 -1000,1000 3000,10000 -2225,500 0,0 -5666,-4000 0
row.2527 minecraft:badlands 5500,10000 -1000,1000 3000,10000 -2225,500 10000,10000 -5666,-4000 0
row.2528 minecraft:desert 5500,10000 -1000,1000 -1900,10000 500,4500 0,0 -5666,-4000 0
row.2529 minecraft:desert 5500,10000 -1000,1000 -1900,10000 500,4500 10000,10000 -5666,-4000 0
row.2530 minecraft:desert 5500,10000 -1000,1000 -1900,300 4500,5500 0,0 -5666,-4000 0
row.2531 minecraft:desert 5500,10000 -1000,1000 -1900,300 4500,5500 10000,10000 -5666,-4000 0
row.2532 minecraft:desert 5500,10000 -1000,1000 300,10000 4500,5500 0,0 -5666,-4000 0
row.2533 minecraft:desert 5500,10000 -1000,1000 300,10000 4500,5500 10000,10000 -5666,-4000 0
row.2534 minecraft:desert 5500,10000 -1000,1000 -1900,10000 5500,10000 0,0 -5666,-4000 0
row.2535 minecraft:desert 5500,10000 -1000,1000 -1900,10000 5500,10000 10000,10000 -5666,-4000 0
row.2536 minecraft:desert 5500,10000 1000,3000 -1900,-1100 -10000,-3750 0,0 -5666,-4000 0
row.2537 minecraft:desert 5500,10000 1000,3000 -1900,-1100 -10000,-3750 10000,10000 -5666,-4000 0
row.2538 minecraft:wooded_badlands 5500,10000 1000,3000 -1100,300 -10000,-7799 0,0 -5666,-4000 0
row.2539 minecraft:wooded_badlands 5500,10000 1000,3000 -1100,300 -10000,-7799 10000,10000 -5666,-4000 0
row.2540 minecraft:wooded_badlands 5500,10000 1000,3000 300,10000 -10000,-7799 0,0 -5666,-4000 0
row.2541 minecraft:wooded_badlands 5500,10000 1000,3000 300,10000 -10000,-7799 10000,10000 -5666,-4000 0
row.2542 minecraft:wooded_badlands 5500,10000 1000,3000 -1100,300 -7799,-3750 0,0 -5666,-4000 0
row.2543 minecraft:wooded_badlands 5500,10000 1000,3000 -1100,300 -7799,-3750 10000,10000 -5666,-4000 0
row.2544 minecraft:wooded_badlands 5500,10000 1000,3000 300,10000 -7799,-3750 0,0 -5666,-4000 0
row.2545 minecraft:wooded_badlands 5500,10000 1000,3000 300,10000 -7799,-3750 10000,10000 -5666,-4000 0
row.2546 minecraft:desert 5500,10000 1000,3000 -1900,300 -3750,500 0,0 -5666,-4000 0
row.2547 minecraft:desert 5500,10000 1000,3000 -1900,300 -3750,500 10000,10000 -5666,-4000 0
row.2548 minecraft:wooded_badlands 5500,10000 1000,3000 300,10000 -3750,-2225 0,0 -5666,-4000 0
row.2549 minecraft:wooded_badlands 5500,10000 1000,3000 300,10000 -3750,-2225 10000,10000 -5666,-4000 0
row.2550 minecraft:wooded_badlands 5500,10000 1000,3000 300,3000 -2225,500 0,0 -5666,-4000 0
row.2551 minecraft:wooded_badlands 5500,10000 1000,3000 300,3000 -2225,500 10000,10000 -5666,-4000 0
row.2552 minecraft:wooded_badlands 5500,10000 1000,3000 3000,10000 -2225,500 0,0 -5666,-4000 0
row.2553 minecraft:wooded_badlands 5500,10000 1000,3000 3000,10000 -2225,500 10000,10000 -5666,-4000 0
row.2554 minecraft:desert 5500,10000 1000,3000 -1900,10000 500,4500 0,0 -5666,-4000 0
row.2555 minecraft:desert 5500,10000 1000,3000 -1900,10000 500,4500 10000,10000 -5666,-4000 0
row.2556 minecraft:desert 5500,10000 1000,3000 -1900,300 4500,5500 0,0 -5666,-4000 0
row.2557 minecraft:desert 5500,10000 1000,3000 -1900,300 4500,5500 10000,10000 -5666,-4000 0
row.2558 minecraft:desert 5500,10000 1000,3000 300,10000 4500,5500 0,0 -5666,-4000 0
row.2559 minecraft:desert 5500,10000 1000,3000 300,10000 4500,5500 10000,10000 -5666,-4000 0
row.2560 minecraft:desert 5500,10000 1000,3000 -1900,10000 5500,10000 0,0 -5666,-4000 0
row.2561 minecraft:desert 5500,10000 1000,3000 -1900,10000 5500,10000 10000,10000 -5666,-4000 0
row.2562 minecraft:desert 5500,10000 3000,10000 -1900,-1100 -10000,-3750 0,0 -5666,-4000 0
row.2563 minecraft:desert 5500,10000 3000,10000 -1900,-1100 -10000,-3750 10000,10000 -5666,-4000 0
row.2564 minecraft:wooded_badlands 5500,10000 3000,10000 -1100,300 -10000,-7799 0,0 -5666,-4000 0
row.2565 minecraft:wooded_badlands 5500,10000 3000,10000 -1100,300 -10000,-7799 10000,10000 -5666,-4000 0
row.2566 minecraft:wooded_badlands 5500,10000 3000,10000 300,10000 -10000,-7799 0,0 -5666,-4000 0
row.2567 minecraft:wooded_badlands 5500,10000 3000,10000 300,10000 -10000,-7799 10000,10000 -5666,-4000 0
row.2568 minecraft:wooded_badlands 5500,10000 3000,10000 -1100,300 -7799,-3750 0,0 -5666,-4000 0
row.2569 minecraft:wooded_badlands 5500,10000 3000,10000 -1100,300 -7799,-3750 10000,10000 -5666,-4000 0
row.2570 minecraft:wooded_badlands 5500,10000 3000,10000 300,10000 -7799,-3750 0,0 -5666,-4000 0
row.2571 minecraft:wooded_badlands 5500,10000 3000,10000 300,10000 -7799,-3750 10000,10000 -5666,-4000 0
row.2572 minecraft:desert 5500,10000 3000,10000 -1900,300 -3750,500 0,0 -5666,-4000 0
row.2573 minecraft:desert 5500,10000 3000,10000 -1900,300 -3750,500 10000,10000 -5666,-4000 0
row.2574 minecraft:wooded_badlands 5500,10000 3000,10000 300,10000 -3750,-2225 0,0 -5666,-4000 0
row.2575 minecraft:wooded_badlands 5500,10000 3000,10000 300,10000 -3750,-2225 10000,10000 -5666,-4000 0
row.2576 minecraft:wooded_badlands 5500,10000 3000,10000 300,3000 -2225,500 0,0 -5666,-4000 0
row.2577 minecraft:wooded_badlands 5500,10000 3000,10000 300,3000 -2225,500 10000,10000 -5666,-4000 0
row.2578 minecraft:wooded_badlands 5500,10000 3000,10000 3000,10000 -2225,500 0,0 -5666,-4000 0
row.2579 minecraft:wooded_badlands 5500,10000 3000,10000 3000,10000 -2225,500 10000,10000 -5666,-4000 0
row.2580 minecraft:desert 5500,10000 3000,10000 -1900,10000 500,4500 0,0 -5666,-4000 0
row.2581 minecraft:desert 5500,10000 3000,10000 -1900,10000 500,4500 10000,10000 -5666,-4000 0
row.2582 minecraft:desert 5500,10000 3000,10000 -1900,300 4500,5500 0,0 -5666,-4000 0
row.2583 minecraft:desert 5500,10000 3000,10000 -1900,300 4500,5500 10000,10000 -5666,-4000 0
row.2584 minecraft:desert 5500,10000 3000,10000 300,10000 4500,5500 0,0 -5666,-4000 0
row.2585 minecraft:desert 5500,10000 3000,10000 300,10000 4500,5500 10000,10000 -5666,-4000 0
row.2586 minecraft:desert 5500,10000 3000,10000 -1900,10000 5500,10000 0,0 -5666,-4000 0
row.2587 minecraft:desert 5500,10000 3000,10000 -1900,10000 5500,10000 10000,10000 -5666,-4000 0
row.2588 minecraft:stony_shore -10000,10000 -10000,10000 -1900,-1100 -10000,-2225 0,0 -4000,-2666 0
row.2589 minecraft:stony_shore -10000,10000 -10000,10000 -1900,-1100 -10000,-2225 10000,10000 -4000,-2666 0
row.2590 minecraft:swamp -4500,2000 -10000,10000 -1100,10000 5500,10000 0,0 -4000,-2666 0
row.2591 minecraft:swamp -4500,2000 -10000,10000 -1100,10000 5500,10000 10000,10000 -4000,-2666 0
row.2592 minecraft:mangrove_swamp 2000,10000 -10000,10000 -1100,10000 5500,10000 0,0 -4000,-2666 0
row.2593 minecraft:mangrove_swamp 2000,10000 -10000,10000 -1100,10000 5500,10000 10000,10000 -4000,-2666 0
row.2594 minecraft:snowy_slopes -10000,-4500 -10000,-3500 -1100,10000 -10000,-7799 0,0 -4000,-2666 0
row.2595 minecraft:snowy_slopes -10000,-4500 -10000,-3500 -1100,10000 -10000,-7799 10000,10000 -4000,-2666 0
row.2596 minecraft:snowy_slopes -10000,-4500 -10000,-3500 -1100,3000 -7799,-3750 0,0 -4000,-2666 0
row.2597 minecraft:snowy_slopes -10000,-4500 -10000,-3500 -1100,3000 -7799,-3750 10000,10000 -4000,-2666 0
row.2598 minecraft:snowy_slopes -10000,-4500 -10000,-3500 3000,10000 -7799,-3750 0,0 -4000,-2666 0
row.2599 minecraft:snowy_slopes -10000,-4500 -10000,-3500 3000,10000 -7799,-3750 10000,10000 -4000,-2666 0
row.2600 minecraft:snowy_plains -10000,-4500 -10000,-3500 -1100,300 -3750,-2225 0,0 -4000,-2666 0
row.2601 minecraft:snowy_plains -10000,-4500 -10000,-3500 -1100,300 -3750,-2225 10000,10000 -4000,-2666 0
row.2602 minecraft:snowy_plains -10000,-4500 -10000,-3500 300,3000 -3750,-2225 0,0 -4000,-2666 0
row.2603 minecraft:snowy_plains -10000,-4500 -10000,-3500 300,3000 -3750,-2225 10000,10000 -4000,-2666 0
row.2604 minecraft:snowy_plains -10000,-4500 -10000,-3500 3000,10000 -3750,-2225 0,0 -4000,-2666 0
row.2605 minecraft:snowy_plains -10000,-4500 -10000,-3500 3000,10000 -3750,-2225 10000,10000 -4000,-2666 0
row.2606 minecraft:snowy_plains -10000,-4500 -10000,-3500 -1900,300 -2225,500 0,0 -4000,-2666 0
row.2607 minecraft:snowy_plains -10000,-4500 -10000,-3500 -1900,300 -2225,500 10000,10000 -4000,-2666 0
row.2608 minecraft:snowy_plains -10000,-4500 -10000,-3500 300,10000 -2225,500 0,0 -4000,-2666 0
row.2609 minecraft:snowy_plains -10000,-4500 -10000,-3500 300,10000 -2225,500 10000,10000 -4000,-2666 0
row.2610 minecraft:snowy_beach -10000,-4500 -10000,-3500 -1900,-1100 500,4500 0,0 -4000,-2666 0
row.2611 minecraft:snowy_beach -10000,-4500 -10000,-3500 -1900,-1100 500,4500 10000,10000 -4000,-2666 0
row.2612 minecraft:snowy_plains -10000,-4500 -10000,-3500 -1100,10000 500,4500 0,0 -4000,-2666 0
row.2613 minecraft:snowy_plains -10000,-4500 -10000,-3500 -1100,10000 500,4500 10000,10000 -4000,-2666 0
row.2614 minecraft:snowy_beach -10000,-4500 -10000,-3500 -1900,-1100 4500,5500 0,0 -4000,-2666 0
row.2615 minecraft:snowy_beach -10000,-4500 -10000,-3500 -1900,-1100 4500,5500 10000,10000 -4000,-2666 0
row.2616 minecraft:snowy_plains -10000,-4500 -10000,-3500 -1100,300 4500,5500 0,0 -4000,-2666 0
row.2617 minecraft:snowy_plains -10000,-4500 -10000,-3500 -1100,300 4500,5500 10000,10000 -4000,-2666 0
row.2618 minecraft:windswept_gravelly_hills -10000,-4500 -10000,-3500 300,10000 4500,5500 0,0 -4000,-2666 0
row.2619 minecraft:windswept_gravelly_hills -10000,-4500 -10000,-3500 300,10000 4500,5500 10000,10000 -4000,-2666 0
row.2620 minecraft:snowy_beach -10000,-4500 -10000,-3500 -1900,-1100 5500,10000 0,0 -4000,-2666 0
row.2621 minecraft:snowy_beach -10000,-4500 -10000,-3500 -1900,-1100 5500,10000 10000,10000 -4000,-2666 0
row.2622 minecraft:snowy_plains -10000,-4500 -10000,-3500 -1100,10000 5500,10000 0,0 -4000,-2666 0
row.2623 minecraft:snowy_plains -10000,-4500 -10000,-3500 -1100,10000 5500,10000 10000,10000 -4000,-2666 0
row.2624 minecraft:snowy_slopes -10000,-4500 -3500,-1000 -1100,10000 -10000,-7799 0,0 -4000,-2666 0
row.2625 minecraft:snowy_slopes -10000,-4500 -3500,-1000 -1100,10000 -10000,-7799 10000,10000 -4000,-2666 0
row.2626 minecraft:snowy_slopes -10000,-4500 -3500,-1000 -1100,3000 -7799,-3750 0,0 -4000,-2666 0
row.2627 minecraft:snowy_slopes -10000,-4500 -3500,-1000 -1100,3000 -7799,-3750 10000,10000 -4000,-2666 0
row.2628 minecraft:snowy_slopes -10000,-4500 -3500,-1000 3000,10000 -7799,-3750 0,0 -4000,-2666 0
row.2629 minecraft:snowy_slopes -10000,-4500 -3500,-1000 3000,10000 -7799,-3750 10000,10000 -4000,-2666 0
row.2630 minecraft:snowy_plains -10000,-4500 -3500,-1000 -1100,300 -3750,-2225 0,0 -4000,-2666 0
row.2631 minecraft:snowy_plains -10000,-4500 -3500,-1000 -1100,300 -3750,-2225 10000,10000 -4000,-2666 0
row.2632 minecraft:snowy_plains -10000,-4500 -3500,-1000 300,3000 -3750,-2225 0,0 -4000,-2666 0
row.2633 minecraft:snowy_plains -10000,-4500 -3500,-1000 300,3000 -3750,-2225 10000,10000 -4000,-2666 0
row.2634 minecraft:snowy_plains -10000,-4500 -3500,-1000 3000,10000 -3750,-2225 0,0 -4000,-2666 0
row.2635 minecraft:snowy_plains -10000,-4500 -3500,-1000 3000,10000 -3750,-2225 10000,10000 -4000,-2666 0
row.2636 minecraft:snowy_plains -10000,-4500 -3500,-1000 -1900,300 -2225,500 0,0 -4000,-2666 0
row.2637 minecraft:snowy_plains -10000,-4500 -3500,-1000 -1900,300 -2225,500 10000,10000 -4000,-2666 0
row.2638 minecraft:snowy_plains -10000,-4500 -3500,-1000 300,10000 -2225,500 0,0 -4000,-2666 0
row.2639 minecraft:snowy_plains -10000,-4500 -3500,-1000 300,10000 -2225,500 10000,10000 -4000,-2666 0
row.2640 minecraft:snowy_beach -10000,-4500 -3500,-1000 -1900,-1100 500,4500 0,0 -4000,-2666 0
row.2641 minecraft:snowy_beach -10000,-4500 -3500,-1000 -1900,-1100 500,4500 10000,10000 -4000,-2666 0
row.2642 minecraft:snowy_plains -10000,-4500 -3500,-1000 -1100,10000 500,4500 0,0 -4000,-2666 0
row.2643 minecraft:snowy_plains -10000,-4500 -3500,-1000 -1100,10000 500,4500 10000,10000 -4000,-2666 0
row.2644 minecraft:snowy_beach -10000,-4500 -3500,-1000 -1900,-1100 4500,5500 0,0 -4000,-2666 0
row.2645 minecraft:snowy_beach -10000,-4500 -3500,-1000 -1900,-1100 4500,5500 10000,10000 -4000,-2666 0
row.2646 minecraft:snowy_plains -10000,-4500 -3500,-1000 -1100,300 4500,5500 0,0 -4000,-2666 0
row.2647 minecraft:snowy_plains -10000,-4500 -3500,-1000 -1100,300 4500,5500 10000,10000 -4000,-2666 0
row.2648 minecraft:windswept_gravelly_hills -10000,-4500 -3500,-1000 300,10000 4500,5500 0,0 -4000,-2666 0
row.2649 minecraft:windswept_gravelly_hills -10000,-4500 -3500,-1000 300,10000 4500,5500 10000,10000 -4000,-2666 0
row.2650 minecraft:snowy_beach -10000,-4500 -3500,-1000 -1900,-1100 5500,10000 0,0 -4000,-2666 0
row.2651 minecraft:snowy_beach -10000,-4500 -3500,-1000 -1900,-1100 5500,10000 10000,10000 -4000,-2666 0
row.2652 minecraft:snowy_plains -10000,-4500 -3500,-1000 -1100,10000 5500,10000 0,0 -4000,-2666 0
row.2653 minecraft:snowy_plains -10000,-4500 -3500,-1000 -1100,10000 5500,10000 10000,10000 -4000,-2666 0
row.2654 minecraft:grove -10000,-4500 -1000,1000 -1100,10000 -10000,-7799 0,0 -4000,-2666 0
row.2655 minecraft:grove -10000,-4500 -1000,1000 -1100,10000 -10000,-7799 10000,10000 -4000,-2666 0
row.2656 minecraft:grove -10000,-4500 -1000,1000 -1100,3000 -7799,-3750 0,0 -4000,-2666 0
row.2657 minecraft:grove -10000,-4500 -1000,1000 -1100,3000 -7799,-3750 10000,10000 -4000,-2666 0
row.2658 minecraft:grove -10000,-4500 -1000,1000 3000,10000 -7799,-3750 0,0 -4000,-2666 0
row.2659 minecraft:grove -10000,-4500 -1000,1000 3000,10000 -7799,-3750 10000,10000 -4000,-2666 0
row.2660 minecraft:snowy_plains -10000,-4500 -1000,1000 -1100,300 -3750,-2225 0,0 -4000,-2666 0
row.2661 minecraft:snowy_plains -10000,-4500 -1000,1000 -1100,300 -3750,-2225 10000,10000 -4000,-2666 0
row.2662 minecraft:snowy_plains -10000,-4500 -1000,1000 300,3000 -3750,-2225 0,0 -4000,-2666 0
row.2663 minecraft:snowy_plains -10000,-4500 -1000,1000 300,3000 -3750,-2225 10000,10000 -4000,-2666 0
row.2664 minecraft:snowy_plains -10000,-4500 -1000,1000 3000,10000 -3750,-2225 0,0 -4000,-2666 0
row.2665 minecraft:snowy_plains -10000,-4500 -1000,1000 3000,10000 -3750,-2225 10000,10000 -4000,-2666 0
row.2666 minecraft:snowy_plains -10000,-4500 -1000,1000 -1900,300 -2225,500 0,0 -4000,-2666 0
row.2667 minecraft:snowy_plains -10000,-4500 -1000,1000 -1900,300 -2225,500 10000,10000 -4000,-2666 0
row.2668 minecraft:snowy_plains -10000,-4500 -1000,1000 300,10000 -2225,500 0,0 -4000,-2666 0
row.2669 minecraft:snowy_plains -10000,-4500 -1000,1000 300,10000 -2225,500 10000,10000 -4000,-2666 0
row.2670 minecraft:snowy_beach -10000,-4500 -1000,1000 -1900,-1100 500,4500 0,0 -4000,-2666 0
row.2671 minecraft:snowy_beach -10000,-4500 -1000,1000 -1900,-1100 500,4500 10000,10000 -4000,-2666 0
row.2672 minecraft:snowy_plains -10000,-4500 -1000,1000 -1100,10000 500,4500 0,0 -4000,-2666 0
row.2673 minecraft:snowy_plains -10000,-4500 -1000,1000 -1100,10000 500,4500 10000,10000 -4000,-2666 0
row.2674 minecraft:snowy_beach -10000,-4500 -1000,1000 -1900,-1100 4500,5500 0,0 -4000,-2666 0
row.2675 minecraft:snowy_beach -10000,-4500 -1000,1000 -1900,-1100 4500,5500 10000,10000 -4000,-2666 0
row.2676 minecraft:snowy_plains -10000,-4500 -1000,1000 -1100,300 4500,5500 0,0 -4000,-2666 0
row.2677 minecraft:snowy_plains -10000,-4500 -1000,1000 -1100,300 4500,5500 10000,10000 -4000,-2666 0
row.2678 minecraft:windswept_hills -10000,-4500 -1000,1000 300,10000 4500,5500 0,0 -4000,-2666 0
row.2679 minecraft:windswept_hills -10000,-4500 -1000,1000 300,10000 4500,5500 10000,10000 -4000,-2666 0
row.2680 minecraft:snowy_beach -10000,-4500 -1000,1000 -1900,-1100 5500,10000 0,0 -4000,-2666 0
row.2681 minecraft:snowy_beach -10000,-4500 -1000,1000 -1900,-1100 5500,10000 10000,10000 -4000,-2666 0
row.2682 minecraft:snowy_plains -10000,-4500 -1000,1000 -1100,10000 5500,10000 0,0 -4000,-2666 0
row.2683 minecraft:snowy_plains -10000,-4500 -1000,1000 -1100,10000 5500,10000 10000,10000 -4000,-2666 0
row.2684 minecraft:grove -10000,-4500 1000,3000 -1100,10000 -10000,-7799 0,0 -4000,-2666 0
row.2685 minecraft:grove -10000,-4500 1000,3000 -1100,10000 -10000,-7799 10000,10000 -4000,-2666 0
row.2686 minecraft:grove -10000,-4500 1000,3000 -1100,3000 -7799,-3750 0,0 -4000,-2666 0
row.2687 minecraft:grove -10000,-4500 1000,3000 -1100,3000 -7799,-3750 10000,10000 -4000,-2666 0
row.2688 minecraft:grove -10000,-4500 1000,3000 3000,10000 -7799,-3750 0,0 -4000,-2666 0
row.2689 minecraft:grove -10000,-4500 1000,3000 3000,10000 -7799,-3750 10000,10000 -4000,-2666 0
row.2690 minecraft:snowy_taiga -10000,-4500 1000,3000 -1100,300 -3750,-2225 0,0 -4000,-2666 0
row.2691 minecraft:snowy_taiga -10000,-4500 1000,3000 -1100,300 -3750,-2225 10000,10000 -4000,-2666 0
row.2692 minecraft:snowy_taiga -10000,-4500 1000,3000 300,3000 -3750,-2225 0,0 -4000,-2666 0
row.2693 minecraft:snowy_taiga -10000,-4500 1000,3000 300,3000 -3750,-2225 10000,10000 -4000,-2666 0
row.2694 minecraft:snowy_taiga -10000,-4500 1000,3000 3000,10000 -3750,-2225 0,0 -4000,-2666 0
row.2695 minecraft:snowy_taiga -10000,-4500 1000,3000 3000,10000 -3750,-2225 10000,10000 -4000,-2666 0
row.2696 minecraft:snowy_taiga -10000,-4500 1000,3000 -1900,300 -2225,500 0,0 -4000,-2666 0
row.2697 minecraft:snowy_taiga -10000,-4500 1000,3000 -1900,300 -2225,500 10000,10000 -4000,-2666 0
row.2698 minecraft:snowy_taiga -10000,-4500 1000,3000 300,10000 -2225,500 0,0 -4000,-2666 0
row.2699 minecraft:snowy_taiga -10000,-4500 1000,3000 300,10000 -2225,500 10000,10000 -4000,-2666 0
row.2700 minecraft:snowy_beach -10000,-4500 1000,3000 -1900,-1100 500,4500 0,0 -4000,-2666 0
row.2701 minecraft:snowy_beach -10000,-4500 1000,3000 -1900,-1100 500,4500 10000,10000 -4000,-2666 0
row.2702 minecraft:snowy_taiga -10000,-4500 1000,3000 -1100,10000 500,4500 0,0 -4000,-2666 0
row.2703 minecraft:snowy_taiga -10000,-4500 1000,3000 -1100,10000 500,4500 10000,10000 -4000,-2666 0
row.2704 minecraft:snowy_beach -10000,-4500 1000,3000 -1900,-1100 4500,5500 0,0 -4000,-2666 0
row.2705 minecraft:snowy_beach -10000,-4500 1000,3000 -1900,-1100 4500,5500 10000,10000 -4000,-2666 0
row.2706 minecraft:snowy_taiga -10000,-4500 1000,3000 -1100,300 4500,5500 0,0 -4000,-2666 0
row.2707 minecraft:snowy_taiga -10000,-4500 1000,3000 -1100,300 4500,5500 10000,10000 -4000,-2666 0
row.2708 minecraft:windswept_forest -10000,-4500 1000,3000 300,10000 4500,5500 0,0 -4000,-2666 0
row.2709 minecraft:windswept_forest -10000,-4500 1000,3000 300,10000 4500,5500 10000,10000 -4000,-2666 0
row.2710 minecraft:snowy_beach -10000,-4500 1000,3000 -1900,-1100 5500,10000 0,0 -4000,-2666 0
row.2711 minecraft:snowy_beach -10000,-4500 1000,3000 -1900,-1100 5500,10000 10000,10000 -4000,-2666 0
row.2712 minecraft:snowy_taiga -10000,-4500 1000,3000 -1100,10000 5500,10000 0,0 -4000,-2666 0
row.2713 minecraft:snowy_taiga -10000,-4500 1000,3000 -1100,10000 5500,10000 10000,10000 -4000,-2666 0
row.2714 minecraft:grove -10000,-4500 3000,10000 -1100,10000 -10000,-7799 0,0 -4000,-2666 0
row.2715 minecraft:grove -10000,-4500 3000,10000 -1100,10000 -10000,-7799 10000,10000 -4000,-2666 0
row.2716 minecraft:grove -10000,-4500 3000,10000 -1100,3000 -7799,-3750 0,0 -4000,-2666 0
row.2717 minecraft:grove -10000,-4500 3000,10000 -1100,3000 -7799,-3750 10000,10000 -4000,-2666 0
row.2718 minecraft:grove -10000,-4500 3000,10000 3000,10000 -7799,-3750 0,0 -4000,-2666 0
row.2719 minecraft:grove -10000,-4500 3000,10000 3000,10000 -7799,-3750 10000,10000 -4000,-2666 0
row.2720 minecraft:taiga -10000,-4500 3000,10000 -1100,300 -3750,-2225 0,0 -4000,-2666 0
row.2721 minecraft:taiga -10000,-4500 3000,10000 -1100,300 -3750,-2225 10000,10000 -4000,-2666 0
row.2722 minecraft:taiga -10000,-4500 3000,10000 300,3000 -3750,-2225 0,0 -4000,-2666 0
row.2723 minecraft:taiga -10000,-4500 3000,10000 300,3000 -3750,-2225 10000,10000 -4000,-2666 0
row.2724 minecraft:snowy_taiga -10000,-4500 3000,10000 3000,10000 -3750,-2225 0,0 -4000,-2666 0
row.2725 minecraft:snowy_taiga -10000,-4500 3000,10000 3000,10000 -3750,-2225 10000,10000 -4000,-2666 0
row.2726 minecraft:taiga -10000,-4500 3000,10000 -1900,300 -2225,500 0,0 -4000,-2666 0
row.2727 minecraft:taiga -10000,-4500 3000,10000 -1900,300 -2225,500 10000,10000 -4000,-2666 0
row.2728 minecraft:taiga -10000,-4500 3000,10000 300,10000 -2225,500 0,0 -4000,-2666 0
row.2729 minecraft:taiga -10000,-4500 3000,10000 300,10000 -2225,500 10000,10000 -4000,-2666 0
row.2730 minecraft:snowy_beach -10000,-4500 3000,10000 -1900,-1100 500,4500 0,0 -4000,-2666 0
row.2731 minecraft:snowy_beach -10000,-4500 3000,10000 -1900,-1100 500,4500 10000,10000 -4000,-2666 0
row.2732 minecraft:taiga -10000,-4500 3000,10000 -1100,10000 500,4500 0,0 -4000,-2666 0
row.2733 minecraft:taiga -10000,-4500 3000,10000 -1100,10000 500,4500 10000,10000 -4000,-2666 0
row.2734 minecraft:snowy_beach -10000,-4500 3000,10000 -1900,-1100 4500,5500 0,0 -4000,-2666 0
row.2735 minecraft:snowy_beach -10000,-4500 3000,10000 -1900,-1100 4500,5500 10000,10000 -4000,-2666 0
row.2736 minecraft:taiga -10000,-4500 3000,10000 -1100,300 4500,5500 0,0 -4000,-2666 0
row.2737 minecraft:taiga -10000,-4500 3000,10000 -1100,300 4500,5500 10000,10000 -4000,-2666 0
row.2738 minecraft:windswept_forest -10000,-4500 3000,10000 300,10000 4500,5500 0,0 -4000,-2666 0
row.2739 minecraft:windswept_forest -10000,-4500 3000,10000 300,10000 4500,5500 10000,10000 -4000,-2666 0
row.2740 minecraft:snowy_beach -10000,-4500 3000,10000 -1900,-1100 5500,10000 0,0 -4000,-2666 0
row.2741 minecraft:snowy_beach -10000,-4500 3000,10000 -1900,-1100 5500,10000 10000,10000 -4000,-2666 0
row.2742 minecraft:taiga -10000,-4500 3000,10000 -1100,10000 5500,10000 0,0 -4000,-2666 0
row.2743 minecraft:taiga -10000,-4500 3000,10000 -1100,10000 5500,10000 10000,10000 -4000,-2666 0
row.2744 minecraft:snowy_slopes -4500,-1500 -10000,-3500 -1100,10000 -10000,-7799 0,0 -4000,-2666 0
row.2745 minecraft:snowy_slopes -4500,-1500 -10000,-3500 -1100,10000 -10000,-7799 10000,10000 -4000,-2666 0
row.2746 minecraft:plains -4500,-1500 -10000,-3500 -1100,3000 -7799,-3750 0,0 -4000,-2666 0
row.2747 minecraft:plains -4500,-1500 -10000,-3500 -1100,3000 -7799,-3750 10000,10000 -4000,-2666 0
row.2748 minecraft:meadow -4500,-1500 -10000,-3500 3000,10000 -7799,-3750 0,0 -4000,-2666 0
row.2749 minecraft:meadow -4500,-1500 -10000,-3500 3000,10000 -7799,-3750 10000,10000 -4000,-2666 0
row.2750 minecraft:plains -4500,-1500 -10000,-3500 -1100,300 -3750,-2225 0,0 -4000,-2666 0
row.2751 minecraft:plains -4500,-1500 -10000,-3500 -1100,300 -3750,-2225 10000,10000 -4000,-2666 0
row.2752 minecraft:plains -4500,-1500 -10000,-3500 300,3000 -3750,-2225 0,0 -4000,-2666 0
row.2753 minecraft:plains -4500,-1500 -10000,-3500 300,3000 -3750,-2225 10000,10000 -4000,-2666 0
row.2754 minecraft:meadow -4500,-1500 -10000,-3500 3000,10000 -3750,-2225 0,0 -4000,-2666 0
row.2755 minecraft:meadow -4500,-1500 -10000,-3500 3000,10000 -3750,-2225 10000,10000 -4000,-2666 0
row.2756 minecraft:plains -4500,-1500 -10000,-3500 -1900,300 -2225,500 0,0 -4000,-2666 0
row.2757 minecraft:plains -4500,-1500 -10000,-3500 -1900,300 -2225,500 10000,10000 -4000,-2666 0
row.2758 minecraft:plains -4500,-1500 -10000,-3500 300,10000 -2225,500 0,0 -4000,-2666 0
row.2759 minecraft:plains -4500,-1500 -10000,-3500 300,10000 -2225,500 10000,10000 -4000,-2666 0
row.2760 minecraft:beach -4500,-1500 -10000,-3500 -1900,-1100 500,4500 0,0 -4000,-2666 0
row.2761 minecraft:beach -4500,-1500 -10000,-3500 -1900,-1100 500,4500 10000,10000 -4000,-2666 0
row.2762 minecraft:plains -4500,-1500 -10000,-3500 -1100,10000 500,4500 0,0 -4000,-2666 0
row.2763 minecraft:plains -4500,-1500 -10000,-3500 -1100,10000 500,4500 10000,10000 -4000,-2666 0
row.2764 minecraft:beach -4500,-1500 -10000,-3500 -1900,-1100 4500,5500 0,0 -4000,-2666 0
row.2765 minecraft:beach -4500,-1500 -10000,-3500 -1900,-1100 4500,5500 10000,10000 -4000,-2666 0
row.2766 minecraft:plains -4500,-1500 -10000,-3500 -1100,300 4500,5500 0,0 -4000,-2666 0
row.2767 minecraft:plains -4500,-1500 -10000,-3500 -1100,300 4500,5500 10000,10000 -4000,-2666 0
row.2768 minecraft:windswept_gravelly_hills -4500,-1500 -10000,-3500 300,10000 4500,5500 0,0 -4000,-2666 0
row.2769 minecraft:windswept_gravelly_hills -4500,-1500 -10000,-3500 300,10000 4500,5500 10000,10000 -4000,-2666 0
row.2770 minecraft:beach -4500,-1500 -10000,-3500 -1900,-1100 5500,10000 0,0 -4000,-2666 0
row.2771 minecraft:beach -4500,-1500 -10000,-3500 -1900,-1100 5500,10000 10000,10000 -4000,-2666 0
row.2772 minecraft:snowy_slopes -4500,-1500 -3500,-1000 -1100,10000 -10000,-7799 0,0 -4000,-2666 0
row.2773 minecraft:snowy_slopes -4500,-1500 -3500,-1000 -1100,10000 -10000,-7799 10000,10000 -4000,-2666 0
row.2774 minecraft:plains -4500,-1500 -3500,-1000 -1100,3000 -7799,-3750 0,0 -4000,-2666 0
row.2775 minecraft:plains -4500,-1500 -3500,-1000 -1100,3000 -7799,-3750 10000,10000 -4000,-2666 0
row.2776 minecraft:meadow -4500,-1500 -3500,-1000 3000,10000 -7799,-3750 0,0 -4000,-2666 0
row.2777 minecraft:meadow -4500,-1500 -3500,-1000 3000,10000 -7799,-3750 10000,10000 -4000,-2666 0
row.2778 minecraft:plains -4500,-1500 -3500,-1000 -1100,300 -3750,-2225 0,0 -4000,-2666 0
row.2779 minecraft:plains -4500,-1500 -3500,-1000 -1100,300 -3750,-2225 10000,10000 -4000,-2666 0
row.2780 minecraft:plains -4500,-1500 -3500,-1000 300,3000 -3750,-2225 0,0 -4000,-2666 0
row.2781 minecraft:plains -4500,-1500 -3500,-1000 300,3000 -3750,-2225 10000,10000 -4000,-2666 0
row.2782 minecraft:meadow -4500,-1500 -3500,-1000 3000,10000 -3750,-2225 0,0 -4000,-2666 0
row.2783 minecraft:meadow -4500,-1500 -3500,-1000 3000,10000 -3750,-2225 10000,10000 -4000,-2666 0
row.2784 minecraft:plains -4500,-1500 -3500,-1000 -1900,300 -2225,500 0,0 -4000,-2666 0
row.2785 minecraft:plains -4500,-1500 -3500,-1000 -1900,300 -2225,500 10000,10000 -4000,-2666 0
row.2786 minecraft:plains -4500,-1500 -3500,-1000 300,10000 -2225,500 0,0 -4000,-2666 0
row.2787 minecraft:plains -4500,-1500 -3500,-1000 300,10000 -2225,500 10000,10000 -4000,-2666 0
row.2788 minecraft:beach -4500,-1500 -3500,-1000 -1900,-1100 500,4500 0,0 -4000,-2666 0
row.2789 minecraft:beach -4500,-1500 -3500,-1000 -1900,-1100 500,4500 10000,10000 -4000,-2666 0
row.2790 minecraft:plains -4500,-1500 -3500,-1000 -1100,10000 500,4500 0,0 -4000,-2666 0
row.2791 minecraft:plains -4500,-1500 -3500,-1000 -1100,10000 500,4500 10000,10000 -4000,-2666 0
row.2792 minecraft:beach -4500,-1500 -3500,-1000 -1900,-1100 4500,5500 0,0 -4000,-2666 0
row.2793 minecraft:beach -4500,-1500 -3500,-1000 -1900,-1100 4500,5500 10000,10000 -4000,-2666 0
row.2794 minecraft:plains -4500,-1500 -3500,-1000 -1100,300 4500,5500 0,0 -4000,-2666 0
row.2795 minecraft:plains -4500,-1500 -3500,-1000 -1100,300 4500,5500 10000,10000 -4000,-2666 0
row.2796 minecraft:windswept_gravelly_hills -4500,-1500 -3500,-1000 300,10000 4500,5500 0,0 -4000,-2666 0
row.2797 minecraft:windswept_gravelly_hills -4500,-1500 -3500,-1000 300,10000 4500,5500 10000,10000 -4000,-2666 0
row.2798 minecraft:beach -4500,-1500 -3500,-1000 -1900,-1100 5500,10000 0,0 -4000,-2666 0
row.2799 minecraft:beach -4500,-1500 -3500,-1000 -1900,-1100 5500,10000 10000,10000 -4000,-2666 0
row.2800 minecraft:grove -4500,-1500 -1000,1000 -1100,10000 -10000,-7799 0,0 -4000,-2666 0
row.2801 minecraft:grove -4500,-1500 -1000,1000 -1100,10000 -10000,-7799 10000,10000 -4000,-2666 0
row.2802 minecraft:forest -4500,-1500 -1000,1000 -1100,3000 -7799,-3750 0,0 -4000,-2666 0
row.2803 minecraft:forest -4500,-1500 -1000,1000 -1100,3000 -7799,-3750 10000,10000 -4000,-2666 0
row.2804 minecraft:forest -4500,-1500 -1000,1000 3000,10000 -7799,-3750 0,0 -4000,-2666 0
row.2805 minecraft:forest -4500,-1500 -1000,1000 3000,10000 -7799,-3750 10000,10000 -4000,-2666 0
row.2806 minecraft:forest -4500,-1500 -1000,1000 -1100,300 -3750,-2225 0,0 -4000,-2666 0
row.2807 minecraft:forest -4500,-1500 -1000,1000 -1100,300 -3750,-2225 10000,10000 -4000,-2666 0
row.2808 minecraft:forest -4500,-1500 -1000,1000 300,3000 -3750,-2225 0,0 -4000,-2666 0
row.2809 minecraft:forest -4500,-1500 -1000,1000 300,3000 -3750,-2225 10000,10000 -4000,-2666 0
row.2810 minecraft:forest -4500,-1500 -1000,1000 3000,10000 -3750,-2225 0,0 -4000,-2666 0
row.2811 minecraft:forest -4500,-1500 -1000,1000 3000,10000 -3750,-2225 10000,10000 -4000,-2666 0
row.2812 minecraft:forest -4500,-1500 -1000,1000 -1900,300 -2225,500 0,0 -4000,-2666 0
row.2813 minecraft:forest -4500,-1500 -1000,1000 -1900,300 -2225,500 10000,10000 -4000,-2666 0
row.2814 minecraft:forest -4500,-1500 -1000,1000 300,10000 -2225,500 0,0 -4000,-2666 0
row.2815 minecraft:forest -4500,-1500 -1000,1000 300,10000 -2225,500 10000,10000 -4000,-2666 0
row.2816 minecraft:beach -4500,-1500 -1000,1000 -1900,-1100 500,4500 0,0 -4000,-2666 0
row.2817 minecraft:beach -4500,-1500 -1000,1000 -1900,-1100 500,4500 10000,10000 -4000,-2666 0
row.2818 minecraft:forest -4500,-1500 -1000,1000 -1100,10000 500,4500 0,0 -4000,-2666 0
row.2819 minecraft:forest -4500,-1500 -1000,1000 -1100,10000 500,4500 10000,10000 -4000,-2666 0
row.2820 minecraft:beach -4500,-1500 -1000,1000 -1900,-1100 4500,5500 0,0 -4000,-2666 0
row.2821 minecraft:beach -4500,-1500 -1000,1000 -1900,-1100 4500,5500 10000,10000 -4000,-2666 0
row.2822 minecraft:forest -4500,-1500 -1000,1000 -1100,300 4500,5500 0,0 -4000,-2666 0
row.2823 minecraft:forest -4500,-1500 -1000,1000 -1100,300 4500,5500 10000,10000 -4000,-2666 0
row.2824 minecraft:windswept_hills -4500,-1500 -1000,1000 300,10000 4500,5500 0,0 -4000,-2666 0
row.2825 minecraft:windswept_hills -4500,-1500 -1000,1000 300,10000 4500,5500 10000,10000 -4000,-2666 0
row.2826 minecraft:beach -4500,-1500 -1000,1000 -1900,-1100 5500,10000 0,0 -4000,-2666 0
row.2827 minecraft:beach -4500,-1500 -1000,1000 -1900,-1100 5500,10000 10000,10000 -4000,-2666 0
row.2828 minecraft:grove -4500,-1500 1000,3000 -1100,10000 -10000,-7799 0,0 -4000,-2666 0
row.2829 minecraft:grove -4500,-1500 1000,3000 -1100,10000 -10000,-7799 10000,10000 -4000,-2666 0
row.2830 minecraft:taiga -4500,-1500 1000,3000 -1100,3000 -7799,-3750 0,0 -4000,-2666 0
row.2831 minecraft:taiga -4500,-1500 1000,3000 -1100,3000 -7799,-3750 10000,10000 -4000,-2666 0
row.2832 minecraft:taiga -4500,-1500 1000,3000 3000,10000 -7799,-3750 0,0 -4000,-2666 0
row.2833 minecraft:taiga -4500,-1500 1000,3000 3000,10000 -7799,-3750 10000,10000 -4000,-2666 0
row.2834 minecraft:taiga -4500,-1500 1000,3000 -1100,300 -3750,-2225 0,0 -4000,-2666 0
row.2835 minecraft:taiga -4500,-1500 1000,3000 -1100,300 -3750,-2225 10000,10000 -4000,-2666 0
row.2836 minecraft:taiga -4500,-1500 1000,3000 300,3000 -3750,-2225 0,0 -4000,-2666 0
row.2837 minecraft:taiga -4500,-1500 1000,3000 300,3000 -3750,-2225 10000,10000 -4000,-2666 0
row.2838 minecraft:taiga -4500,-1500 1000,3000 3000,10000 -3750,-2225 0,0 -4000,-2666 0
row.2839 minecraft:taiga -4500,-1500 1000,3000 3000,10000 -3750,-2225 10000,10000 -4000,-2666 0
row.2840 minecraft:taiga -4500,-1500 1000,3000 -1900,300 -2225,500 0,0 -4000,-2666 0
row.2841 minecraft:taiga -4500,-1500 1000,3000 -1900,300 -2225,500 10000,10000 -4000,-2666 0
row.2842 minecraft:taiga -4500,-1500 1000,3000 300,10000 -2225,500 0,0 -4000,-2666 0
row.2843 minecraft:taiga -4500,-1500 1000,3000 300,10000 -2225,500 10000,10000 -4000,-2666 0
row.2844 minecraft:beach -4500,-1500 1000,3000 -1900,-1100 500,4500 0,0 -4000,-2666 0
row.2845 minecraft:beach -4500,-1500 1000,3000 -1900,-1100 500,4500 10000,10000 -4000,-2666 0
row.2846 minecraft:taiga -4500,-1500 1000,3000 -1100,10000 500,4500 0,0 -4000,-2666 0
row.2847 minecraft:taiga -4500,-1500 1000,3000 -1100,10000 500,4500 10000,10000 -4000,-2666 0
row.2848 minecraft:beach -4500,-1500 1000,3000 -1900,-1100 4500,5500 0,0 -4000,-2666 0
row.2849 minecraft:beach -4500,-1500 1000,3000 -1900,-1100 4500,5500 10000,10000 -4000,-2666 0
row.2850 minecraft:taiga -4500,-1500 1000,3000 -1100,300 4500,5500 0,0 -4000,-2666 0
row.2851 minecraft:taiga -4500,-1500 1000,3000 -1100,300 4500,5500 10000,10000 -4000,-2666 0
row.2852 minecraft:windswept_forest -4500,-1500 1000,3000 300,10000 4500,5500 0,0 -4000,-2666 0
row.2853 minecraft:windswept_forest -4500,-1500 1000,3000 300,10000 4500,5500 10000,10000 -4000,-2666 0
row.2854 minecraft:beach -4500,-1500 1000,3000 -1900,-1100 5500,10000 0,0 -4000,-2666 0
row.2855 minecraft:beach -4500,-1500 1000,3000 -1900,-1100 5500,10000 10000,10000 -4000,-2666 0
row.2856 minecraft:grove -4500,-1500 3000,10000 -1100,10000 -10000,-7799 0,0 -4000,-2666 0
row.2857 minecraft:grove -4500,-1500 3000,10000 -1100,10000 -10000,-7799 10000,10000 -4000,-2666 0
row.2858 minecraft:old_growth_spruce_taiga -4500,-1500 3000,10000 -1100,3000 -7799,-3750 0,0 -4000,-2666 0
row.2859 minecraft:old_growth_spruce_taiga -4500,-1500 3000,10000 -1100,3000 -7799,-3750 10000,10000 -4000,-2666 0
row.2860 minecraft:old_growth_spruce_taiga -4500,-1500 3000,10000 3000,10000 -7799,-3750 0,0 -4000,-2666 0
row.2861 minecraft:old_growth_spruce_taiga -4500,-1500 3000,10000 3000,10000 -7799,-3750 10000,10000 -4000,-2666 0
row.2862 minecraft:old_growth_spruce_taiga -4500,-1500 3000,10000 -1100,300 -3750,-2225 0,0 -4000,-2666 0
row.2863 minecraft:old_growth_spruce_taiga -4500,-1500 3000,10000 -1100,300 -3750,-2225 10000,10000 -4000,-2666 0
row.2864 minecraft:old_growth_spruce_taiga -4500,-1500 3000,10000 300,3000 -3750,-2225 0,0 -4000,-2666 0
row.2865 minecraft:old_growth_spruce_taiga -4500,-1500 3000,10000 300,3000 -3750,-2225 10000,10000 -4000,-2666 0
row.2866 minecraft:old_growth_spruce_taiga -4500,-1500 3000,10000 3000,10000 -3750,-2225 0,0 -4000,-2666 0
row.2867 minecraft:old_growth_spruce_taiga -4500,-1500 3000,10000 3000,10000 -3750,-2225 10000,10000 -4000,-2666 0
row.2868 minecraft:old_growth_spruce_taiga -4500,-1500 3000,10000 -1900,300 -2225,500 0,0 -4000,-2666 0
row.2869 minecraft:old_growth_spruce_taiga -4500,-1500 3000,10000 -1900,300 -2225,500 10000,10000 -4000,-2666 0
row.2870 minecraft:old_growth_spruce_taiga -4500,-1500 3000,10000 300,10000 -2225,500 0,0 -4000,-2666 0
row.2871 minecraft:old_growth_spruce_taiga -4500,-1500 3000,10000 300,10000 -2225,500 10000,10000 -4000,-2666 0
row.2872 minecraft:beach -4500,-1500 3000,10000 -1900,-1100 500,4500 0,0 -4000,-2666 0
row.2873 minecraft:beach -4500,-1500 3000,10000 -1900,-1100 500,4500 10000,10000 -4000,-2666 0
row.2874 minecraft:old_growth_spruce_taiga -4500,-1500 3000,10000 -1100,10000 500,4500 0,0 -4000,-2666 0
row.2875 minecraft:old_growth_spruce_taiga -4500,-1500 3000,10000 -1100,10000 500,4500 10000,10000 -4000,-2666 0
row.2876 minecraft:beach -4500,-1500 3000,10000 -1900,-1100 4500,5500 0,0 -4000,-2666 0
row.2877 minecraft:beach -4500,-1500 3000,10000 -1900,-1100 4500,5500 10000,10000 -4000,-2666 0
row.2878 minecraft:old_growth_spruce_taiga -4500,-1500 3000,10000 -1100,300 4500,5500 0,0 -4000,-2666 0
row.2879 minecraft:old_growth_spruce_taiga -4500,-1500 3000,10000 -1100,300 4500,5500 10000,10000 -4000,-2666 0
row.2880 minecraft:windswept_forest -4500,-1500 3000,10000 300,10000 4500,5500 0,0 -4000,-2666 0
row.2881 minecraft:windswept_forest -4500,-1500 3000,10000 300,10000 4500,5500 10000,10000 -4000,-2666 0
row.2882 minecraft:beach -4500,-1500 3000,10000 -1900,-1100 5500,10000 0,0 -4000,-2666 0
row.2883 minecraft:beach -4500,-1500 3000,10000 -1900,-1100 5500,10000 10000,10000 -4000,-2666 0
row.2884 minecraft:snowy_slopes -1500,2000 -10000,-3500 -1100,10000 -10000,-7799 0,0 -4000,-2666 0
row.2885 minecraft:snowy_slopes -1500,2000 -10000,-3500 -1100,10000 -10000,-7799 10000,10000 -4000,-2666 0
row.2886 minecraft:flower_forest -1500,2000 -10000,-3500 -1100,3000 -7799,-3750 0,0 -4000,-2666 0
row.2887 minecraft:flower_forest -1500,2000 -10000,-3500 -1100,3000 -7799,-3750 10000,10000 -4000,-2666 0
row.2888 minecraft:meadow -1500,2000 -10000,-3500 3000,10000 -7799,-3750 0,0 -4000,-2666 0
row.2889 minecraft:meadow -1500,2000 -10000,-3500 3000,10000 -7799,-3750 10000,10000 -4000,-2666 0
row.2890 minecraft:flower_forest -1500,2000 -10000,-3500 -1100,300 -3750,-2225 0,0 -4000,-2666 0
row.2891 minecraft:flower_forest -1500,2000 -10000,-3500 -1100,300 -3750,-2225 10000,10000 -4000,-2666 0
row.2892 minecraft:flower_forest -1500,2000 -10000,-3500 300,3000 -3750,-2225 0,0 -4000,-2666 0
row.2893 minecraft:flower_forest -1500,2000 -10000,-3500 300,3000 -3750,-2225 10000,10000 -4000,-2666 0
row.2894 minecraft:meadow -1500,2000 -10000,-3500 3000,10000 -3750,-2225 0,0 -4000,-2666 0
row.2895 minecraft:meadow -1500,2000 -10000,-3500 3000,10000 -3750,-2225 10000,10000 -4000,-2666 0
row.2896 minecraft:flower_forest -1500,2000 -10000,-3500 -1900,300 -2225,500 0,0 -4000,-2666 0
row.2897 minecraft:flower_forest -1500,2000 -10000,-3500 -1900,300 -2225,500 10000,10000 -4000,-2666 0
row.2898 minecraft:flower_forest -1500,2000 -10000,-3500 300,10000 -2225,500 0,0 -4000,-2666 0
row.2899 minecraft:flower_forest -1500,2000 -10000,-3500 300,10000 -2225,500 10000,10000 -4000,-2666 0
row.2900 minecraft:beach -1500,2000 -10000,-3500 -1900,-1100 500,4500 0,0 -4000,-2666 0
row.2901 minecraft:beach -1500,2000 -10000,-3500 -1900,-1100 500,4500 10000,10000 -4000,-2666 0
row.2902 minecraft:flower_forest -1500,2000 -10000,-3500 -1100,10000 500,4500 0,0 -4000,-2666 0
row.2903 minecraft:flower_forest -1500,2000 -10000,-3500 -1100,10000 500,4500 10000,10000 -4000,-2666 0
row.2904 minecraft:beach -1500,2000 -10000,-3500 -1900,-1100 4500,5500 0,0 -4000,-2666 0
row.2905 minecraft:beach -1500,2000 -10000,-3500 -1900,-1100 4500,5500 10000,10000 -4000,-2666 0
row.2906 minecraft:flower_forest -1500,2000 -10000,-3500 -1100,300 4500,5500 0,0 -4000,-2666 0
row.2907 minecraft:flower_forest -1500,2000 -10000,-3500 -1100,300 4500,5500 10000,10000 -4000,-2666 0
row.2908 minecraft:windswept_hills -1500,2000 -10000,-3500 300,10000 4500,5500 0,0 -4000,-2666 0
row.2909 minecraft:windswept_hills -1500,2000 -10000,-3500 300,10000 4500,5500 10000,10000 -4000,-2666 0
row.2910 minecraft:beach -1500,2000 -10000,-3500 -1900,-1100 5500,10000 0,0 -4000,-2666 0
row.2911 minecraft:beach -1500,2000 -10000,-3500 -1900,-1100 5500,10000 10000,10000 -4000,-2666 0
row.2912 minecraft:snowy_slopes -1500,2000 -3500,-1000 -1100,10000 -10000,-7799 0,0 -4000,-2666 0
row.2913 minecraft:snowy_slopes -1500,2000 -3500,-1000 -1100,10000 -10000,-7799 10000,10000 -4000,-2666 0
row.2914 minecraft:plains -1500,2000 -3500,-1000 -1100,3000 -7799,-3750 0,0 -4000,-2666 0
row.2915 minecraft:plains -1500,2000 -3500,-1000 -1100,3000 -7799,-3750 10000,10000 -4000,-2666 0
row.2916 minecraft:meadow -1500,2000 -3500,-1000 3000,10000 -7799,-3750 0,0 -4000,-2666 0
row.2917 minecraft:meadow -1500,2000 -3500,-1000 3000,10000 -7799,-3750 10000,10000 -4000,-2666 0
row.2918 minecraft:plains -1500,2000 -3500,-1000 -1100,300 -3750,-2225 0,0 -4000,-2666 0
row.2919 minecraft:plains -1500,2000 -3500,-1000 -1100,300 -3750,-2225 10000,10000 -4000,-2666 0
row.2920 minecraft:plains -1500,2000 -3500,-1000 300,3000 -3750,-2225 0,0 -4000,-2666 0
row.2921 minecraft:plains -1500,2000 -3500,-1000 300,3000 -3750,-2225 10000,10000 -4000,-2666 0
row.2922 minecraft:meadow -1500,2000 -3500,-1000 3000,10000 -3750,-2225 0,0 -4000,-2666 0
row.2923 minecraft:meadow -1500,2000 -3500,-1000 3000,10000 -3750,-2225 10000,10000 -4000,-2666 0
row.2924 minecraft:plains -1500,2000 -3500,-1000 -1900,300 -2225,500 0,0 -4000,-2666 0
row.2925 minecraft:plains -1500,2000 -3500,-1000 -1900,300 -2225,500 10000,10000 -4000,-2666 0
row.2926 minecraft:plains -1500,2000 -3500,-1000 300,10000 -2225,500 0,0 -4000,-2666 0
row.2927 minecraft:plains -1500,2000 -3500,-1000 300,10000 -2225,500 10000,10000 -4000,-2666 0
row.2928 minecraft:beach -1500,2000 -3500,-1000 -1900,-1100 500,4500 0,0 -4000,-2666 0
row.2929 minecraft:beach -1500,2000 -3500,-1000 -1900,-1100 500,4500 10000,10000 -4000,-2666 0
row.2930 minecraft:plains -1500,2000 -3500,-1000 -1100,10000 500,4500 0,0 -4000,-2666 0
row.2931 minecraft:plains -1500,2000 -3500,-1000 -1100,10000 500,4500 10000,10000 -4000,-2666 0
row.2932 minecraft:beach -1500,2000 -3500,-1000 -1900,-1100 4500,5500 0,0 -4000,-2666 0
row.2933 minecraft:beach -1500,2000 -3500,-1000 -1900,-1100 4500,5500 10000,10000 -4000,-2666 0
row.2934 minecraft:plains -1500,2000 -3500,-1000 -1100,300 4500,5500 0,0 -4000,-2666 0
row.2935 minecraft:plains -1500,2000 -3500,-1000 -1100,300 4500,5500 10000,10000 -4000,-2666 0
row.2936 minecraft:windswept_hills -1500,2000 -3500,-1000 300,10000 4500,5500 0,0 -4000,-2666 0
row.2937 minecraft:windswept_hills -1500,2000 -3500,-1000 300,10000 4500,5500 10000,10000 -4000,-2666 0
row.2938 minecraft:beach -1500,2000 -3500,-1000 -1900,-1100 5500,10000 0,0 -4000,-2666 0
row.2939 minecraft:beach -1500,2000 -3500,-1000 -1900,-1100 5500,10000 10000,10000 -4000,-2666 0
row.2940 minecraft:grove -1500,2000 -1000,1000 -1100,10000 -10000,-7799 0,0 -4000,-2666 0
row.2941 minecraft:grove -1500,2000 -1000,1000 -1100,10000 -10000,-7799 10000,10000 -4000,-2666 0
row.2942 minecraft:forest -1500,2000 -1000,1000 -1100,3000 -7799,-3750 0,0 -4000,-2666 0
row.2943 minecraft:forest -1500,2000 -1000,1000 -1100,3000 -7799,-3750 10000,10000 -4000,-2666 0
row.2944 minecraft:meadow -1500,2000 -1000,1000 3000,10000 -7799,-3750 0,0 -4000,-2666 0
row.2945 minecraft:meadow -1500,2000 -1000,1000 3000,10000 -7799,-3750 10000,10000 -4000,-2666 0
row.2946 minecraft:forest -1500,2000 -1000,1000 -1100,300 -3750,-2225 0,0 -4000,-2666 0
row.2947 minecraft:forest -1500,2000 -1000,1000 -1100,300 -3750,-2225 10000,10000 -4000,-2666 0
row.2948 minecraft:forest -1500,2000 -1000,1000 300,3000 -3750,-2225 0,0 -4000,-2666 0
row.2949 minecraft:forest -1500,2000 -1000,1000 300,3000 -3750,-2225 10000,10000 -4000,-2666 0
row.2950 minecraft:meadow -1500,2000 -1000,1000 3000,10000 -3750,-2225 0,0 -4000,-2666 0
row.2951 minecraft:meadow -1500,2000 -1000,1000 3000,10000 -3750,-2225 10000,10000 -4000,-2666 0
row.2952 minecraft:forest -1500,2000 -1000,1000 -1900,300 -2225,500 0,0 -4000,-2666 0
row.2953 minecraft:forest -1500,2000 -1000,1000 -1900,300 -2225,500 10000,10000 -4000,-2666 0
row.2954 minecraft:forest -1500,2000 -1000,1000 300,10000 -2225,500 0,0 -4000,-2666 0
row.2955 minecraft:forest -1500,2000 -1000,1000 300,10000 -2225,500 10000,10000 -4000,-2666 0
row.2956 minecraft:beach -1500,2000 -1000,1000 -1900,-1100 500,4500 0,0 -4000,-2666 0
row.2957 minecraft:beach -1500,2000 -1000,1000 -1900,-1100 500,4500 10000,10000 -4000,-2666 0
row.2958 minecraft:forest -1500,2000 -1000,1000 -1100,10000 500,4500 0,0 -4000,-2666 0
row.2959 minecraft:forest -1500,2000 -1000,1000 -1100,10000 500,4500 10000,10000 -4000,-2666 0
row.2960 minecraft:beach -1500,2000 -1000,1000 -1900,-1100 4500,5500 0,0 -4000,-2666 0
row.2961 minecraft:beach -1500,2000 -1000,1000 -1900,-1100 4500,5500 10000,10000 -4000,-2666 0
row.2962 minecraft:forest -1500,2000 -1000,1000 -1100,300 4500,5500 0,0 -4000,-2666 0
row.2963 minecraft:forest -1500,2000 -1000,1000 -1100,300 4500,5500 10000,10000 -4000,-2666 0
row.2964 minecraft:windswept_hills -1500,2000 -1000,1000 300,10000 4500,5500 0,0 -4000,-2666 0
row.2965 minecraft:windswept_hills -1500,2000 -1000,1000 300,10000 4500,5500 10000,10000 -4000,-2666 0
row.2966 minecraft:beach -1500,2000 -1000,1000 -1900,-1100 5500,10000 0,0 -4000,-2666 0
row.2967 minecraft:beach -1500,2000 -1000,1000 -1900,-1100 5500,10000 10000,10000 -4000,-2666 0
row.2968 minecraft:grove -1500,2000 1000,3000 -1100,10000 -10000,-7799 0,0 -4000,-2666 0
row.2969 minecraft:grove -1500,2000 1000,3000 -1100,10000 -10000,-7799 10000,10000 -4000,-2666 0
row.2970 minecraft:birch_forest -1500,2000 1000,3000 -1100,3000 -7799,-3750 0,0 -4000,-2666 0
row.2971 minecraft:birch_forest -1500,2000 1000,3000 -1100,3000 -7799,-3750 10000,10000 -4000,-2666 0
row.2972 minecraft:meadow -1500,2000 1000,3000 3000,10000 -7799,-3750 0,0 -4000,-2666 0
row.2973 minecraft:meadow -1500,2000 1000,3000 3000,10000 -7799,-3750 10000,10000 -4000,-2666 0
row.2974 minecraft:birch_forest -1500,2000 1000,3000 -1100,300 -3750,-2225 0,0 -4000,-2666 0
row.2975 minecraft:birch_forest -1500,2000 1000,3000 -1100,300 -3750,-2225 10000,10000 -4000,-2666 0
row.2976 minecraft:birch_forest -1500,2000 1000,3000 300,3000 -3750,-2225 0,0 -4000,-2666 0
row.2977 minecraft:birch_forest -1500,2000 1000,3000 300,3000 -3750,-2225 10000,10000 -4000,-2666 0
row.2978 minecraft:meadow -1500,2000 1000,3000 3000,10000 -3750,-2225 0,0 -4000,-2666 0
row.2979 minecraft:meadow -1500,2000 1000,3000 3000,10000 -3750,-2225 10000,10000 -4000,-2666 0
row.2980 minecraft:birch_forest -1500,2000 1000,3000 -1900,300 -2225,500 0,0 -4000,-2666 0
row.2981 minecraft:birch_forest -1500,2000 1000,3000 -1900,300 -2225,500 10000,10000 -4000,-2666 0
row.2982 minecraft:birch_forest -1500,2000 1000,3000 300,10000 -2225,500 0,0 -4000,-2666 0
row.2983 minecraft:birch_forest -1500,2000 1000,3000 300,10000 -2225,500 10000,10000 -4000,-2666 0
row.2984 minecraft:beach -1500,2000 1000,3000 -1900,-1100 500,4500 0,0 -4000,-2666 0
row.2985 minecraft:beach -1500,2000 1000,3000 -1900,-1100 500,4500 10000,10000 -4000,-2666 0
row.2986 minecraft:birch_forest -1500,2000 1000,3000 -1100,10000 500,4500 0,0 -4000,-2666 0
row.2987 minecraft:birch_forest -1500,2000 1000,3000 -1100,10000 500,4500 10000,10000 -4000,-2666 0
row.2988 minecraft:beach -1500,2000 1000,3000 -1900,-1100 4500,5500 0,0 -4000,-2666 0
row.2989 minecraft:beach -1500,2000 1000,3000 -1900,-1100 4500,5500 10000,10000 -4000,-2666 0
row.2990 minecraft:birch_forest -1500,2000 1000,3000 -1100,300 4500,5500 0,0 -4000,-2666 0
row.2991 minecraft:birch_forest -1500,2000 1000,3000 -1100,300 4500,5500 10000,10000 -4000,-2666 0
row.2992 minecraft:windswept_forest -1500,2000 1000,3000 300,10000 4500,5500 0,0 -4000,-2666 0
row.2993 minecraft:windswept_forest -1500,2000 1000,3000 300,10000 4500,5500 10000,10000 -4000,-2666 0
row.2994 minecraft:beach -1500,2000 1000,3000 -1900,-1100 5500,10000 0,0 -4000,-2666 0
row.2995 minecraft:beach -1500,2000 1000,3000 -1900,-1100 5500,10000 10000,10000 -4000,-2666 0
row.2996 minecraft:grove -1500,2000 3000,10000 -1100,10000 -10000,-7799 0,0 -4000,-2666 0
row.2997 minecraft:grove -1500,2000 3000,10000 -1100,10000 -10000,-7799 10000,10000 -4000,-2666 0
row.2998 minecraft:dark_forest -1500,2000 3000,10000 -1100,3000 -7799,-3750 0,0 -4000,-2666 0
row.2999 minecraft:dark_forest -1500,2000 3000,10000 -1100,3000 -7799,-3750 10000,10000 -4000,-2666 0
row.3000 minecraft:pale_garden -1500,2000 3000,10000 3000,10000 -7799,-3750 0,0 -4000,-2666 0
row.3001 minecraft:pale_garden -1500,2000 3000,10000 3000,10000 -7799,-3750 10000,10000 -4000,-2666 0
row.3002 minecraft:dark_forest -1500,2000 3000,10000 -1100,300 -3750,-2225 0,0 -4000,-2666 0
row.3003 minecraft:dark_forest -1500,2000 3000,10000 -1100,300 -3750,-2225 10000,10000 -4000,-2666 0
row.3004 minecraft:dark_forest -1500,2000 3000,10000 300,3000 -3750,-2225 0,0 -4000,-2666 0
row.3005 minecraft:dark_forest -1500,2000 3000,10000 300,3000 -3750,-2225 10000,10000 -4000,-2666 0
row.3006 minecraft:pale_garden -1500,2000 3000,10000 3000,10000 -3750,-2225 0,0 -4000,-2666 0
row.3007 minecraft:pale_garden -1500,2000 3000,10000 3000,10000 -3750,-2225 10000,10000 -4000,-2666 0
row.3008 minecraft:dark_forest -1500,2000 3000,10000 -1900,300 -2225,500 0,0 -4000,-2666 0
row.3009 minecraft:dark_forest -1500,2000 3000,10000 -1900,300 -2225,500 10000,10000 -4000,-2666 0
row.3010 minecraft:dark_forest -1500,2000 3000,10000 300,10000 -2225,500 0,0 -4000,-2666 0
row.3011 minecraft:dark_forest -1500,2000 3000,10000 300,10000 -2225,500 10000,10000 -4000,-2666 0
row.3012 minecraft:beach -1500,2000 3000,10000 -1900,-1100 500,4500 0,0 -4000,-2666 0
row.3013 minecraft:beach -1500,2000 3000,10000 -1900,-1100 500,4500 10000,10000 -4000,-2666 0
row.3014 minecraft:dark_forest -1500,2000 3000,10000 -1100,10000 500,4500 0,0 -4000,-2666 0
row.3015 minecraft:dark_forest -1500,2000 3000,10000 -1100,10000 500,4500 10000,10000 -4000,-2666 0
row.3016 minecraft:beach -1500,2000 3000,10000 -1900,-1100 4500,5500 0,0 -4000,-2666 0
row.3017 minecraft:beach -1500,2000 3000,10000 -1900,-1100 4500,5500 10000,10000 -4000,-2666 0
row.3018 minecraft:dark_forest -1500,2000 3000,10000 -1100,300 4500,5500 0,0 -4000,-2666 0
row.3019 minecraft:dark_forest -1500,2000 3000,10000 -1100,300 4500,5500 10000,10000 -4000,-2666 0
row.3020 minecraft:windswept_forest -1500,2000 3000,10000 300,10000 4500,5500 0,0 -4000,-2666 0
row.3021 minecraft:windswept_forest -1500,2000 3000,10000 300,10000 4500,5500 10000,10000 -4000,-2666 0
row.3022 minecraft:beach -1500,2000 3000,10000 -1900,-1100 5500,10000 0,0 -4000,-2666 0
row.3023 minecraft:beach -1500,2000 3000,10000 -1900,-1100 5500,10000 10000,10000 -4000,-2666 0
row.3024 minecraft:savanna_plateau 2000,5500 -10000,-3500 -1100,10000 -10000,-7799 0,0 -4000,-2666 0
row.3025 minecraft:savanna_plateau 2000,5500 -10000,-3500 -1100,10000 -10000,-7799 10000,10000 -4000,-2666 0
row.3026 minecraft:savanna 2000,5500 -10000,-3500 -1100,3000 -7799,-3750 0,0 -4000,-2666 0
row.3027 minecraft:savanna 2000,5500 -10000,-3500 -1100,3000 -7799,-3750 10000,10000 -4000,-2666 0
row.3028 minecraft:savanna_plateau 2000,5500 -10000,-3500 3000,10000 -7799,-3750 0,0 -4000,-2666 0
row.3029 minecraft:savanna_plateau 2000,5500 -10000,-3500 3000,10000 -7799,-3750 10000,10000 -4000,-2666 0
row.3030 minecraft:savanna 2000,5500 -10000,-3500 -1100,300 -3750,-2225 0,0 -4000,-2666 0
row.3031 minecraft:savanna 2000,5500 -10000,-3500 -1100,300 -3750,-2225 10000,10000 -4000,-2666 0
row.3032 minecraft:savanna 2000,5500 -10000,-3500 300,3000 -3750,-2225 0,0 -4000,-2666 0
row.3033 minecraft:savanna 2000,5500 -10000,-3500 300,3000 -3750,-2225 10000,10000 -4000,-2666 0
row.3034 minecraft:savanna_plateau 2000,5500 -10000,-3500 3000,10000 -3750,-2225 0,0 -4000,-2666 0
row.3035 minecraft:savanna_plateau 2000,5500 -10000,-3500 3000,10000 -3750,-2225 10000,10000 -4000,-2666 0
row.3036 minecraft:savanna 2000,5500 -10000,-3500 -1900,300 -2225,500 0,0 -4000,-2666 0
row.3037 minecraft:savanna 2000,5500 -10000,-3500 -1900,300 -2225,500 10000,10000 -4000,-2666 0
row.3038 minecraft:savanna 2000,5500 -10000,-3500 300,10000 -2225,500 0,0 -4000,-2666 0
row.3039 minecraft:savanna 2000,5500 -10000,-3500 300,10000 -2225,500 10000,10000 -4000,-2666 0
row.3040 minecraft:beach 2000,5500 -10000,-3500 -1900,-1100 500,4500 0,0 -4000,-2666 0
row.3041 minecraft:beach 2000,5500 -10000,-3500 -1900,-1100 500,4500 10000,10000 -4000,-2666 0
row.3042 minecraft:savanna 2000,5500 -10000,-3500 -1100,10000 500,4500 0,0 -4000,-2666 0
row.3043 minecraft:savanna 2000,5500 -10000,-3500 -1100,10000 500,4500 10000,10000 -4000,-2666 0
row.3044 minecraft:beach 2000,5500 -10000,-3500 -1900,-1100 4500,5500 0,0 -4000,-2666 0
row.3045 minecraft:beach 2000,5500 -10000,-3500 -1900,-1100 4500,5500 10000,10000 -4000,-2666 0
row.3046 minecraft:savanna 2000,5500 -10000,-3500 -1100,300 4500,5500 0,0 -4000,-2666 0
row.3047 minecraft:savanna 2000,5500 -10000,-3500 -1100,300 4500,5500 10000,10000 -4000,-2666 0
row.3048 minecraft:savanna 2000,5500 -10000,-3500 300,10000 4500,5500 0,0 -4000,-2666 0
row.3049 minecraft:savanna 2000,5500 -10000,-3500 300,10000 4500,5500 10000,10000 -4000,-2666 0
row.3050 minecraft:beach 2000,5500 -10000,-3500 -1900,-1100 5500,10000 0,0 -4000,-2666 0
row.3051 minecraft:beach 2000,5500 -10000,-3500 -1900,-1100 5500,10000 10000,10000 -4000,-2666 0
row.3052 minecraft:savanna_plateau 2000,5500 -3500,-1000 -1100,10000 -10000,-7799 0,0 -4000,-2666 0
row.3053 minecraft:savanna_plateau 2000,5500 -3500,-1000 -1100,10000 -10000,-7799 10000,10000 -4000,-2666 0
row.3054 minecraft:savanna 2000,5500 -3500,-1000 -1100,3000 -7799,-3750 0,0 -4000,-2666 0
row.3055 minecraft:savanna 2000,5500 -3500,-1000 -1100,3000 -7799,-3750 10000,10000 -4000,-2666 0
row.3056 minecraft:savanna_plateau 2000,5500 -3500,-1000 3000,10000 -7799,-3750 0,0 -4000,-2666 0
row.3057 minecraft:savanna_plateau 2000,5500 -3500,-1000 3000,10000 -7799,-3750 10000,10000 -4000,-2666 0
row.3058 minecraft:savanna 2000,5500 -3500,-1000 -1100,300 -3750,-2225 0,0 -4000,-2666 0
row.3059 minecraft:savanna 2000,5500 -3500,-1000 -1100,300 -3750,-2225 10000,10000 -4000,-2666 0
row.3060 minecraft:savanna 2000,5500 -3500,-1000 300,3000 -3750,-2225 0,0 -4000,-2666 0
row.3061 minecraft:savanna 2000,5500 -3500,-1000 300,3000 -3750,-2225 10000,10000 -4000,-2666 0
row.3062 minecraft:savanna_plateau 2000,5500 -3500,-1000 3000,10000 -3750,-2225 0,0 -4000,-2666 0
row.3063 minecraft:savanna_plateau 2000,5500 -3500,-1000 3000,10000 -3750,-2225 10000,10000 -4000,-2666 0
row.3064 minecraft:savanna 2000,5500 -3500,-1000 -1900,300 -2225,500 0,0 -4000,-2666 0
row.3065 minecraft:savanna 2000,5500 -3500,-1000 -1900,300 -2225,500 10000,10000 -4000,-2666 0
row.3066 minecraft:savanna 2000,5500 -3500,-1000 300,10000 -2225,500 0,0 -4000,-2666 0
row.3067 minecraft:savanna 2000,5500 -3500,-1000 300,10000 -2225,500 10000,10000 -4000,-2666 0
row.3068 minecraft:beach 2000,5500 -3500,-1000 -1900,-1100 500,4500 0,0 -4000,-2666 0
row.3069 minecraft:beach 2000,5500 -3500,-1000 -1900,-1100 500,4500 10000,10000 -4000,-2666 0
row.3070 minecraft:savanna 2000,5500 -3500,-1000 -1100,10000 500,4500 0,0 -4000,-2666 0
row.3071 minecraft:savanna 2000,5500 -3500,-1000 -1100,10000 500,4500 10000,10000 -4000,-2666 0
row.3072 minecraft:beach 2000,5500 -3500,-1000 -1900,-1100 4500,5500 0,0 -4000,-2666 0
row.3073 minecraft:beach 2000,5500 -3500,-1000 -1900,-1100 4500,5500 10000,10000 -4000,-2666 0
row.3074 minecraft:savanna 2000,5500 -3500,-1000 -1100,300 4500,5500 0,0 -4000,-2666 0
row.3075 minecraft:savanna 2000,5500 -3500,-1000 -1100,300 4500,5500 10000,10000 -4000,-2666 0
row.3076 minecraft:savanna 2000,5500 -3500,-1000 300,10000 4500,5500 0,0 -4000,-2666 0
row.3077 minecraft:savanna 2000,5500 -3500,-1000 300,10000 4500,5500 10000,10000 -4000,-2666 0
row.3078 minecraft:beach 2000,5500 -3500,-1000 -1900,-1100 5500,10000 0,0 -4000,-2666 0
row.3079 minecraft:beach 2000,5500 -3500,-1000 -1900,-1100 5500,10000 10000,10000 -4000,-2666 0
row.3080 minecraft:forest 2000,5500 -1000,1000 -1100,10000 -10000,-7799 0,0 -4000,-2666 0
row.3081 minecraft:forest 2000,5500 -1000,1000 -1100,10000 -10000,-7799 10000,10000 -4000,-2666 0
row.3082 minecraft:forest 2000,5500 -1000,1000 -1100,3000 -7799,-3750 0,0 -4000,-2666 0
row.3083 minecraft:forest 2000,5500 -1000,1000 -1100,3000 -7799,-3750 10000,10000 -4000,-2666 0
row.3084 minecraft:forest 2000,5500 -1000,1000 3000,10000 -7799,-3750 0,0 -4000,-2666 0
row.3085 minecraft:forest 2000,5500 -1000,1000 3000,10000 -7799,-3750 10000,10000 -4000,-2666 0
row.3086 minecraft:forest 2000,5500 -1000,1000 -1100,300 -3750,-2225 0,0 -4000,-2666 0
row.3087 minecraft:forest 2000,5500 -1000,1000 -1100,300 -3750,-2225 10000,10000 -4000,-2666 0
row.3088 minecraft:forest 2000,5500 -1000,1000 300,3000 -3750,-2225 0,0 -4000,-2666 0
row.3089 minecraft:forest 2000,5500 -1000,1000 300,3000 -3750,-2225 10000,10000 -4000,-2666 0
row.3090 minecraft:forest 2000,5500 -1000,1000 3000,10000 -3750,-2225 0,0 -4000,-2666 0
row.3091 minecraft:forest 2000,5500 -1000,1000 3000,10000 -3750,-2225 10000,10000 -4000,-2666 0
row.3092 minecraft:forest 2000,5500 -1000,1000 -1900,300 -2225,500 0,0 -4000,-2666 0
row.3093 minecraft:forest 2000,5500 -1000,1000 -1900,300 -2225,500 10000,10000 -4000,-2666 0
row.3094 minecraft:forest 2000,5500 -1000,1000 300,10000 -2225,500 0,0 -4000,-2666 0
row.3095 minecraft:forest 2000,5500 -1000,1000 300,10000 -2225,500 10000,10000 -4000,-2666 0
row.3096 minecraft:beach 2000,5500 -1000,1000 -1900,-1100 500,4500 0,0 -4000,-2666 0
row.3097 minecraft:beach 2000,5500 -1000,1000 -1900,-1100 500,4500 10000,10000 -4000,-2666 0
row.3098 minecraft:forest 2000,5500 -1000,1000 -1100,10000 500,4500 0,0 -4000,-2666 0
row.3099 minecraft:forest 2000,5500 -1000,1000 -1100,10000 500,4500 10000,10000 -4000,-2666 0
row.3100 minecraft:beach 2000,5500 -1000,1000 -1900,-1100 4500,5500 0,0 -4000,-2666 0
row.3101 minecraft:beach 2000,5500 -1000,1000 -1900,-1100 4500,5500 10000,10000 -4000,-2666 0
row.3102 minecraft:forest 2000,5500 -1000,1000 -1100,300 4500,5500 0,0 -4000,-2666 0
row.3103 minecraft:forest 2000,5500 -1000,1000 -1100,300 4500,5500 10000,10000 -4000,-2666 0
row.3104 minecraft:forest 2000,5500 -1000,1000 300,10000 4500,5500 0,0 -4000,-2666 0
row.3105 minecraft:forest 2000,5500 -1000,1000 300,10000 4500,5500 10000,10000 -4000,-2666 0
row.3106 minecraft:beach 2000,5500 -1000,1000 -1900,-1100 5500,10000 0,0 -4000,-2666 0
row.3107 minecraft:beach 2000,5500 -1000,1000 -1900,-1100 5500,10000 10000,10000 -4000,-2666 0
row.3108 minecraft:forest 2000,5500 1000,3000 -1100,10000 -10000,-7799 0,0 -4000,-2666 0
row.3109 minecraft:forest 2000,5500 1000,3000 -1100,10000 -10000,-7799 10000,10000 -4000,-2666 0
row.3110 minecraft:jungle 2000,5500 1000,3000 -1100,3000 -7799,-3750 0,0 -4000,-2666 0
row.3111 minecraft:jungle 2000,5500 1000,3000 -1100,3000 -7799,-3750 10000,10000 -4000,-2666 0
row.3112 minecraft:forest 2000,5500 1000,3000 3000,10000 -7799,-3750 0,0 -4000,-2666 0
row.3113 minecraft:forest 2000,5500 1000,3000 3000,10000 -7799,-3750 10000,10000 -4000,-2666 0
row.3114 minecraft:jungle 2000,5500 1000,3000 -1100,300 -3750,-2225 0,0 -4000,-2666 0
row.3115 minecraft:jungle 2000,5500 1000,3000 -1100,300 -3750,-2225 10000,10000 -4000,-2666 0
row.3116 minecraft:jungle 2000,5500 1000,3000 300,3000 -3750,-2225 0,0 -4000,-2666 0
row.3117 minecraft:jungle 2000,5500 1000,3000 300,3000 -3750,-2225 10000,10000 -4000,-2666 0
row.3118 minecraft:forest 2000,5500 1000,3000 3000,10000 -3750,-2225 0,0 -4000,-2666 0
row.3119 minecraft:forest 2000,5500 1000,3000 3000,10000 -3750,-2225 10000,10000 -4000,-2666 0
row.3120 minecraft:jungle 2000,5500 1000,3000 -1900,300 -2225,500 0,0 -4000,-2666 0
row.3121 minecraft:jungle 2000,5500 1000,3000 -1900,300 -2225,500 10000,10000 -4000,-2666 0
row.3122 minecraft:jungle 2000,5500 1000,3000 300,10000 -2225,500 0,0 -4000,-2666 0
row.3123 minecraft:jungle 2000,5500 1000,3000 300,10000 -2225,500 10000,10000 -4000,-2666 0
row.3124 minecraft:beach 2000,5500 1000,3000 -1900,-1100 500,4500 0,0 -4000,-2666 0
row.3125 minecraft:beach 2000,5500 1000,3000 -1900,-1100 500,4500 10000,10000 -4000,-2666 0
row.3126 minecraft:jungle 2000,5500 1000,3000 -1100,10000 500,4500 0,0 -4000,-2666 0
row.3127 minecraft:jungle 2000,5500 1000,3000 -1100,10000 500,4500 10000,10000 -4000,-2666 0
row.3128 minecraft:beach 2000,5500 1000,3000 -1900,-1100 4500,5500 0,0 -4000,-2666 0
row.3129 minecraft:beach 2000,5500 1000,3000 -1900,-1100 4500,5500 10000,10000 -4000,-2666 0
row.3130 minecraft:jungle 2000,5500 1000,3000 -1100,300 4500,5500 0,0 -4000,-2666 0
row.3131 minecraft:jungle 2000,5500 1000,3000 -1100,300 4500,5500 10000,10000 -4000,-2666 0
row.3132 minecraft:jungle 2000,5500 1000,3000 300,10000 4500,5500 0,0 -4000,-2666 0
row.3133 minecraft:jungle 2000,5500 1000,3000 300,10000 4500,5500 10000,10000 -4000,-2666 0
row.3134 minecraft:beach 2000,5500 1000,3000 -1900,-1100 5500,10000 0,0 -4000,-2666 0
row.3135 minecraft:beach 2000,5500 1000,3000 -1900,-1100 5500,10000 10000,10000 -4000,-2666 0
row.3136 minecraft:jungle 2000,5500 3000,10000 -1100,10000 -10000,-7799 0,0 -4000,-2666 0
row.3137 minecraft:jungle 2000,5500 3000,10000 -1100,10000 -10000,-7799 10000,10000 -4000,-2666 0
row.3138 minecraft:jungle 2000,5500 3000,10000 -1100,3000 -7799,-3750 0,0 -4000,-2666 0
row.3139 minecraft:jungle 2000,5500 3000,10000 -1100,3000 -7799,-3750 10000,10000 -4000,-2666 0
row.3140 minecraft:jungle 2000,5500 3000,10000 3000,10000 -7799,-3750 0,0 -4000,-2666 0
row.3141 minecraft:jungle 2000,5500 3000,10000 3000,10000 -7799,-3750 10000,10000 -4000,-2666 0
row.3142 minecraft:jungle 2000,5500 3000,10000 -1100,300 -3750,-2225 0,0 -4000,-2666 0
row.3143 minecraft:jungle 2000,5500 3000,10000 -1100,300 -3750,-2225 10000,10000 -4000,-2666 0
row.3144 minecraft:jungle 2000,5500 3000,10000 300,3000 -3750,-2225 0,0 -4000,-2666 0
row.3145 minecraft:jungle 2000,5500 3000,10000 300,3000 -3750,-2225 10000,10000 -4000,-2666 0
row.3146 minecraft:jungle 2000,5500 3000,10000 3000,10000 -3750,-2225 0,0 -4000,-2666 0
row.3147 minecraft:jungle 2000,5500 3000,10000 3000,10000 -3750,-2225 10000,10000 -4000,-2666 0
row.3148 minecraft:jungle 2000,5500 3000,10000 -1900,300 -2225,500 0,0 -4000,-2666 0
row.3149 minecraft:jungle 2000,5500 3000,10000 -1900,300 -2225,500 10000,10000 -4000,-2666 0
row.3150 minecraft:jungle 2000,5500 3000,10000 300,10000 -2225,500 0,0 -4000,-2666 0
row.3151 minecraft:jungle 2000,5500 3000,10000 300,10000 -2225,500 10000,10000 -4000,-2666 0
row.3152 minecraft:beach 2000,5500 3000,10000 -1900,-1100 500,4500 0,0 -4000,-2666 0
row.3153 minecraft:beach 2000,5500 3000,10000 -1900,-1100 500,4500 10000,10000 -4000,-2666 0
row.3154 minecraft:jungle 2000,5500 3000,10000 -1100,10000 500,4500 0,0 -4000,-2666 0
row.3155 minecraft:jungle 2000,5500 3000,10000 -1100,10000 500,4500 10000,10000 -4000,-2666 0
row.3156 minecraft:beach 2000,5500 3000,10000 -1900,-1100 4500,5500 0,0 -4000,-2666 0
row.3157 minecraft:beach 2000,5500 3000,10000 -1900,-1100 4500,5500 10000,10000 -4000,-2666 0
row.3158 minecraft:jungle 2000,5500 3000,10000 -1100,300 4500,5500 0,0 -4000,-2666 0
row.3159 minecraft:jungle 2000,5500 3000,10000 -1100,300 4500,5500 10000,10000 -4000,-2666 0
row.3160 minecraft:jungle 2000,5500 3000,10000 300,10000 4500,5500 0,0 -4000,-2666 0
row.3161 minecraft:jungle 2000,5500 3000,10000 300,10000 4500,5500 10000,10000 -4000,-2666 0
row.3162 minecraft:beach 2000,5500 3000,10000 -1900,-1100 5500,10000 0,0 -4000,-2666 0
row.3163 minecraft:beach 2000,5500 3000,10000 -1900,-1100 5500,10000 10000,10000 -4000,-2666 0
row.3164 minecraft:badlands 5500,10000 -10000,-3500 -1100,10000 -10000,-7799 0,0 -4000,-2666 0
row.3165 minecraft:badlands 5500,10000 -10000,-3500 -1100,10000 -10000,-7799 10000,10000 -4000,-2666 0
row.3166 minecraft:badlands 5500,10000 -10000,-3500 -1100,3000 -7799,-3750 0,0 -4000,-2666 0
row.3167 minecraft:badlands 5500,10000 -10000,-3500 -1100,3000 -7799,-3750 10000,10000 -4000,-2666 0
row.3168 minecraft:badlands 5500,10000 -10000,-3500 3000,10000 -7799,-3750 0,0 -4000,-2666 0
row.3169 minecraft:badlands 5500,10000 -10000,-3500 3000,10000 -7799,-3750 10000,10000 -4000,-2666 0
row.3170 minecraft:desert 5500,10000 -10000,-3500 -1100,300 -3750,-2225 0,0 -4000,-2666 0
row.3171 minecraft:desert 5500,10000 -10000,-3500 -1100,300 -3750,-2225 10000,10000 -4000,-2666 0
row.3172 minecraft:badlands 5500,10000 -10000,-3500 300,3000 -3750,-2225 0,0 -4000,-2666 0
row.3173 minecraft:badlands 5500,10000 -10000,-3500 300,3000 -3750,-2225 10000,10000 -4000,-2666 0
row.3174 minecraft:badlands 5500,10000 -10000,-3500 3000,10000 -3750,-2225 0,0 -4000,-2666 0
row.3175 minecraft:badlands 5500,10000 -10000,-3500 3000,10000 -3750,-2225 10000,10000 -4000,-2666 0
row.3176 minecraft:desert 5500,10000 -10000,-3500 -1900,300 -2225,500 0,0 -4000,-2666 0
row.3177 minecraft:desert 5500,10000 -10000,-3500 -1900,300 -2225,500 10000,10000 -4000,-2666 0
row.3178 minecraft:badlands 5500,10000 -10000,-3500 300,10000 -2225,500 0,0 -4000,-2666 0
row.3179 minecraft:badlands 5500,10000 -10000,-3500 300,10000 -2225,500 10000,10000 -4000,-2666 0
row.3180 minecraft:desert 5500,10000 -10000,-3500 -1900,-1100 500,4500 0,0 -4000,-2666 0
row.3181 minecraft:desert 5500,10000 -10000,-3500 -1900,-1100 500,4500 10000,10000 -4000,-2666 0
row.3182 minecraft:desert 5500,10000 -10000,-3500 -1100,10000 500,4500 0,0 -4000,-2666 0
row.3183 minecraft:desert 5500,10000 -10000,-3500 -1100,10000 500,4500 10000,10000 -4000,-2666 0
row.3184 minecraft:desert 5500,10000 -10000,-3500 -1900,-1100 4500,5500 0,0 -4000,-2666 0
row.3185 minecraft:desert 5500,10000 -10000,-3500 -1900,-1100 4500,5500 10000,10000 -4000,-2666 0
row.3186 minecraft:desert 5500,10000 -10000,-3500 -1100,300 4500,5500 0,0 -4000,-2666 0
row.3187 minecraft:desert 5500,10000 -10000,-3500 -1100,300 4500,5500 10000,10000 -4000,-2666 0
row.3188 minecraft:desert 5500,10000 -10000,-3500 300,10000 4500,5500 0,0 -4000,-2666 0
row.3189 minecraft:desert 5500,10000 -10000,-3500 300,10000 4500,5500 10000,10000 -4000,-2666 0
row.3190 minecraft:desert 5500,10000 -10000,-3500 -1900,-1100 5500,10000 0,0 -4000,-2666 0
row.3191 minecraft:desert 5500,10000 -10000,-3500 -1900,-1100 5500,10000 10000,10000 -4000,-2666 0
row.3192 minecraft:badlands 5500,10000 -3500,-1000 -1100,10000 -10000,-7799 0,0 -4000,-2666 0
row.3193 minecraft:badlands 5500,10000 -3500,-1000 -1100,10000 -10000,-7799 10000,10000 -4000,-2666 0
row.3194 minecraft:badlands 5500,10000 -3500,-1000 -1100,3000 -7799,-3750 0,0 -4000,-2666 0
row.3195 minecraft:badlands 5500,10000 -3500,-1000 -1100,3000 -7799,-3750 10000,10000 -4000,-2666 0
row.3196 minecraft:badlands 5500,10000 -3500,-1000 3000,10000 -7799,-3750 0,0 -4000,-2666 0
row.3197 minecraft:badlands 5500,10000 -3500,-1000 3000,10000 -7799,-3750 10000,10000 -4000,-2666 0
row.3198 minecraft:desert 5500,10000 -3500,-1000 -1100,300 -3750,-2225 0,0 -4000,-2666 0
row.3199 minecraft:desert 5500,10000 -3500,-1000 -1100,300 -3750,-2225 10000,10000 -4000,-2666 0
row.3200 minecraft:badlands 5500,10000 -3500,-1000 300,3000 -3750,-2225 0,0 -4000,-2666 0
row.3201 minecraft:badlands 5500,10000 -3500,-1000 300,3000 -3750,-2225 10000,10000 -4000,-2666 0
row.3202 minecraft:badlands 5500,10000 -3500,-1000 3000,10000 -3750,-2225 0,0 -4000,-2666 0
row.3203 minecraft:badlands 5500,10000 -3500,-1000 3000,10000 -3750,-2225 10000,10000 -4000,-2666 0
row.3204 minecraft:desert 5500,10000 -3500,-1000 -1900,300 -2225,500 0,0 -4000,-2666 0
row.3205 minecraft:desert 5500,10000 -3500,-1000 -1900,300 -2225,500 10000,10000 -4000,-2666 0
row.3206 minecraft:badlands 5500,10000 -3500,-1000 300,10000 -2225,500 0,0 -4000,-2666 0
row.3207 minecraft:badlands 5500,10000 -3500,-1000 300,10000 -2225,500 10000,10000 -4000,-2666 0
row.3208 minecraft:desert 5500,10000 -3500,-1000 -1900,-1100 500,4500 0,0 -4000,-2666 0
row.3209 minecraft:desert 5500,10000 -3500,-1000 -1900,-1100 500,4500 10000,10000 -4000,-2666 0
row.3210 minecraft:desert 5500,10000 -3500,-1000 -1100,10000 500,4500 0,0 -4000,-2666 0
row.3211 minecraft:desert 5500,10000 -3500,-1000 -1100,10000 500,4500 10000,10000 -4000,-2666 0
row.3212 minecraft:desert 5500,10000 -3500,-1000 -1900,-1100 4500,5500 0,0 -4000,-2666 0
row.3213 minecraft:desert 5500,10000 -3500,-1000 -1900,-1100 4500,5500 10000,10000 -4000,-2666 0
row.3214 minecraft:desert 5500,10000 -3500,-1000 -1100,300 4500,5500 0,0 -4000,-2666 0
row.3215 minecraft:desert 5500,10000 -3500,-1000 -1100,300 4500,5500 10000,10000 -4000,-2666 0
row.3216 minecraft:desert 5500,10000 -3500,-1000 300,10000 4500,5500 0,0 -4000,-2666 0
row.3217 minecraft:desert 5500,10000 -3500,-1000 300,10000 4500,5500 10000,10000 -4000,-2666 0
row.3218 minecraft:desert 5500,10000 -3500,-1000 -1900,-1100 5500,10000 0,0 -4000,-2666 0
row.3219 minecraft:desert 5500,10000 -3500,-1000 -1900,-1100 5500,10000 10000,10000 -4000,-2666 0
row.3220 minecraft:badlands 5500,10000 -1000,1000 -1100,10000 -10000,-7799 0,0 -4000,-2666 0
row.3221 minecraft:badlands 5500,10000 -1000,1000 -1100,10000 -10000,-7799 10000,10000 -4000,-2666 0
row.3222 minecraft:badlands 5500,10000 -1000,1000 -1100,3000 -7799,-3750 0,0 -4000,-2666 0
row.3223 minecraft:badlands 5500,10000 -1000,1000 -1100,3000 -7799,-3750 10000,10000 -4000,-2666 0
row.3224 minecraft:badlands 5500,10000 -1000,1000 3000,10000 -7799,-3750 0,0 -4000,-2666 0
row.3225 minecraft:badlands 5500,10000 -1000,1000 3000,10000 -7799,-3750 10000,10000 -4000,-2666 0
row.3226 minecraft:desert 5500,10000 -1000,1000 -1100,300 -3750,-2225 0,0 -4000,-2666 0
row.3227 minecraft:desert 5500,10000 -1000,1000 -1100,300 -3750,-2225 10000,10000 -4000,-2666 0
row.3228 minecraft:badlands 5500,10000 -1000,1000 300,3000 -3750,-2225 0,0 -4000,-2666 0
row.3229 minecraft:badlands 5500,10000 -1000,1000 300,3000 -3750,-2225 10000,10000 -4000,-2666 0
row.3230 minecraft:badlands 5500,10000 -1000,1000 3000,10000 -3750,-2225 0,0 -4000,-2666 0
row.3231 minecraft:badlands 5500,10000 -1000,1000 3000,10000 -3750,-2225 10000,10000 -4000,-2666 0
row.3232 minecraft:desert 5500,10000 -1000,1000 -1900,300 -2225,500 0,0 -4000,-2666 0
row.3233 minecraft:desert 5500,10000 -1000,1000 -1900,300 -2225,500 10000,10000 -4000,-2666 0
row.3234 minecraft:badlands 5500,10000 -1000,1000 300,10000 -2225,500 0,0 -4000,-2666 0
row.3235 minecraft:badlands 5500,10000 -1000,1000 300,10000 -2225,500 10000,10000 -4000,-2666 0
row.3236 minecraft:desert 5500,10000 -1000,1000 -1900,-1100 500,4500 0,0 -4000,-2666 0
row.3237 minecraft:desert 5500,10000 -1000,1000 -1900,-1100 500,4500 10000,10000 -4000,-2666 0
row.3238 minecraft:desert 5500,10000 -1000,1000 -1100,10000 500,4500 0,0 -4000,-2666 0
row.3239 minecraft:desert 5500,10000 -1000,1000 -1100,10000 500,4500 10000,10000 -4000,-2666 0
row.3240 minecraft:desert 5500,10000 -1000,1000 -1900,-1100 4500,5500 0,0 -4000,-2666 0
row.3241 minecraft:desert 5500,10000 -1000,1000 -1900,-1100 4500,5500 10000,10000 -4000,-2666 0
row.3242 minecraft:desert 5500,10000 -1000,1000 -1100,300 4500,5500 0,0 -4000,-2666 0
row.3243 minecraft:desert 5500,10000 -1000,1000 -1100,300 4500,5500 10000,10000 -4000,-2666 0
row.3244 minecraft:desert 5500,10000 -1000,1000 300,10000 4500,5500 0,0 -4000,-2666 0
row.3245 minecraft:desert 5500,10000 -1000,1000 300,10000 4500,5500 10000,10000 -4000,-2666 0
row.3246 minecraft:desert 5500,10000 -1000,1000 -1900,-1100 5500,10000 0,0 -4000,-2666 0
row.3247 minecraft:desert 5500,10000 -1000,1000 -1900,-1100 5500,10000 10000,10000 -4000,-2666 0
row.3248 minecraft:wooded_badlands 5500,10000 1000,3000 -1100,10000 -10000,-7799 0,0 -4000,-2666 0
row.3249 minecraft:wooded_badlands 5500,10000 1000,3000 -1100,10000 -10000,-7799 10000,10000 -4000,-2666 0
row.3250 minecraft:wooded_badlands 5500,10000 1000,3000 -1100,3000 -7799,-3750 0,0 -4000,-2666 0
row.3251 minecraft:wooded_badlands 5500,10000 1000,3000 -1100,3000 -7799,-3750 10000,10000 -4000,-2666 0
row.3252 minecraft:wooded_badlands 5500,10000 1000,3000 3000,10000 -7799,-3750 0,0 -4000,-2666 0
row.3253 minecraft:wooded_badlands 5500,10000 1000,3000 3000,10000 -7799,-3750 10000,10000 -4000,-2666 0
row.3254 minecraft:desert 5500,10000 1000,3000 -1100,300 -3750,-2225 0,0 -4000,-2666 0
row.3255 minecraft:desert 5500,10000 1000,3000 -1100,300 -3750,-2225 10000,10000 -4000,-2666 0
row.3256 minecraft:wooded_badlands 5500,10000 1000,3000 300,3000 -3750,-2225 0,0 -4000,-2666 0
row.3257 minecraft:wooded_badlands 5500,10000 1000,3000 300,3000 -3750,-2225 10000,10000 -4000,-2666 0
row.3258 minecraft:wooded_badlands 5500,10000 1000,3000 3000,10000 -3750,-2225 0,0 -4000,-2666 0
row.3259 minecraft:wooded_badlands 5500,10000 1000,3000 3000,10000 -3750,-2225 10000,10000 -4000,-2666 0
row.3260 minecraft:desert 5500,10000 1000,3000 -1900,300 -2225,500 0,0 -4000,-2666 0
row.3261 minecraft:desert 5500,10000 1000,3000 -1900,300 -2225,500 10000,10000 -4000,-2666 0
row.3262 minecraft:wooded_badlands 5500,10000 1000,3000 300,10000 -2225,500 0,0 -4000,-2666 0
row.3263 minecraft:wooded_badlands 5500,10000 1000,3000 300,10000 -2225,500 10000,10000 -4000,-2666 0
row.3264 minecraft:desert 5500,10000 1000,3000 -1900,-1100 500,4500 0,0 -4000,-2666 0
row.3265 minecraft:desert 5500,10000 1000,3000 -1900,-1100 500,4500 10000,10000 -4000,-2666 0
row.3266 minecraft:desert 5500,10000 1000,3000 -1100,10000 500,4500 0,0 -4000,-2666 0
row.3267 minecraft:desert 5500,10000 1000,3000 -1100,10000 500,4500 10000,10000 -4000,-2666 0
row.3268 minecraft:desert 5500,10000 1000,3000 -1900,-1100 4500,5500 0,0 -4000,-2666 0
row.3269 minecraft:desert 5500,10000 1000,3000 -1900,-1100 4500,5500 10000,10000 -4000,-2666 0
row.3270 minecraft:desert 5500,10000 1000,3000 -1100,300 4500,5500 0,0 -4000,-2666 0
row.3271 minecraft:desert 5500,10000 1000,3000 -1100,300 4500,5500 10000,10000 -4000,-2666 0
row.3272 minecraft:desert 5500,10000 1000,3000 300,10000 4500,5500 0,0 -4000,-2666 0
row.3273 minecraft:desert 5500,10000 1000,3000 300,10000 4500,5500 10000,10000 -4000,-2666 0
row.3274 minecraft:desert 5500,10000 1000,3000 -1900,-1100 5500,10000 0,0 -4000,-2666 0
row.3275 minecraft:desert 5500,10000 1000,3000 -1900,-1100 5500,10000 10000,10000 -4000,-2666 0
row.3276 minecraft:wooded_badlands 5500,10000 3000,10000 -1100,10000 -10000,-7799 0,0 -4000,-2666 0
row.3277 minecraft:wooded_badlands 5500,10000 3000,10000 -1100,10000 -10000,-7799 10000,10000 -4000,-2666 0
row.3278 minecraft:wooded_badlands 5500,10000 3000,10000 -1100,3000 -7799,-3750 0,0 -4000,-2666 0
row.3279 minecraft:wooded_badlands 5500,10000 3000,10000 -1100,3000 -7799,-3750 10000,10000 -4000,-2666 0
row.3280 minecraft:wooded_badlands 5500,10000 3000,10000 3000,10000 -7799,-3750 0,0 -4000,-2666 0
row.3281 minecraft:wooded_badlands 5500,10000 3000,10000 3000,10000 -7799,-3750 10000,10000 -4000,-2666 0
row.3282 minecraft:desert 5500,10000 3000,10000 -1100,300 -3750,-2225 0,0 -4000,-2666 0
row.3283 minecraft:desert 5500,10000 3000,10000 -1100,300 -3750,-2225 10000,10000 -4000,-2666 0
row.3284 minecraft:wooded_badlands 5500,10000 3000,10000 300,3000 -3750,-2225 0,0 -4000,-2666 0
row.3285 minecraft:wooded_badlands 5500,10000 3000,10000 300,3000 -3750,-2225 10000,10000 -4000,-2666 0
row.3286 minecraft:wooded_badlands 5500,10000 3000,10000 3000,10000 -3750,-2225 0,0 -4000,-2666 0
row.3287 minecraft:wooded_badlands 5500,10000 3000,10000 3000,10000 -3750,-2225 10000,10000 -4000,-2666 0
row.3288 minecraft:desert 5500,10000 3000,10000 -1900,300 -2225,500 0,0 -4000,-2666 0
row.3289 minecraft:desert 5500,10000 3000,10000 -1900,300 -2225,500 10000,10000 -4000,-2666 0
row.3290 minecraft:wooded_badlands 5500,10000 3000,10000 300,10000 -2225,500 0,0 -4000,-2666 0
row.3291 minecraft:wooded_badlands 5500,10000 3000,10000 300,10000 -2225,500 10000,10000 -4000,-2666 0
row.3292 minecraft:desert 5500,10000 3000,10000 -1900,-1100 500,4500 0,0 -4000,-2666 0
row.3293 minecraft:desert 5500,10000 3000,10000 -1900,-1100 500,4500 10000,10000 -4000,-2666 0
row.3294 minecraft:desert 5500,10000 3000,10000 -1100,10000 500,4500 0,0 -4000,-2666 0
row.3295 minecraft:desert 5500,10000 3000,10000 -1100,10000 500,4500 10000,10000 -4000,-2666 0
row.3296 minecraft:desert 5500,10000 3000,10000 -1900,-1100 4500,5500 0,0 -4000,-2666 0
row.3297 minecraft:desert 5500,10000 3000,10000 -1900,-1100 4500,5500 10000,10000 -4000,-2666 0
row.3298 minecraft:desert 5500,10000 3000,10000 -1100,300 4500,5500 0,0 -4000,-2666 0
row.3299 minecraft:desert 5500,10000 3000,10000 -1100,300 4500,5500 10000,10000 -4000,-2666 0
row.3300 minecraft:desert 5500,10000 3000,10000 300,10000 4500,5500 0,0 -4000,-2666 0
row.3301 minecraft:desert 5500,10000 3000,10000 300,10000 4500,5500 10000,10000 -4000,-2666 0
row.3302 minecraft:desert 5500,10000 3000,10000 -1900,-1100 5500,10000 0,0 -4000,-2666 0
row.3303 minecraft:desert 5500,10000 3000,10000 -1900,-1100 5500,10000 10000,10000 -4000,-2666 0
row.3304 minecraft:stony_shore -10000,10000 -10000,10000 -1900,-1100 -10000,-2225 0,0 -2666,-500 0
row.3305 minecraft:stony_shore -10000,10000 -10000,10000 -1900,-1100 -10000,-2225 10000,10000 -2666,-500 0
row.3306 minecraft:swamp -4500,2000 -10000,10000 -1100,10000 5500,10000 0,0 -2666,-500 0
row.3307 minecraft:swamp -4500,2000 -10000,10000 -1100,10000 5500,10000 10000,10000 -2666,-500 0
row.3308 minecraft:mangrove_swamp 2000,10000 -10000,10000 -1100,10000 5500,10000 0,0 -2666,-500 0
row.3309 minecraft:mangrove_swamp 2000,10000 -10000,10000 -1100,10000 5500,10000 10000,10000 -2666,-500 0
row.3310 minecraft:snowy_plains -10000,-4500 -10000,-3500 -1100,300 -10000,-3750 0,0 -2666,-500 0
row.3311 minecraft:snowy_plains -10000,-4500 -10000,-3500 -1100,300 -10000,-3750 10000,10000 -2666,-500 0
row.3312 minecraft:snowy_slopes -10000,-4500 -10000,-3500 300,10000 -10000,-3750 0,0 -2666,-500 0
row.3313 minecraft:snowy_slopes -10000,-4500 -10000,-3500 300,10000 -10000,-3750 10000,10000 -2666,-500 0
row.3314 minecraft:snowy_plains -10000,-4500 -10000,-3500 -1100,300 -3750,500 0,0 -2666,-500 0
row.3315 minecraft:snowy_plains -10000,-4500 -10000,-3500 -1100,300 -3750,500 10000,10000 -2666,-500 0
row.3316 minecraft:snowy_plains -10000,-4500 -10000,-3500 300,10000 -3750,500 0,0 -2666,-500 0
row.3317 minecraft:snowy_plains -10000,-4500 -10000,-3500 300,10000 -3750,500 10000,10000 -2666,-500 0
row.3318 minecraft:snowy_beach -10000,-4500 -10000,-3500 -1900,-1100 -2225,4500 0,0 -2666,-500 0
row.3319 minecraft:snowy_beach -10000,-4500 -10000,-3500 -1900,-1100 -2225,4500 10000,10000 -2666,-500 0
row.3320 minecraft:snowy_plains -10000,-4500 -10000,-3500 -1100,10000 500,4500 0,0 -2666,-500 0
row.3321 minecraft:snowy_plains -10000,-4500 -10000,-3500 -1100,10000 500,4500 10000,10000 -2666,-500 0
row.3322 minecraft:snowy_beach -10000,-4500 -10000,-3500 -1900,-1100 4500,5500 0,0 -2666,-500 0
row.3323 minecraft:snowy_beach -10000,-4500 -10000,-3500 -1900,-1100 4500,5500 10000,10000 -2666,-500 0
row.3324 minecraft:snowy_plains -10000,-4500 -10000,-3500 -1100,300 4500,5500 0,0 -2666,-500 0
row.3325 minecraft:snowy_plains -10000,-4500 -10000,-3500 -1100,300 4500,5500 10000,10000 -2666,-500 0
row.3326 minecraft:snowy_plains -10000,-4500 -10000,-3500 300,10000 4500,5500 0,0 -2666,-500 0
row.3327 minecraft:snowy_plains -10000,-4500 -10000,-3500 300,10000 4500,5500 10000,10000 -2666,-500 0
row.3328 minecraft:snowy_beach -10000,-4500 -10000,-3500 -1900,-1100 5500,10000 0,0 -2666,-500 0
row.3329 minecraft:snowy_beach -10000,-4500 -10000,-3500 -1900,-1100 5500,10000 10000,10000 -2666,-500 0
row.3330 minecraft:snowy_plains -10000,-4500 -10000,-3500 -1100,10000 5500,10000 0,0 -2666,-500 0
row.3331 minecraft:snowy_plains -10000,-4500 -10000,-3500 -1100,10000 5500,10000 10000,10000 -2666,-500 0
row.3332 minecraft:snowy_plains -10000,-4500 -3500,-1000 -1100,300 -10000,-3750 0,0 -2666,-500 0
row.3333 minecraft:snowy_plains -10000,-4500 -3500,-1000 -1100,300 -10000,-3750 10000,10000 -2666,-500 0
row.3334 minecraft:snowy_slopes -10000,-4500 -3500,-1000 300,10000 -10000,-3750 0,0 -2666,-500 0
row.3335 minecraft:snowy_slopes -10000,-4500 -3500,-1000 300,10000 -10000,-3750 10000,10000 -2666,-500 0
row.3336 minecraft:snowy_plains -10000,-4500 -3500,-1000 -1100,300 -3750,500 0,0 -2666,-500 0
row.3337 minecraft:snowy_plains -10000,-4500 -3500,-1000 -1100,300 -3750,500 10000,10000 -2666,-500 0
row.3338 minecraft:snowy_plains -10000,-4500 -3500,-1000 300,10000 -3750,500 0,0 -2666,-500 0
row.3339 minecraft:snowy_plains -10000,-4500 -3500,-1000 300,10000 -3750,500 10000,10000 -2666,-500 0
row.3340 minecraft:snowy_beach -10000,-4500 -3500,-1000 -1900,-1100 -2225,4500 0,0 -2666,-500 0
row.3341 minecraft:snowy_beach -10000,-4500 -3500,-1000 -1900,-1100 -2225,4500 10000,10000 -2666,-500 0
row.3342 minecraft:snowy_plains -10000,-4500 -3500,-1000 -1100,10000 500,4500 0,0 -2666,-500 0
row.3343 minecraft:snowy_plains -10000,-4500 -3500,-1000 -1100,10000 500,4500 10000,10000 -2666,-500 0
row.3344 minecraft:snowy_beach -10000,-4500 -3500,-1000 -1900,-1100 4500,5500 0,0 -2666,-500 0
row.3345 minecraft:snowy_beach -10000,-4500 -3500,-1000 -1900,-1100 4500,5500 10000,10000 -2666,-500 0
row.3346 minecraft:snowy_plains -10000,-4500 -3500,-1000 -1100,300 4500,5500 0,0 -2666,-500 0
row.3347 minecraft:snowy_plains -10000,-4500 -3500,-1000 -1100,300 4500,5500 10000,10000 -2666,-500 0
row.3348 minecraft:snowy_plains -10000,-4500 -3500,-1000 300,10000 4500,5500 0,0 -2666,-500 0
row.3349 minecraft:snowy_plains -10000,-4500 -3500,-1000 300,10000 4500,5500 10000,10000 -2666,-500 0
row.3350 minecraft:snowy_beach -10000,-4500 -3500,-1000 -1900,-1100 5500,10000 0,0 -2666,-500 0
row.3351 minecraft:snowy_beach -10000,-4500 -3500,-1000 -1900,-1100 5500,10000 10000,10000 -2666,-500 0
row.3352 minecraft:snowy_plains -10000,-4500 -3500,-1000 -1100,10000 5500,10000 0,0 -2666,-500 0
row.3353 minecraft:snowy_plains -10000,-4500 -3500,-1000 -1100,10000 5500,10000 10000,10000 -2666,-500 0
row.3354 minecraft:snowy_plains -10000,-4500 -1000,1000 -1100,300 -10000,-3750 0,0 -2666,-500 0
row.3355 minecraft:snowy_plains -10000,-4500 -1000,1000 -1100,300 -10000,-3750 10000,10000 -2666,-500 0
row.3356 minecraft:grove -10000,-4500 -1000,1000 300,10000 -10000,-3750 0,0 -2666,-500 0
row.3357 minecraft:grove -10000,-4500 -1000,1000 300,10000 -10000,-3750 10000,10000 -2666,-500 0
row.3358 minecraft:snowy_plains -10000,-4500 -1000,1000 -1100,300 -3750,500 0,0 -2666,-500 0
row.3359 minecraft:snowy_plains -10000,-4500 -1000,1000 -1100,300 -3750,500 10000,10000 -2666,-500 0
row.3360 minecraft:snowy_plains -10000,-4500 -1000,1000 300,10000 -3750,500 0,0 -2666,-500 0
row.3361 minecraft:snowy_plains -10000,-4500 -1000,1000 300,10000 -3750,500 10000,10000 -2666,-500 0
row.3362 minecraft:snowy_beach -10000,-4500 -1000,1000 -1900,-1100 -2225,4500 0,0 -2666,-500 0
row.3363 minecraft:snowy_beach -10000,-4500 -1000,1000 -1900,-1100 -2225,4500 10000,10000 -2666,-500 0
row.3364 minecraft:snowy_plains -10000,-4500 -1000,1000 -1100,10000 500,4500 0,0 -2666,-500 0
row.3365 minecraft:snowy_plains -10000,-4500 -1000,1000 -1100,10000 500,4500 10000,10000 -2666,-500 0
row.3366 minecraft:snowy_beach -10000,-4500 -1000,1000 -1900,-1100 4500,5500 0,0 -2666,-500 0
row.3367 minecraft:snowy_beach -10000,-4500 -1000,1000 -1900,-1100 4500,5500 10000,10000 -2666,-500 0
row.3368 minecraft:snowy_plains -10000,-4500 -1000,1000 -1100,300 4500,5500 0,0 -2666,-500 0
row.3369 minecraft:snowy_plains -10000,-4500 -1000,1000 -1100,300 4500,5500 10000,10000 -2666,-500 0
row.3370 minecraft:snowy_plains -10000,-4500 -1000,1000 300,10000 4500,5500 0,0 -2666,-500 0
row.3371 minecraft:snowy_plains -10000,-4500 -1000,1000 300,10000 4500,5500 10000,10000 -2666,-500 0
row.3372 minecraft:snowy_beach -10000,-4500 -1000,1000 -1900,-1100 5500,10000 0,0 -2666,-500 0
row.3373 minecraft:snowy_beach -10000,-4500 -1000,1000 -1900,-1100 5500,10000 10000,10000 -2666,-500 0
row.3374 minecraft:snowy_plains -10000,-4500 -1000,1000 -1100,10000 5500,10000 0,0 -2666,-500 0
row.3375 minecraft:snowy_plains -10000,-4500 -1000,1000 -1100,10000 5500,10000 10000,10000 -2666,-500 0
row.3376 minecraft:snowy_taiga -10000,-4500 1000,3000 -1100,300 -10000,-3750 0,0 -2666,-500 0
row.3377 minecraft:snowy_taiga -10000,-4500 1000,3000 -1100,300 -10000,-3750 10000,10000 -2666,-500 0
row.3378 minecraft:grove -10000,-4500 1000,3000 300,10000 -10000,-3750 0,0 -2666,-500 0
row.3379 minecraft:grove -10000,-4500 1000,3000 300,10000 -10000,-3750 10000,10000 -2666,-500 0
row.3380 minecraft:snowy_taiga -10000,-4500 1000,3000 -1100,300 -3750,500 0,0 -2666,-500 0
row.3381 minecraft:snowy_taiga -10000,-4500 1000,3000 -1100,300 -3750,500 10000,10000 -2666,-500 0
row.3382 minecraft:snowy_taiga -10000,-4500 1000,3000 300,10000 -3750,500 0,0 -2666,-500 0
row.3383 minecraft:snowy_taiga -10000,-4500 1000,3000 300,10000 -3750,500 10000,10000 -2666,-500 0
row.3384 minecraft:snowy_beach -10000,-4500 1000,3000 -1900,-1100 -2225,4500 0,0 -2666,-500 0
row.3385 minecraft:snowy_beach -10000,-4500 1000,3000 -1900,-1100 -2225,4500 10000,10000 -2666,-500 0
row.3386 minecraft:snowy_taiga -10000,-4500 1000,3000 -1100,10000 500,4500 0,0 -2666,-500 0
row.3387 minecraft:snowy_taiga -10000,-4500 1000,3000 -1100,10000 500,4500 10000,10000 -2666,-500 0
row.3388 minecraft:snowy_beach -10000,-4500 1000,3000 -1900,-1100 4500,5500 0,0 -2666,-500 0
row.3389 minecraft:snowy_beach -10000,-4500 1000,3000 -1900,-1100 4500,5500 10000,10000 -2666,-500 0
row.3390 minecraft:snowy_taiga -10000,-4500 1000,3000 -1100,300 4500,5500 0,0 -2666,-500 0
row.3391 minecraft:snowy_taiga -10000,-4500 1000,3000 -1100,300 4500,5500 10000,10000 -2666,-500 0
row.3392 minecraft:snowy_taiga -10000,-4500 1000,3000 300,10000 4500,5500 0,0 -2666,-500 0
row.3393 minecraft:snowy_taiga -10000,-4500 1000,3000 300,10000 4500,5500 10000,10000 -2666,-500 0
row.3394 minecraft:snowy_beach -10000,-4500 1000,3000 -1900,-1100 5500,10000 0,0 -2666,-500 0
row.3395 minecraft:snowy_beach -10000,-4500 1000,3000 -1900,-1100 5500,10000 10000,10000 -2666,-500 0
row.3396 minecraft:snowy_taiga -10000,-4500 1000,3000 -1100,10000 5500,10000 0,0 -2666,-500 0
row.3397 minecraft:snowy_taiga -10000,-4500 1000,3000 -1100,10000 5500,10000 10000,10000 -2666,-500 0
row.3398 minecraft:taiga -10000,-4500 3000,10000 -1100,300 -10000,-3750 0,0 -2666,-500 0
row.3399 minecraft:taiga -10000,-4500 3000,10000 -1100,300 -10000,-3750 10000,10000 -2666,-500 0
row.3400 minecraft:grove -10000,-4500 3000,10000 300,10000 -10000,-3750 0,0 -2666,-500 0
row.3401 minecraft:grove -10000,-4500 3000,10000 300,10000 -10000,-3750 10000,10000 -2666,-500 0
row.3402 minecraft:taiga -10000,-4500 3000,10000 -1100,300 -3750,500 0,0 -2666,-500 0
row.3403 minecraft:taiga -10000,-4500 3000,10000 -1100,300 -3750,500 10000,10000 -2666,-500 0
row.3404 minecraft:taiga -10000,-4500 3000,10000 300,10000 -3750,500 0,0 -2666,-500 0
row.3405 minecraft:taiga -10000,-4500 3000,10000 300,10000 -3750,500 10000,10000 -2666,-500 0
row.3406 minecraft:snowy_beach -10000,-4500 3000,10000 -1900,-1100 -2225,4500 0,0 -2666,-500 0
row.3407 minecraft:snowy_beach -10000,-4500 3000,10000 -1900,-1100 -2225,4500 10000,10000 -2666,-500 0
row.3408 minecraft:taiga -10000,-4500 3000,10000 -1100,10000 500,4500 0,0 -2666,-500 0
row.3409 minecraft:taiga -10000,-4500 3000,10000 -1100,10000 500,4500 10000,10000 -2666,-500 0
row.3410 minecraft:snowy_beach -10000,-4500 3000,10000 -1900,-1100 4500,5500 0,0 -2666,-500 0
row.3411 minecraft:snowy_beach -10000,-4500 3000,10000 -1900,-1100 4500,5500 10000,10000 -2666,-500 0
row.3412 minecraft:taiga -10000,-4500 3000,10000 -1100,300 4500,5500 0,0 -2666,-500 0
row.3413 minecraft:taiga -10000,-4500 3000,10000 -1100,300 4500,5500 10000,10000 -2666,-500 0
row.3414 minecraft:taiga -10000,-4500 3000,10000 300,10000 4500,5500 0,0 -2666,-500 0
row.3415 minecraft:taiga -10000,-4500 3000,10000 300,10000 4500,5500 10000,10000 -2666,-500 0
row.3416 minecraft:snowy_beach -10000,-4500 3000,10000 -1900,-1100 5500,10000 0,0 -2666,-500 0
row.3417 minecraft:snowy_beach -10000,-4500 3000,10000 -1900,-1100 5500,10000 10000,10000 -2666,-500 0
row.3418 minecraft:taiga -10000,-4500 3000,10000 -1100,10000 5500,10000 0,0 -2666,-500 0
row.3419 minecraft:taiga -10000,-4500 3000,10000 -1100,10000 5500,10000 10000,10000 -2666,-500 0
row.3420 minecraft:plains -4500,-1500 -10000,-3500 -1100,300 -10000,-3750 0,0 -2666,-500 0
row.3421 minecraft:plains -4500,-1500 -10000,-3500 -1100,300 -10000,-3750 10000,10000 -2666,-500 0
row.3422 minecraft:plains -4500,-1500 -10000,-3500 300,10000 -10000,-3750 0,0 -2666,-500 0
row.3423 minecraft:plains -4500,-1500 -10000,-3500 300,10000 -10000,-3750 10000,10000 -2666,-500 0
row.3424 minecraft:plains -4500,-1500 -10000,-3500 -1100,300 -3750,500 0,0 -2666,-500 0
row.3425 minecraft:plains -4500,-1500 -10000,-3500 -1100,300 -3750,500 10000,10000 -2666,-500 0
row.3426 minecraft:plains -4500,-1500 -10000,-3500 300,10000 -3750,500 0,0 -2666,-500 0
row.3427 minecraft:plains -4500,-1500 -10000,-3500 300,10000 -3750,500 10000,10000 -2666,-500 0
row.3428 minecraft:beach -4500,-1500 -10000,-3500 -1900,-1100 -2225,4500 0,0 -2666,-500 0
row.3429 minecraft:beach -4500,-1500 -10000,-3500 -1900,-1100 -2225,4500 10000,10000 -2666,-500 0
row.3430 minecraft:plains -4500,-1500 -10000,-3500 -1100,10000 500,4500 0,0 -2666,-500 0
row.3431 minecraft:plains -4500,-1500 -10000,-3500 -1100,10000 500,4500 10000,10000 -2666,-500 0
row.3432 minecraft:beach -4500,-1500 -10000,-3500 -1900,-1100 4500,5500 0,0 -2666,-500 0
row.3433 minecraft:beach -4500,-1500 -10000,-3500 -1900,-1100 4500,5500 10000,10000 -2666,-500 0
row.3434 minecraft:plains -4500,-1500 -10000,-3500 -1100,300 4500,5500 0,0 -2666,-500 0
row.3435 minecraft:plains -4500,-1500 -10000,-3500 -1100,300 4500,5500 10000,10000 -2666,-500 0
row.3436 minecraft:plains -4500,-1500 -10000,-3500 300,10000 4500,5500 0,0 -2666,-500 0
row.3437 minecraft:plains -4500,-1500 -10000,-3500 300,10000 4500,5500 10000,10000 -2666,-500 0
row.3438 minecraft:beach -4500,-1500 -10000,-3500 -1900,-1100 5500,10000 0,0 -2666,-500 0
row.3439 minecraft:beach -4500,-1500 -10000,-3500 -1900,-1100 5500,10000 10000,10000 -2666,-500 0
row.3440 minecraft:plains -4500,-1500 -3500,-1000 -1100,300 -10000,-3750 0,0 -2666,-500 0
row.3441 minecraft:plains -4500,-1500 -3500,-1000 -1100,300 -10000,-3750 10000,10000 -2666,-500 0
row.3442 minecraft:plains -4500,-1500 -3500,-1000 300,10000 -10000,-3750 0,0 -2666,-500 0
row.3443 minecraft:plains -4500,-1500 -3500,-1000 300,10000 -10000,-3750 10000,10000 -2666,-500 0
row.3444 minecraft:plains -4500,-1500 -3500,-1000 -1100,300 -3750,500 0,0 -2666,-500 0
row.3445 minecraft:plains -4500,-1500 -3500,-1000 -1100,300 -3750,500 10000,10000 -2666,-500 0
row.3446 minecraft:plains -4500,-1500 -3500,-1000 300,10000 -3750,500 0,0 -2666,-500 0
row.3447 minecraft:plains -4500,-1500 -3500,-1000 300,10000 -3750,500 10000,10000 -2666,-500 0
row.3448 minecraft:beach -4500,-1500 -3500,-1000 -1900,-1100 -2225,4500 0,0 -2666,-500 0
row.3449 minecraft:beach -4500,-1500 -3500,-1000 -1900,-1100 -2225,4500 10000,10000 -2666,-500 0
row.3450 minecraft:plains -4500,-1500 -3500,-1000 -1100,10000 500,4500 0,0 -2666,-500 0
row.3451 minecraft:plains -4500,-1500 -3500,-1000 -1100,10000 500,4500 10000,10000 -2666,-500 0
row.3452 minecraft:beach -4500,-1500 -3500,-1000 -1900,-1100 4500,5500 0,0 -2666,-500 0
row.3453 minecraft:beach -4500,-1500 -3500,-1000 -1900,-1100 4500,5500 10000,10000 -2666,-500 0
row.3454 minecraft:plains -4500,-1500 -3500,-1000 -1100,300 4500,5500 0,0 -2666,-500 0
row.3455 minecraft:plains -4500,-1500 -3500,-1000 -1100,300 4500,5500 10000,10000 -2666,-500 0
row.3456 minecraft:plains -4500,-1500 -3500,-1000 300,10000 4500,5500 0,0 -2666,-500 0
row.3457 minecraft:plains -4500,-1500 -3500,-1000 300,10000 4500,5500 10000,10000 -2666,-500 0
row.3458 minecraft:beach -4500,-1500 -3500,-1000 -1900,-1100 5500,10000 0,0 -2666,-500 0
row.3459 minecraft:beach -4500,-1500 -3500,-1000 -1900,-1100 5500,10000 10000,10000 -2666,-500 0
row.3460 minecraft:forest -4500,-1500 -1000,1000 -1100,300 -10000,-3750 0,0 -2666,-500 0
row.3461 minecraft:forest -4500,-1500 -1000,1000 -1100,300 -10000,-3750 10000,10000 -2666,-500 0
row.3462 minecraft:forest -4500,-1500 -1000,1000 300,10000 -10000,-3750 0,0 -2666,-500 0
row.3463 minecraft:forest -4500,-1500 -1000,1000 300,10000 -10000,-3750 10000,10000 -2666,-500 0
row.3464 minecraft:forest -4500,-1500 -1000,1000 -1100,300 -3750,500 0,0 -2666,-500 0
row.3465 minecraft:forest -4500,-1500 -1000,1000 -1100,300 -3750,500 10000,10000 -2666,-500 0
row.3466 minecraft:forest -4500,-1500 -1000,1000 300,10000 -3750,500 0,0 -2666,-500 0
row.3467 minecraft:forest -4500,-1500 -1000,1000 300,10000 -3750,500 10000,10000 -2666,-500 0
row.3468 minecraft:beach -4500,-1500 -1000,1000 -1900,-1100 -2225,4500 0,0 -2666,-500 0
row.3469 minecraft:beach -4500,-1500 -1000,1000 -1900,-1100 -2225,4500 10000,10000 -2666,-500 0
row.3470 minecraft:forest -4500,-1500 -1000,1000 -1100,10000 500,4500 0,0 -2666,-500 0
row.3471 minecraft:forest -4500,-1500 -1000,1000 -1100,10000 500,4500 10000,10000 -2666,-500 0
row.3472 minecraft:beach -4500,-1500 -1000,1000 -1900,-1100 4500,5500 0,0 -2666,-500 0
row.3473 minecraft:beach -4500,-1500 -1000,1000 -1900,-1100 4500,5500 10000,10000 -2666,-500 0
row.3474 minecraft:forest -4500,-1500 -1000,1000 -1100,300 4500,5500 0,0 -2666,-500 0
row.3475 minecraft:forest -4500,-1500 -1000,1000 -1100,300 4500,5500 10000,10000 -2666,-500 0
row.3476 minecraft:forest -4500,-1500 -1000,1000 300,10000 4500,5500 0,0 -2666,-500 0
row.3477 minecraft:forest -4500,-1500 -1000,1000 300,10000 4500,5500 10000,10000 -2666,-500 0
row.3478 minecraft:beach -4500,-1500 -1000,1000 -1900,-1100 5500,10000 0,0 -2666,-500 0
row.3479 minecraft:beach -4500,-1500 -1000,1000 -1900,-1100 5500,10000 10000,10000 -2666,-500 0
row.3480 minecraft:taiga -4500,-1500 1000,3000 -1100,300 -10000,-3750 0,0 -2666,-500 0
row.3481 minecraft:taiga -4500,-1500 1000,3000 -1100,300 -10000,-3750 10000,10000 -2666,-500 0
row.3482 minecraft:taiga -4500,-1500 1000,3000 300,10000 -10000,-3750 0,0 -2666,-500 0
row.3483 minecraft:taiga -4500,-1500 1000,3000 300,10000 -10000,-3750 10000,10000 -2666,-500 0
row.3484 minecraft:taiga -4500,-1500 1000,3000 -1100,300 -3750,500 0,0 -2666,-500 0
row.3485 minecraft:taiga -4500,-1500 1000,3000 -1100,300 -3750,500 10000,10000 -2666,-500 0
row.3486 minecraft:taiga -4500,-1500 1000,3000 300,10000 -3750,500 0,0 -2666,-500 0
row.3487 minecraft:taiga -4500,-1500 1000,3000 300,10000 -3750,500 10000,10000 -2666,-500 0
row.3488 minecraft:beach -4500,-1500 1000,3000 -1900,-1100 -2225,4500 0,0 -2666,-500 0
row.3489 minecraft:beach -4500,-1500 1000,3000 -1900,-1100 -2225,4500 10000,10000 -2666,-500 0
row.3490 minecraft:taiga -4500,-1500 1000,3000 -1100,10000 500,4500 0,0 -2666,-500 0
row.3491 minecraft:taiga -4500,-1500 1000,3000 -1100,10000 500,4500 10000,10000 -2666,-500 0
row.3492 minecraft:beach -4500,-1500 1000,3000 -1900,-1100 4500,5500 0,0 -2666,-500 0
row.3493 minecraft:beach -4500,-1500 1000,3000 -1900,-1100 4500,5500 10000,10000 -2666,-500 0
row.3494 minecraft:taiga -4500,-1500 1000,3000 -1100,300 4500,5500 0,0 -2666,-500 0
row.3495 minecraft:taiga -4500,-1500 1000,3000 -1100,300 4500,5500 10000,10000 -2666,-500 0
row.3496 minecraft:taiga -4500,-1500 1000,3000 300,10000 4500,5500 0,0 -2666,-500 0
row.3497 minecraft:taiga -4500,-1500 1000,3000 300,10000 4500,5500 10000,10000 -2666,-500 0
row.3498 minecraft:beach -4500,-1500 1000,3000 -1900,-1100 5500,10000 0,0 -2666,-500 0
row.3499 minecraft:beach -4500,-1500 1000,3000 -1900,-1100 5500,10000 10000,10000 -2666,-500 0
row.3500 minecraft:old_growth_spruce_taiga -4500,-1500 3000,10000 -1100,300 -10000,-3750 0,0 -2666,-500 0
row.3501 minecraft:old_growth_spruce_taiga -4500,-1500 3000,10000 -1100,300 -10000,-3750 10000,10000 -2666,-500 0
row.3502 minecraft:old_growth_spruce_taiga -4500,-1500 3000,10000 300,10000 -10000,-3750 0,0 -2666,-500 0
row.3503 minecraft:old_growth_spruce_taiga -4500,-1500 3000,10000 300,10000 -10000,-3750 10000,10000 -2666,-500 0
row.3504 minecraft:old_growth_spruce_taiga -4500,-1500 3000,10000 -1100,300 -3750,500 0,0 -2666,-500 0
row.3505 minecraft:old_growth_spruce_taiga -4500,-1500 3000,10000 -1100,300 -3750,500 10000,10000 -2666,-500 0
row.3506 minecraft:old_growth_spruce_taiga -4500,-1500 3000,10000 300,10000 -3750,500 0,0 -2666,-500 0
row.3507 minecraft:old_growth_spruce_taiga -4500,-1500 3000,10000 300,10000 -3750,500 10000,10000 -2666,-500 0
row.3508 minecraft:beach -4500,-1500 3000,10000 -1900,-1100 -2225,4500 0,0 -2666,-500 0
row.3509 minecraft:beach -4500,-1500 3000,10000 -1900,-1100 -2225,4500 10000,10000 -2666,-500 0
row.3510 minecraft:old_growth_spruce_taiga -4500,-1500 3000,10000 -1100,10000 500,4500 0,0 -2666,-500 0
row.3511 minecraft:old_growth_spruce_taiga -4500,-1500 3000,10000 -1100,10000 500,4500 10000,10000 -2666,-500 0
row.3512 minecraft:beach -4500,-1500 3000,10000 -1900,-1100 4500,5500 0,0 -2666,-500 0
row.3513 minecraft:beach -4500,-1500 3000,10000 -1900,-1100 4500,5500 10000,10000 -2666,-500 0
row.3514 minecraft:old_growth_spruce_taiga -4500,-1500 3000,10000 -1100,300 4500,5500 0,0 -2666,-500 0
row.3515 minecraft:old_growth_spruce_taiga -4500,-1500 3000,10000 -1100,300 4500,5500 10000,10000 -2666,-500 0
row.3516 minecraft:old_growth_spruce_taiga -4500,-1500 3000,10000 300,10000 4500,5500 0,0 -2666,-500 0
row.3517 minecraft:old_growth_spruce_taiga -4500,-1500 3000,10000 300,10000 4500,5500 10000,10000 -2666,-500 0
row.3518 minecraft:beach -4500,-1500 3000,10000 -1900,-1100 5500,10000 0,0 -2666,-500 0
row.3519 minecraft:beach -4500,-1500 3000,10000 -1900,-1100 5500,10000 10000,10000 -2666,-500 0
row.3520 minecraft:flower_forest -1500,2000 -10000,-3500 -1100,300 -10000,-3750 0,0 -2666,-500 0
row.3521 minecraft:flower_forest -1500,2000 -10000,-3500 -1100,300 -10000,-3750 10000,10000 -2666,-500 0
row.3522 minecraft:flower_forest -1500,2000 -10000,-3500 300,10000 -10000,-3750 0,0 -2666,-500 0
row.3523 minecraft:flower_forest -1500,2000 -10000,-3500 300,10000 -10000,-3750 10000,10000 -2666,-500 0
row.3524 minecraft:flower_forest -1500,2000 -10000,-3500 -1100,300 -3750,500 0,0 -2666,-500 0
row.3525 minecraft:flower_forest -1500,2000 -10000,-3500 -1100,300 -3750,500 10000,10000 -2666,-500 0
row.3526 minecraft:flower_forest -1500,2000 -10000,-3500 300,10000 -3750,500 0,0 -2666,-500 0
row.3527 minecraft:flower_forest -1500,2000 -10000,-3500 300,10000 -3750,500 10000,10000 -2666,-500 0
row.3528 minecraft:beach -1500,2000 -10000,-3500 -1900,-1100 -2225,4500 0,0 -2666,-500 0
row.3529 minecraft:beach -1500,2000 -10000,-3500 -1900,-1100 -2225,4500 10000,10000 -2666,-500 0
row.3530 minecraft:flower_forest -1500,2000 -10000,-3500 -1100,10000 500,4500 0,0 -2666,-500 0
row.3531 minecraft:flower_forest -1500,2000 -10000,-3500 -1100,10000 500,4500 10000,10000 -2666,-500 0
row.3532 minecraft:beach -1500,2000 -10000,-3500 -1900,-1100 4500,5500 0,0 -2666,-500 0
row.3533 minecraft:beach -1500,2000 -10000,-3500 -1900,-1100 4500,5500 10000,10000 -2666,-500 0
row.3534 minecraft:flower_forest -1500,2000 -10000,-3500 -1100,300 4500,5500 0,0 -2666,-500 0
row.3535 minecraft:flower_forest -1500,2000 -10000,-3500 -1100,300 4500,5500 10000,10000 -2666,-500 0
row.3536 minecraft:flower_forest -1500,2000 -10000,-3500 300,10000 4500,5500 0,0 -2666,-500 0
row.3537 minecraft:flower_forest -1500,2000 -10000,-3500 300,10000 4500,5500 10000,10000 -2666,-500 0
row.3538 minecraft:beach -1500,2000 -10000,-3500 -1900,-1100 5500,10000 0,0 -2666,-500 0
row.3539 minecraft:beach -1500,2000 -10000,-3500 -1900,-1100 5500,10000 10000,10000 -2666,-500 0
row.3540 minecraft:plains -1500,2000 -3500,-1000 -1100,300 -10000,-3750 0,0 -2666,-500 0
row.3541 minecraft:plains -1500,2000 -3500,-1000 -1100,300 -10000,-3750 10000,10000 -2666,-500 0
row.3542 minecraft:plains -1500,2000 -3500,-1000 300,10000 -10000,-3750 0,0 -2666,-500 0
row.3543 minecraft:plains -1500,2000 -3500,-1000 300,10000 -10000,-3750 10000,10000 -2666,-500 0
row.3544 minecraft:plains -1500,2000 -3500,-1000 -1100,300 -3750,500 0,0 -2666,-500 0
row.3545 minecraft:plains -1500,2000 -3500,-1000 -1100,300 -3750,500 10000,10000 -2666,-500 0
row.3546 minecraft:plains -1500,2000 -3500,-1000 300,10000 -3750,500 0,0 -2666,-500 0
row.3547 minecraft:plains -1500,2000 -3500,-1000 300,10000 -3750,500 10000,10000 -2666,-500 0
row.3548 minecraft:beach -1500,2000 -3500,-1000 -1900,-1100 -2225,4500 0,0 -2666,-500 0
row.3549 minecraft:beach -1500,2000 -3500,-1000 -1900,-1100 -2225,4500 10000,10000 -2666,-500 0
row.3550 minecraft:plains -1500,2000 -3500,-1000 -1100,10000 500,4500 0,0 -2666,-500 0
row.3551 minecraft:plains -1500,2000 -3500,-1000 -1100,10000 500,4500 10000,10000 -2666,-500 0
row.3552 minecraft:beach -1500,2000 -3500,-1000 -1900,-1100 4500,5500 0,0 -2666,-500 0
row.3553 minecraft:beach -1500,2000 -3500,-1000 -1900,-1100 4500,5500 10000,10000 -2666,-500 0
row.3554 minecraft:plains -1500,2000 -3500,-1000 -1100,300 4500,5500 0,0 -2666,-500 0
row.3555 minecraft:plains -1500,2000 -3500,-1000 -1100,300 4500,5500 10000,10000 -2666,-500 0
row.3556 minecraft:plains -1500,2000 -3500,-1000 300,10000 4500,5500 0,0 -2666,-500 0
row.3557 minecraft:plains -1500,2000 -3500,-1000 300,10000 4500,5500 10000,10000 -2666,-500 0
row.3558 minecraft:beach -1500,2000 -3500,-1000 -1900,-1100 5500,10000 0,0 -2666,-500 0
row.3559 minecraft:beach -1500,2000 -3500,-1000 -1900,-1100 5500,10000 10000,10000 -2666,-500 0
row.3560 minecraft:forest -1500,2000 -1000,1000 -1100,300 -10000,-3750 0,0 -2666,-500 0
row.3561 minecraft:forest -1500,2000 -1000,1000 -1100,300 -10000,-3750 10000,10000 -2666,-500 0
row.3562 minecraft:forest -1500,2000 -1000,1000 300,10000 -10000,-3750 0,0 -2666,-500 0
row.3563 minecraft:forest -1500,2000 -1000,1000 300,10000 -10000,-3750 10000,10000 -2666,-500 0
row.3564 minecraft:forest -1500,2000 -1000,1000 -1100,300 -3750,500 0,0 -2666,-500 0
row.3565 minecraft:forest -1500,2000 -1000,1000 -1100,300 -3750,500 10000,10000 -2666,-500 0
row.3566 minecraft:forest -1500,2000 -1000,1000 300,10000 -3750,500 0,0 -2666,-500 0
row.3567 minecraft:forest -1500,2000 -1000,1000 300,10000 -3750,500 10000,10000 -2666,-500 0
row.3568 minecraft:beach -1500,2000 -1000,1000 -1900,-1100 -2225,4500 0,0 -2666,-500 0
row.3569 minecraft:beach -1500,2000 -1000,1000 -1900,-1100 -2225,4500 10000,10000 -2666,-500 0
row.3570 minecraft:forest -1500,2000 -1000,1000 -1100,10000 500,4500 0,0 -2666,-500 0
row.3571 minecraft:forest -1500,2000 -1000,1000 -1100,10000 500,4500 10000,10000 -2666,-500 0
row.3572 minecraft:beach -1500,2000 -1000,1000 -1900,-1100 4500,5500 0,0 -2666,-500 0
row.3573 minecraft:beach -1500,2000 -1000,1000 -1900,-1100 4500,5500 10000,10000 -2666,-500 0
row.3574 minecraft:forest -1500,2000 -1000,1000 -1100,300 4500,5500 0,0 -2666,-500 0
row.3575 minecraft:forest -1500,2000 -1000,1000 -1100,300 4500,5500 10000,10000 -2666,-500 0
row.3576 minecraft:forest -1500,2000 -1000,1000 300,10000 4500,5500 0,0 -2666,-500 0
row.3577 minecraft:forest -1500,2000 -1000,1000 300,10000 4500,5500 10000,10000 -2666,-500 0
row.3578 minecraft:beach -1500,2000 -1000,1000 -1900,-1100 5500,10000 0,0 -2666,-500 0
row.3579 minecraft:beach -1500,2000 -1000,1000 -1900,-1100 5500,10000 10000,10000 -2666,-500 0
row.3580 minecraft:birch_forest -1500,2000 1000,3000 -1100,300 -10000,-3750 0,0 -2666,-500 0
row.3581 minecraft:birch_forest -1500,2000 1000,3000 -1100,300 -10000,-3750 10000,10000 -2666,-500 0
row.3582 minecraft:birch_forest -1500,2000 1000,3000 300,10000 -10000,-3750 0,0 -2666,-500 0
row.3583 minecraft:birch_forest -1500,2000 1000,3000 300,10000 -10000,-3750 10000,10000 -2666,-500 0
row.3584 minecraft:birch_forest -1500,2000 1000,3000 -1100,300 -3750,500 0,0 -2666,-500 0
row.3585 minecraft:birch_forest -1500,2000 1000,3000 -1100,300 -3750,500 10000,10000 -2666,-500 0
row.3586 minecraft:birch_forest -1500,2000 1000,3000 300,10000 -3750,500 0,0 -2666,-500 0
row.3587 minecraft:birch_forest -1500,2000 1000,3000 300,10000 -3750,500 10000,10000 -2666,-500 0
row.3588 minecraft:beach -1500,2000 1000,3000 -1900,-1100 -2225,4500 0,0 -2666,-500 0
row.3589 minecraft:beach -1500,2000 1000,3000 -1900,-1100 -2225,4500 10000,10000 -2666,-500 0
row.3590 minecraft:birch_forest -1500,2000 1000,3000 -1100,10000 500,4500 0,0 -2666,-500 0
row.3591 minecraft:birch_forest -1500,2000 1000,3000 -1100,10000 500,4500 10000,10000 -2666,-500 0
row.3592 minecraft:beach -1500,2000 1000,3000 -1900,-1100 4500,5500 0,0 -2666,-500 0
row.3593 minecraft:beach -1500,2000 1000,3000 -1900,-1100 4500,5500 10000,10000 -2666,-500 0
row.3594 minecraft:birch_forest -1500,2000 1000,3000 -1100,300 4500,5500 0,0 -2666,-500 0
row.3595 minecraft:birch_forest -1500,2000 1000,3000 -1100,300 4500,5500 10000,10000 -2666,-500 0
row.3596 minecraft:birch_forest -1500,2000 1000,3000 300,10000 4500,5500 0,0 -2666,-500 0
row.3597 minecraft:birch_forest -1500,2000 1000,3000 300,10000 4500,5500 10000,10000 -2666,-500 0
row.3598 minecraft:beach -1500,2000 1000,3000 -1900,-1100 5500,10000 0,0 -2666,-500 0
row.3599 minecraft:beach -1500,2000 1000,3000 -1900,-1100 5500,10000 10000,10000 -2666,-500 0
row.3600 minecraft:dark_forest -1500,2000 3000,10000 -1100,300 -10000,-3750 0,0 -2666,-500 0
row.3601 minecraft:dark_forest -1500,2000 3000,10000 -1100,300 -10000,-3750 10000,10000 -2666,-500 0
row.3602 minecraft:dark_forest -1500,2000 3000,10000 300,10000 -10000,-3750 0,0 -2666,-500 0
row.3603 minecraft:dark_forest -1500,2000 3000,10000 300,10000 -10000,-3750 10000,10000 -2666,-500 0
row.3604 minecraft:dark_forest -1500,2000 3000,10000 -1100,300 -3750,500 0,0 -2666,-500 0
row.3605 minecraft:dark_forest -1500,2000 3000,10000 -1100,300 -3750,500 10000,10000 -2666,-500 0
row.3606 minecraft:dark_forest -1500,2000 3000,10000 300,10000 -3750,500 0,0 -2666,-500 0
row.3607 minecraft:dark_forest -1500,2000 3000,10000 300,10000 -3750,500 10000,10000 -2666,-500 0
row.3608 minecraft:beach -1500,2000 3000,10000 -1900,-1100 -2225,4500 0,0 -2666,-500 0
row.3609 minecraft:beach -1500,2000 3000,10000 -1900,-1100 -2225,4500 10000,10000 -2666,-500 0
row.3610 minecraft:dark_forest -1500,2000 3000,10000 -1100,10000 500,4500 0,0 -2666,-500 0
row.3611 minecraft:dark_forest -1500,2000 3000,10000 -1100,10000 500,4500 10000,10000 -2666,-500 0
row.3612 minecraft:beach -1500,2000 3000,10000 -1900,-1100 4500,5500 0,0 -2666,-500 0
row.3613 minecraft:beach -1500,2000 3000,10000 -1900,-1100 4500,5500 10000,10000 -2666,-500 0
row.3614 minecraft:dark_forest -1500,2000 3000,10000 -1100,300 4500,5500 0,0 -2666,-500 0
row.3615 minecraft:dark_forest -1500,2000 3000,10000 -1100,300 4500,5500 10000,10000 -2666,-500 0
row.3616 minecraft:dark_forest -1500,2000 3000,10000 300,10000 4500,5500 0,0 -2666,-500 0
row.3617 minecraft:dark_forest -1500,2000 3000,10000 300,10000 4500,5500 10000,10000 -2666,-500 0
row.3618 minecraft:beach -1500,2000 3000,10000 -1900,-1100 5500,10000 0,0 -2666,-500 0
row.3619 minecraft:beach -1500,2000 3000,10000 -1900,-1100 5500,10000 10000,10000 -2666,-500 0
row.3620 minecraft:savanna 2000,5500 -10000,-3500 -1100,300 -10000,-3750 0,0 -2666,-500 0
row.3621 minecraft:savanna 2000,5500 -10000,-3500 -1100,300 -10000,-3750 10000,10000 -2666,-500 0
row.3622 minecraft:savanna 2000,5500 -10000,-3500 300,10000 -10000,-3750 0,0 -2666,-500 0
row.3623 minecraft:savanna 2000,5500 -10000,-3500 300,10000 -10000,-3750 10000,10000 -2666,-500 0
row.3624 minecraft:savanna 2000,5500 -10000,-3500 -1100,300 -3750,500 0,0 -2666,-500 0
row.3625 minecraft:savanna 2000,5500 -10000,-3500 -1100,300 -3750,500 10000,10000 -2666,-500 0
row.3626 minecraft:savanna 2000,5500 -10000,-3500 300,10000 -3750,500 0,0 -2666,-500 0
row.3627 minecraft:savanna 2000,5500 -10000,-3500 300,10000 -3750,500 10000,10000 -2666,-500 0
row.3628 minecraft:beach 2000,5500 -10000,-3500 -1900,-1100 -2225,4500 0,0 -2666,-500 0
row.3629 minecraft:beach 2000,5500 -10000,-3500 -1900,-1100 -2225,4500 10000,10000 -2666,-500 0
row.3630 minecraft:savanna 2000,5500 -10000,-3500 -1100,10000 500,4500 0,0 -2666,-500 0
row.3631 minecraft:savanna 2000,5500 -10000,-3500 -1100,10000 500,4500 10000,10000 -2666,-500 0
row.3632 minecraft:beach 2000,5500 -10000,-3500 -1900,-1100 4500,5500 0,0 -2666,-500 0
row.3633 minecraft:beach 2000,5500 -10000,-3500 -1900,-1100 4500,5500 10000,10000 -2666,-500 0
row.3634 minecraft:savanna 2000,5500 -10000,-3500 -1100,300 4500,5500 0,0 -2666,-500 0
row.3635 minecraft:savanna 2000,5500 -10000,-3500 -1100,300 4500,5500 10000,10000 -2666,-500 0
row.3636 minecraft:savanna 2000,5500 -10000,-3500 300,10000 4500,5500 0,0 -2666,-500 0
row.3637 minecraft:savanna 2000,5500 -10000,-3500 300,10000 4500,5500 10000,10000 -2666,-500 0
row.3638 minecraft:beach 2000,5500 -10000,-3500 -1900,-1100 5500,10000 0,0 -2666,-500 0
row.3639 minecraft:beach 2000,5500 -10000,-3500 -1900,-1100 5500,10000 10000,10000 -2666,-500 0
row.3640 minecraft:savanna 2000,5500 -3500,-1000 -1100,300 -10000,-3750 0,0 -2666,-500 0
row.3641 minecraft:savanna 2000,5500 -3500,-1000 -1100,300 -10000,-3750 10000,10000 -2666,-500 0
row.3642 minecraft:savanna 2000,5500 -3500,-1000 300,10000 -10000,-3750 0,0 -2666,-500 0
row.3643 minecraft:savanna 2000,5500 -3500,-1000 300,10000 -10000,-3750 10000,10000 -2666,-500 0
row.3644 minecraft:savanna 2000,5500 -3500,-1000 -1100,300 -3750,500 0,0 -2666,-500 0
row.3645 minecraft:savanna 2000,5500 -3500,-1000 -1100,300 -3750,500 10000,10000 -2666,-500 0
row.3646 minecraft:savanna 2000,5500 -3500,-1000 300,10000 -3750,500 0,0 -2666,-500 0
row.3647 minecraft:savanna 2000,5500 -3500,-1000 300,10000 -3750,500 10000,10000 -2666,-500 0
row.3648 minecraft:beach 2000,5500 -3500,-1000 -1900,-1100 -2225,4500 0,0 -2666,-500 0
row.3649 minecraft:beach 2000,5500 -3500,-1000 -1900,-1100 -2225,4500 10000,10000 -2666,-500 0
row.3650 minecraft:savanna 2000,5500 -3500,-1000 -1100,10000 500,4500 0,0 -2666,-500 0
row.3651 minecraft:savanna 2000,5500 -3500,-1000 -1100,10000 500,4500 10000,10000 -2666,-500 0
row.3652 minecraft:beach 2000,5500 -3500,-1000 -1900,-1100 4500,5500 0,0 -2666,-500 0
row.3653 minecraft:beach 2000,5500 -3500,-1000 -1900,-1100 4500,5500 10000,10000 -2666,-500 0
row.3654 minecraft:savanna 2000,5500 -3500,-1000 -1100,300 4500,5500 0,0 -2666,-500 0
row.3655 minecraft:savanna 2000,5500 -3500,-1000 -1100,300 4500,5500 10000,10000 -2666,-500 0
row.3656 minecraft:savanna 2000,5500 -3500,-1000 300,10000 4500,5500 0,0 -2666,-500 0
row.3657 minecraft:savanna 2000,5500 -3500,-1000 300,10000 4500,5500 10000,10000 -2666,-500 0
row.3658 minecraft:beach 2000,5500 -3500,-1000 -1900,-1100 5500,10000 0,0 -2666,-500 0
row.3659 minecraft:beach 2000,5500 -3500,-1000 -1900,-1100 5500,10000 10000,10000 -2666,-500 0
row.3660 minecraft:forest 2000,5500 -1000,1000 -1100,300 -10000,-3750 0,0 -2666,-500 0
row.3661 minecraft:forest 2000,5500 -1000,1000 -1100,300 -10000,-3750 10000,10000 -2666,-500 0
row.3662 minecraft:forest 2000,5500 -1000,1000 300,10000 -10000,-3750 0,0 -2666,-500 0
row.3663 minecraft:forest 2000,5500 -1000,1000 300,10000 -10000,-3750 10000,10000 -2666,-500 0
row.3664 minecraft:forest 2000,5500 -1000,1000 -1100,300 -3750,500 0,0 -2666,-500 0
row.3665 minecraft:forest 2000,5500 -1000,1000 -1100,300 -3750,500 10000,10000 -2666,-500 0
row.3666 minecraft:forest 2000,5500 -1000,1000 300,10000 -3750,500 0,0 -2666,-500 0
row.3667 minecraft:forest 2000,5500 -1000,1000 300,10000 -3750,500 10000,10000 -2666,-500 0
row.3668 minecraft:beach 2000,5500 -1000,1000 -1900,-1100 -2225,4500 0,0 -2666,-500 0
row.3669 minecraft:beach 2000,5500 -1000,1000 -1900,-1100 -2225,4500 10000,10000 -2666,-500 0
row.3670 minecraft:forest 2000,5500 -1000,1000 -1100,10000 500,4500 0,0 -2666,-500 0
row.3671 minecraft:forest 2000,5500 -1000,1000 -1100,10000 500,4500 10000,10000 -2666,-500 0
row.3672 minecraft:beach 2000,5500 -1000,1000 -1900,-1100 4500,5500 0,0 -2666,-500 0
row.3673 minecraft:beach 2000,5500 -1000,1000 -1900,-1100 4500,5500 10000,10000 -2666,-500 0
row.3674 minecraft:forest 2000,5500 -1000,1000 -1100,300 4500,5500 0,0 -2666,-500 0
row.3675 minecraft:forest 2000,5500 -1000,1000 -1100,300 4500,5500 10000,10000 -2666,-500 0
row.3676 minecraft:forest 2000,5500 -1000,1000 300,10000 4500,5500 0,0 -2666,-500 0
row.3677 minecraft:forest 2000,5500 -1000,1000 300,10000 4500,5500 10000,10000 -2666,-500 0
row.3678 minecraft:beach 2000,5500 -1000,1000 -1900,-1100 5500,10000 0,0 -2666,-500 0
row.3679 minecraft:beach 2000,5500 -1000,1000 -1900,-1100 5500,10000 10000,10000 -2666,-500 0
row.3680 minecraft:jungle 2000,5500 1000,3000 -1100,300 -10000,-3750 0,0 -2666,-500 0
row.3681 minecraft:jungle 2000,5500 1000,3000 -1100,300 -10000,-3750 10000,10000 -2666,-500 0
row.3682 minecraft:jungle 2000,5500 1000,3000 300,10000 -10000,-3750 0,0 -2666,-500 0
row.3683 minecraft:jungle 2000,5500 1000,3000 300,10000 -10000,-3750 10000,10000 -2666,-500 0
row.3684 minecraft:jungle 2000,5500 1000,3000 -1100,300 -3750,500 0,0 -2666,-500 0
row.3685 minecraft:jungle 2000,5500 1000,3000 -1100,300 -3750,500 10000,10000 -2666,-500 0
row.3686 minecraft:jungle 2000,5500 1000,3000 300,10000 -3750,500 0,0 -2666,-500 0
row.3687 minecraft:jungle 2000,5500 1000,3000 300,10000 -3750,500 10000,10000 -2666,-500 0
row.3688 minecraft:beach 2000,5500 1000,3000 -1900,-1100 -2225,4500 0,0 -2666,-500 0
row.3689 minecraft:beach 2000,5500 1000,3000 -1900,-1100 -2225,4500 10000,10000 -2666,-500 0
row.3690 minecraft:jungle 2000,5500 1000,3000 -1100,10000 500,4500 0,0 -2666,-500 0
row.3691 minecraft:jungle 2000,5500 1000,3000 -1100,10000 500,4500 10000,10000 -2666,-500 0
row.3692 minecraft:beach 2000,5500 1000,3000 -1900,-1100 4500,5500 0,0 -2666,-500 0
row.3693 minecraft:beach 2000,5500 1000,3000 -1900,-1100 4500,5500 10000,10000 -2666,-500 0
row.3694 minecraft:jungle 2000,5500 1000,3000 -1100,300 4500,5500 0,0 -2666,-500 0
row.3695 minecraft:jungle 2000,5500 1000,3000 -1100,300 4500,5500 10000,10000 -2666,-500 0
row.3696 minecraft:jungle 2000,5500 1000,3000 300,10000 4500,5500 0,0 -2666,-500 0
row.3697 minecraft:jungle 2000,5500 1000,3000 300,10000 4500,5500 10000,10000 -2666,-500 0
row.3698 minecraft:beach 2000,5500 1000,3000 -1900,-1100 5500,10000 0,0 -2666,-500 0
row.3699 minecraft:beach 2000,5500 1000,3000 -1900,-1100 5500,10000 10000,10000 -2666,-500 0
row.3700 minecraft:jungle 2000,5500 3000,10000 -1100,300 -10000,-3750 0,0 -2666,-500 0
row.3701 minecraft:jungle 2000,5500 3000,10000 -1100,300 -10000,-3750 10000,10000 -2666,-500 0
row.3702 minecraft:jungle 2000,5500 3000,10000 300,10000 -10000,-3750 0,0 -2666,-500 0
row.3703 minecraft:jungle 2000,5500 3000,10000 300,10000 -10000,-3750 10000,10000 -2666,-500 0
row.3704 minecraft:jungle 2000,5500 3000,10000 -1100,300 -3750,500 0,0 -2666,-500 0
row.3705 minecraft:jungle 2000,5500 3000,10000 -1100,300 -3750,500 10000,10000 -2666,-500 0
row.3706 minecraft:jungle 2000,5500 3000,10000 300,10000 -3750,500 0,0 -2666,-500 0
row.3707 minecraft:jungle 2000,5500 3000,10000 300,10000 -3750,500 10000,10000 -2666,-500 0
row.3708 minecraft:beach 2000,5500 3000,10000 -1900,-1100 -2225,4500 0,0 -2666,-500 0
row.3709 minecraft:beach 2000,5500 3000,10000 -1900,-1100 -2225,4500 10000,10000 -2666,-500 0
row.3710 minecraft:jungle 2000,5500 3000,10000 -1100,10000 500,4500 0,0 -2666,-500 0
row.3711 minecraft:jungle 2000,5500 3000,10000 -1100,10000 500,4500 10000,10000 -2666,-500 0
row.3712 minecraft:beach 2000,5500 3000,10000 -1900,-1100 4500,5500 0,0 -2666,-500 0
row.3713 minecraft:beach 2000,5500 3000,10000 -1900,-1100 4500,5500 10000,10000 -2666,-500 0
row.3714 minecraft:jungle 2000,5500 3000,10000 -1100,300 4500,5500 0,0 -2666,-500 0
row.3715 minecraft:jungle 2000,5500 3000,10000 -1100,300 4500,5500 10000,10000 -2666,-500 0
row.3716 minecraft:jungle 2000,5500 3000,10000 300,10000 4500,5500 0,0 -2666,-500 0
row.3717 minecraft:jungle 2000,5500 3000,10000 300,10000 4500,5500 10000,10000 -2666,-500 0
row.3718 minecraft:beach 2000,5500 3000,10000 -1900,-1100 5500,10000 0,0 -2666,-500 0
row.3719 minecraft:beach 2000,5500 3000,10000 -1900,-1100 5500,10000 10000,10000 -2666,-500 0
row.3720 minecraft:badlands 5500,10000 -10000,-3500 -1100,300 -10000,-3750 0,0 -2666,-500 0
row.3721 minecraft:badlands 5500,10000 -10000,-3500 -1100,300 -10000,-3750 10000,10000 -2666,-500 0
row.3722 minecraft:badlands 5500,10000 -10000,-3500 300,10000 -10000,-3750 0,0 -2666,-500 0
row.3723 minecraft:badlands 5500,10000 -10000,-3500 300,10000 -10000,-3750 10000,10000 -2666,-500 0
row.3724 minecraft:desert 5500,10000 -10000,-3500 -1100,300 -3750,500 0,0 -2666,-500 0
row.3725 minecraft:desert 5500,10000 -10000,-3500 -1100,300 -3750,500 10000,10000 -2666,-500 0
row.3726 minecraft:badlands 5500,10000 -10000,-3500 300,10000 -3750,500 0,0 -2666,-500 0
row.3727 minecraft:badlands 5500,10000 -10000,-3500 300,10000 -3750,500 10000,10000 -2666,-500 0
row.3728 minecraft:desert 5500,10000 -10000,-3500 -1900,-1100 -2225,4500 0,0 -2666,-500 0
row.3729 minecraft:desert 5500,10000 -10000,-3500 -1900,-1100 -2225,4500 10000,10000 -2666,-500 0
row.3730 minecraft:desert 5500,10000 -10000,-3500 -1100,10000 500,4500 0,0 -2666,-500 0
row.3731 minecraft:desert 5500,10000 -10000,-3500 -1100,10000 500,4500 10000,10000 -2666,-500 0
row.3732 minecraft:desert 5500,10000 -10000,-3500 -1900,-1100 4500,5500 0,0 -2666,-500 0
row.3733 minecraft:desert 5500,10000 -10000,-3500 -1900,-1100 4500,5500 10000,10000 -2666,-500 0
row.3734 minecraft:desert 5500,10000 -10000,-3500 -1100,300 4500,5500 0,0 -2666,-500 0
row.3735 minecraft:desert 5500,10000 -10000,-3500 -1100,300 4500,5500 10000,10000 -2666,-500 0
row.3736 minecraft:desert 5500,10000 -10000,-3500 300,10000 4500,5500 0,0 -2666,-500 0
row.3737 minecraft:desert 5500,10000 -10000,-3500 300,10000 4500,5500 10000,10000 -2666,-500 0
row.3738 minecraft:desert 5500,10000 -10000,-3500 -1900,-1100 5500,10000 0,0 -2666,-500 0
row.3739 minecraft:desert 5500,10000 -10000,-3500 -1900,-1100 5500,10000 10000,10000 -2666,-500 0
row.3740 minecraft:badlands 5500,10000 -3500,-1000 -1100,300 -10000,-3750 0,0 -2666,-500 0
row.3741 minecraft:badlands 5500,10000 -3500,-1000 -1100,300 -10000,-3750 10000,10000 -2666,-500 0
row.3742 minecraft:badlands 5500,10000 -3500,-1000 300,10000 -10000,-3750 0,0 -2666,-500 0
row.3743 minecraft:badlands 5500,10000 -3500,-1000 300,10000 -10000,-3750 10000,10000 -2666,-500 0
row.3744 minecraft:desert 5500,10000 -3500,-1000 -1100,300 -3750,500 0,0 -2666,-500 0
row.3745 minecraft:desert 5500,10000 -3500,-1000 -1100,300 -3750,500 10000,10000 -2666,-500 0
row.3746 minecraft:badlands 5500,10000 -3500,-1000 300,10000 -3750,500 0,0 -2666,-500 0
row.3747 minecraft:badlands 5500,10000 -3500,-1000 300,10000 -3750,500 10000,10000 -2666,-500 0
row.3748 minecraft:desert 5500,10000 -3500,-1000 -1900,-1100 -2225,4500 0,0 -2666,-500 0
row.3749 minecraft:desert 5500,10000 -3500,-1000 -1900,-1100 -2225,4500 10000,10000 -2666,-500 0
row.3750 minecraft:desert 5500,10000 -3500,-1000 -1100,10000 500,4500 0,0 -2666,-500 0
row.3751 minecraft:desert 5500,10000 -3500,-1000 -1100,10000 500,4500 10000,10000 -2666,-500 0
row.3752 minecraft:desert 5500,10000 -3500,-1000 -1900,-1100 4500,5500 0,0 -2666,-500 0
row.3753 minecraft:desert 5500,10000 -3500,-1000 -1900,-1100 4500,5500 10000,10000 -2666,-500 0
row.3754 minecraft:desert 5500,10000 -3500,-1000 -1100,300 4500,5500 0,0 -2666,-500 0
row.3755 minecraft:desert 5500,10000 -3500,-1000 -1100,300 4500,5500 10000,10000 -2666,-500 0
row.3756 minecraft:desert 5500,10000 -3500,-1000 300,10000 4500,5500 0,0 -2666,-500 0
row.3757 minecraft:desert 5500,10000 -3500,-1000 300,10000 4500,5500 10000,10000 -2666,-500 0
row.3758 minecraft:desert 5500,10000 -3500,-1000 -1900,-1100 5500,10000 0,0 -2666,-500 0
row.3759 minecraft:desert 5500,10000 -3500,-1000 -1900,-1100 5500,10000 10000,10000 -2666,-500 0
row.3760 minecraft:badlands 5500,10000 -1000,1000 -1100,300 -10000,-3750 0,0 -2666,-500 0
row.3761 minecraft:badlands 5500,10000 -1000,1000 -1100,300 -10000,-3750 10000,10000 -2666,-500 0
row.3762 minecraft:badlands 5500,10000 -1000,1000 300,10000 -10000,-3750 0,0 -2666,-500 0
row.3763 minecraft:badlands 5500,10000 -1000,1000 300,10000 -10000,-3750 10000,10000 -2666,-500 0
row.3764 minecraft:desert 5500,10000 -1000,1000 -1100,300 -3750,500 0,0 -2666,-500 0
row.3765 minecraft:desert 5500,10000 -1000,1000 -1100,300 -3750,500 10000,10000 -2666,-500 0
row.3766 minecraft:badlands 5500,10000 -1000,1000 300,10000 -3750,500 0,0 -2666,-500 0
row.3767 minecraft:badlands 5500,10000 -1000,1000 300,10000 -3750,500 10000,10000 -2666,-500 0
row.3768 minecraft:desert 5500,10000 -1000,1000 -1900,-1100 -2225,4500 0,0 -2666,-500 0
row.3769 minecraft:desert 5500,10000 -1000,1000 -1900,-1100 -2225,4500 10000,10000 -2666,-500 0
row.3770 minecraft:desert 5500,10000 -1000,1000 -1100,10000 500,4500 0,0 -2666,-500 0
row.3771 minecraft:desert 5500,10000 -1000,1000 -1100,10000 500,4500 10000,10000 -2666,-500 0
row.3772 minecraft:desert 5500,10000 -1000,1000 -1900,-1100 4500,5500 0,0 -2666,-500 0
row.3773 minecraft:desert 5500,10000 -1000,1000 -1900,-1100 4500,5500 10000,10000 -2666,-500 0
row.3774 minecraft:desert 5500,10000 -1000,1000 -1100,300 4500,5500 0,0 -2666,-500 0
row.3775 minecraft:desert 5500,10000 -1000,1000 -1100,300 4500,5500 10000,10000 -2666,-500 0
row.3776 minecraft:desert 5500,10000 -1000,1000 300,10000 4500,5500 0,0 -2666,-500 0
row.3777 minecraft:desert 5500,10000 -1000,1000 300,10000 4500,5500 10000,10000 -2666,-500 0
row.3778 minecraft:desert 5500,10000 -1000,1000 -1900,-1100 5500,10000 0,0 -2666,-500 0
row.3779 minecraft:desert 5500,10000 -1000,1000 -1900,-1100 5500,10000 10000,10000 -2666,-500 0
row.3780 minecraft:wooded_badlands 5500,10000 1000,3000 -1100,300 -10000,-3750 0,0 -2666,-500 0
row.3781 minecraft:wooded_badlands 5500,10000 1000,3000 -1100,300 -10000,-3750 10000,10000 -2666,-500 0
row.3782 minecraft:wooded_badlands 5500,10000 1000,3000 300,10000 -10000,-3750 0,0 -2666,-500 0
row.3783 minecraft:wooded_badlands 5500,10000 1000,3000 300,10000 -10000,-3750 10000,10000 -2666,-500 0
row.3784 minecraft:desert 5500,10000 1000,3000 -1100,300 -3750,500 0,0 -2666,-500 0
row.3785 minecraft:desert 5500,10000 1000,3000 -1100,300 -3750,500 10000,10000 -2666,-500 0
row.3786 minecraft:wooded_badlands 5500,10000 1000,3000 300,10000 -3750,500 0,0 -2666,-500 0
row.3787 minecraft:wooded_badlands 5500,10000 1000,3000 300,10000 -3750,500 10000,10000 -2666,-500 0
row.3788 minecraft:desert 5500,10000 1000,3000 -1900,-1100 -2225,4500 0,0 -2666,-500 0
row.3789 minecraft:desert 5500,10000 1000,3000 -1900,-1100 -2225,4500 10000,10000 -2666,-500 0
row.3790 minecraft:desert 5500,10000 1000,3000 -1100,10000 500,4500 0,0 -2666,-500 0
row.3791 minecraft:desert 5500,10000 1000,3000 -1100,10000 500,4500 10000,10000 -2666,-500 0
row.3792 minecraft:desert 5500,10000 1000,3000 -1900,-1100 4500,5500 0,0 -2666,-500 0
row.3793 minecraft:desert 5500,10000 1000,3000 -1900,-1100 4500,5500 10000,10000 -2666,-500 0
row.3794 minecraft:desert 5500,10000 1000,3000 -1100,300 4500,5500 0,0 -2666,-500 0
row.3795 minecraft:desert 5500,10000 1000,3000 -1100,300 4500,5500 10000,10000 -2666,-500 0
row.3796 minecraft:desert 5500,10000 1000,3000 300,10000 4500,5500 0,0 -2666,-500 0
row.3797 minecraft:desert 5500,10000 1000,3000 300,10000 4500,5500 10000,10000 -2666,-500 0
row.3798 minecraft:desert 5500,10000 1000,3000 -1900,-1100 5500,10000 0,0 -2666,-500 0
row.3799 minecraft:desert 5500,10000 1000,3000 -1900,-1100 5500,10000 10000,10000 -2666,-500 0
row.3800 minecraft:wooded_badlands 5500,10000 3000,10000 -1100,300 -10000,-3750 0,0 -2666,-500 0
row.3801 minecraft:wooded_badlands 5500,10000 3000,10000 -1100,300 -10000,-3750 10000,10000 -2666,-500 0
row.3802 minecraft:wooded_badlands 5500,10000 3000,10000 300,10000 -10000,-3750 0,0 -2666,-500 0
row.3803 minecraft:wooded_badlands 5500,10000 3000,10000 300,10000 -10000,-3750 10000,10000 -2666,-500 0
row.3804 minecraft:desert 5500,10000 3000,10000 -1100,300 -3750,500 0,0 -2666,-500 0
row.3805 minecraft:desert 5500,10000 3000,10000 -1100,300 -3750,500 10000,10000 -2666,-500 0
row.3806 minecraft:wooded_badlands 5500,10000 3000,10000 300,10000 -3750,500 0,0 -2666,-500 0
row.3807 minecraft:wooded_badlands 5500,10000 3000,10000 300,10000 -3750,500 10000,10000 -2666,-500 0
row.3808 minecraft:desert 5500,10000 3000,10000 -1900,-1100 -2225,4500 0,0 -2666,-500 0
row.3809 minecraft:desert 5500,10000 3000,10000 -1900,-1100 -2225,4500 10000,10000 -2666,-500 0
row.3810 minecraft:desert 5500,10000 3000,10000 -1100,10000 500,4500 0,0 -2666,-500 0
row.3811 minecraft:desert 5500,10000 3000,10000 -1100,10000 500,4500 10000,10000 -2666,-500 0
row.3812 minecraft:desert 5500,10000 3000,10000 -1900,-1100 4500,5500 0,0 -2666,-500 0
row.3813 minecraft:desert 5500,10000 3000,10000 -1900,-1100 4500,5500 10000,10000 -2666,-500 0
row.3814 minecraft:desert 5500,10000 3000,10000 -1100,300 4500,5500 0,0 -2666,-500 0
row.3815 minecraft:desert 5500,10000 3000,10000 -1100,300 4500,5500 10000,10000 -2666,-500 0
row.3816 minecraft:desert 5500,10000 3000,10000 300,10000 4500,5500 0,0 -2666,-500 0
row.3817 minecraft:desert 5500,10000 3000,10000 300,10000 4500,5500 10000,10000 -2666,-500 0
row.3818 minecraft:desert 5500,10000 3000,10000 -1900,-1100 5500,10000 0,0 -2666,-500 0
row.3819 minecraft:desert 5500,10000 3000,10000 -1900,-1100 5500,10000 10000,10000 -2666,-500 0
row.3820 minecraft:frozen_river -10000,-4500 -10000,10000 -1900,-1100 -10000,-3750 0,0 -500,500 0
row.3821 minecraft:frozen_river -10000,-4500 -10000,10000 -1900,-1100 -10000,-3750 10000,10000 -500,500 0
row.3822 minecraft:river -4500,10000 -10000,10000 -1900,-1100 -10000,-3750 0,0 -500,500 0
row.3823 minecraft:river -4500,10000 -10000,10000 -1900,-1100 -10000,-3750 10000,10000 -500,500 0
row.3824 minecraft:frozen_river -10000,-4500 -10000,10000 -1100,300 -10000,-3750 0,0 -500,500 0
row.3825 minecraft:frozen_river -10000,-4500 -10000,10000 -1100,300 -10000,-3750 10000,10000 -500,500 0
row.3826 minecraft:river -4500,10000 -10000,10000 -1100,300 -10000,-3750 0,0 -500,500 0
row.3827 minecraft:river -4500,10000 -10000,10000 -1100,300 -10000,-3750 10000,10000 -500,500 0
row.3828 minecraft:frozen_river -10000,-4500 -10000,10000 -1900,10000 -3750,5500 0,0 -500,500 0
row.3829 minecraft:frozen_river -10000,-4500 -10000,10000 -1900,10000 -3750,5500 10000,10000 -500,500 0
row.3830 minecraft:river -4500,10000 -10000,10000 -1900,10000 -3750,5500 0,0 -500,500 0
row.3831 minecraft:river -4500,10000 -10000,10000 -1900,10000 -3750,5500 10000,10000 -500,500 0
row.3832 minecraft:frozen_river -10000,-4500 -10000,10000 -1900,-1100 5500,10000 0,0 -500,500 0
row.3833 minecraft:frozen_river -10000,-4500 -10000,10000 -1900,-1100 5500,10000 10000,10000 -500,500 0
row.3834 minecraft:river -4500,10000 -10000,10000 -1900,-1100 5500,10000 0,0 -500,500 0
row.3835 minecraft:river -4500,10000 -10000,10000 -1900,-1100 5500,10000 10000,10000 -500,500 0
row.3836 minecraft:swamp -4500,2000 -10000,10000 -1100,10000 5500,10000 0,0 -500,500 0
row.3837 minecraft:swamp -4500,2000 -10000,10000 -1100,10000 5500,10000 10000,10000 -500,500 0
row.3838 minecraft:mangrove_swamp 2000,10000 -10000,10000 -1100,10000 5500,10000 0,0 -500,500 0
row.3839 minecraft:mangrove_swamp 2000,10000 -10000,10000 -1100,10000 5500,10000 10000,10000 -500,500 0
row.3840 minecraft:frozen_river -10000,-4500 -10000,10000 -1100,10000 5500,10000 0,0 -500,500 0
row.3841 minecraft:frozen_river -10000,-4500 -10000,10000 -1100,10000 5500,10000 10000,10000 -500,500 0
row.3842 minecraft:ice_spikes -10000,-4500 -10000,-3500 300,10000 -10000,-3750 0,0 -500,500 0
row.3843 minecraft:ice_spikes -10000,-4500 -10000,-3500 300,10000 -10000,-3750 10000,10000 -500,500 0
row.3844 minecraft:snowy_plains -10000,-4500 -3500,-1000 300,10000 -10000,-3750 0,0 -500,500 0
row.3845 minecraft:snowy_plains -10000,-4500 -3500,-1000 300,10000 -10000,-3750 10000,10000 -500,500 0
row.3846 minecraft:snowy_taiga -10000,-4500 -1000,1000 300,10000 -10000,-3750 0,0 -500,500 0
row.3847 minecraft:snowy_taiga -10000,-4500 -1000,1000 300,10000 -10000,-3750 10000,10000 -500,500 0
row.3848 minecraft:snowy_taiga -10000,-4500 1000,3000 300,10000 -10000,-3750 0,0 -500,500 0
row.3849 minecraft:snowy_taiga -10000,-4500 1000,3000 300,10000 -10000,-3750 10000,10000 -500,500 0
row.3850 minecraft:taiga -10000,-4500 3000,10000 300,10000 -10000,-3750 0,0 -500,500 0
row.3851 minecraft:taiga -10000,-4500 3000,10000 300,10000 -10000,-3750 10000,10000 -500,500 0
row.3852 minecraft:plains -4500,-1500 -10000,-3500 300,10000 -10000,-3750 0,0 -500,500 0
row.3853 minecraft:plains -4500,-1500 -10000,-3500 300,10000 -10000,-3750 10000,10000 -500,500 0
row.3854 minecraft:plains -4500,-1500 -3500,-1000 300,10000 -10000,-3750 0,0 -500,500 0
row.3855 minecraft:plains -4500,-1500 -3500,-1000 300,10000 -10000,-3750 10000,10000 -500,500 0
row.3856 minecraft:forest -4500,-1500 -1000,1000 300,10000 -10000,-3750 0,0 -500,500 0
row.3857 minecraft:forest -4500,-1500 -1000,1000 300,10000 -10000,-3750 10000,10000 -500,500 0
row.3858 minecraft:taiga -4500,-1500 1000,3000 300,10000 -10000,-3750 0,0 -500,500 0
row.3859 minecraft:taiga -4500,-1500 1000,3000 300,10000 -10000,-3750 10000,10000 -500,500 0
row.3860 minecraft:old_growth_pine_taiga -4500,-1500 3000,10000 300,10000 -10000,-3750 0,0 -500,500 0
row.3861 minecraft:old_growth_pine_taiga -4500,-1500 3000,10000 300,10000 -10000,-3750 10000,10000 -500,500 0
row.3862 minecraft:sunflower_plains -1500,2000 -10000,-3500 300,10000 -10000,-3750 0,0 -500,500 0
row.3863 minecraft:sunflower_plains -1500,2000 -10000,-3500 300,10000 -10000,-3750 10000,10000 -500,500 0
row.3864 minecraft:plains -1500,2000 -3500,-1000 300,10000 -10000,-3750 0,0 -500,500 0
row.3865 minecraft:plains -1500,2000 -3500,-1000 300,10000 -10000,-3750 10000,10000 -500,500 0
row.3866 minecraft:forest -1500,2000 -1000,1000 300,10000 -10000,-3750 0,0 -500,500 0
row.3867 minecraft:forest -1500,2000 -1000,1000 300,10000 -10000,-3750 10000,10000 -500,500 0
row.3868 minecraft:old_growth_birch_forest -1500,2000 1000,3000 300,10000 -10000,-3750 0,0 -500,500 0
row.3869 minecraft:old_growth_birch_forest -1500,2000 1000,3000 300,10000 -10000,-3750 10000,10000 -500,500 0
row.3870 minecraft:dark_forest -1500,2000 3000,10000 300,10000 -10000,-3750 0,0 -500,500 0
row.3871 minecraft:dark_forest -1500,2000 3000,10000 300,10000 -10000,-3750 10000,10000 -500,500 0
row.3872 minecraft:savanna 2000,5500 -10000,-3500 300,10000 -10000,-3750 0,0 -500,500 0
row.3873 minecraft:savanna 2000,5500 -10000,-3500 300,10000 -10000,-3750 10000,10000 -500,500 0
row.3874 minecraft:savanna 2000,5500 -3500,-1000 300,10000 -10000,-3750 0,0 -500,500 0
row.3875 minecraft:savanna 2000,5500 -3500,-1000 300,10000 -10000,-3750 10000,10000 -500,500 0
row.3876 minecraft:plains 2000,5500 -1000,1000 300,10000 -10000,-3750 0,0 -500,500 0
row.3877 minecraft:plains 2000,5500 -1000,1000 300,10000 -10000,-3750 10000,10000 -500,500 0
row.3878 minecraft:sparse_jungle 2000,5500 1000,3000 300,10000 -10000,-3750 0,0 -500,500 0
row.3879 minecraft:sparse_jungle 2000,5500 1000,3000 300,10000 -10000,-3750 10000,10000 -500,500 0
row.3880 minecraft:bamboo_jungle 2000,5500 3000,10000 300,10000 -10000,-3750 0,0 -500,500 0
row.3881 minecraft:bamboo_jungle 2000,5500 3000,10000 300,10000 -10000,-3750 10000,10000 -500,500 0
row.3882 minecraft:eroded_badlands 5500,10000 -10000,-3500 300,10000 -10000,-3750 0,0 -500,500 0
row.3883 minecraft:eroded_badlands 5500,10000 -10000,-3500 300,10000 -10000,-3750 10000,10000 -500,500 0
row.3884 minecraft:eroded_badlands 5500,10000 -3500,-1000 300,10000 -10000,-3750 0,0 -500,500 0
row.3885 minecraft:eroded_badlands 5500,10000 -3500,-1000 300,10000 -10000,-3750 10000,10000 -500,500 0
row.3886 minecraft:badlands 5500,10000 -1000,1000 300,10000 -10000,-3750 0,0 -500,500 0
row.3887 minecraft:badlands 5500,10000 -1000,1000 300,10000 -10000,-3750 10000,10000 -500,500 0
row.3888 minecraft:wooded_badlands 5500,10000 1000,3000 300,10000 -10000,-3750 0,0 -500,500 0
row.3889 minecraft:wooded_badlands 5500,10000 1000,3000 300,10000 -10000,-3750 10000,10000 -500,500 0
row.3890 minecraft:wooded_badlands 5500,10000 3000,10000 300,10000 -10000,-3750 0,0 -500,500 0
row.3891 minecraft:wooded_badlands 5500,10000 3000,10000 300,10000 -10000,-3750 10000,10000 -500,500 0
row.3892 minecraft:stony_shore -10000,10000 -10000,10000 -1900,-1100 -10000,-2225 0,0 500,2666 0
row.3893 minecraft:stony_shore -10000,10000 -10000,10000 -1900,-1100 -10000,-2225 10000,10000 500,2666 0
row.3894 minecraft:swamp -4500,2000 -10000,10000 -1100,10000 5500,10000 0,0 500,2666 0
row.3895 minecraft:swamp -4500,2000 -10000,10000 -1100,10000 5500,10000 10000,10000 500,2666 0
row.3896 minecraft:mangrove_swamp 2000,10000 -10000,10000 -1100,10000 5500,10000 0,0 500,2666 0
row.3897 minecraft:mangrove_swamp 2000,10000 -10000,10000 -1100,10000 5500,10000 10000,10000 500,2666 0
row.3898 minecraft:ice_spikes -10000,-4500 -10000,-3500 -1100,300 -10000,-3750 0,0 500,2666 0
row.3899 minecraft:ice_spikes -10000,-4500 -10000,-3500 -1100,300 -10000,-3750 10000,10000 500,2666 0
row.3900 minecraft:snowy_slopes -10000,-4500 -10000,-3500 300,10000 -10000,-3750 0,0 500,2666 0
row.3901 minecraft:snowy_slopes -10000,-4500 -10000,-3500 300,10000 -10000,-3750 10000,10000 500,2666 0
row.3902 minecraft:ice_spikes -10000,-4500 -10000,-3500 -1100,300 -3750,500 0,0 500,2666 0
row.3903 minecraft:ice_spikes -10000,-4500 -10000,-3500 -1100,300 -3750,500 10000,10000 500,2666 0
row.3904 minecraft:ice_spikes -10000,-4500 -10000,-3500 300,10000 -3750,500 0,0 500,2666 0
row.3905 minecraft:ice_spikes -10000,-4500 -10000,-3500 300,10000 -3750,500 10000,10000 500,2666 0
row.3906 minecraft:snowy_beach -10000,-4500 -10000,-3500 -1900,-1100 -2225,4500 0,0 500,2666 0
row.3907 minecraft:snowy_beach -10000,-4500 -10000,-3500 -1900,-1100 -2225,4500 10000,10000 500,2666 0
row.3908 minecraft:ice_spikes -10000,-4500 -10000,-3500 -1100,10000 500,4500 0,0 500,2666 0
row.3909 minecraft:ice_spikes -10000,-4500 -10000,-3500 -1100,10000 500,4500 10000,10000 500,2666 0
row.3910 minecraft:ice_spikes -10000,-4500 -10000,-3500 -1900,-1100 4500,5500 0,0 500,2666 0
row.3911 minecraft:ice_spikes -10000,-4500 -10000,-3500 -1900,-1100 4500,5500 10000,10000 500,2666 0
row.3912 minecraft:ice_spikes -10000,-4500 -10000,-3500 -1100,300 4500,5500 0,0 500,2666 0
row.3913 minecraft:ice_spikes -10000,-4500 -10000,-3500 -1100,300 4500,5500 10000,10000 500,2666 0
row.3914 minecraft:ice_spikes -10000,-4500 -10000,-3500 300,10000 4500,5500 0,0 500,2666 0
row.3915 minecraft:ice_spikes -10000,-4500 -10000,-3500 300,10000 4500,5500 10000,10000 500,2666 0
row.3916 minecraft:snowy_beach -10000,-4500 -10000,-3500 -1900,-1100 5500,10000 0,0 500,2666 0
row.3917 minecraft:snowy_beach -10000,-4500 -10000,-3500 -1900,-1100 5500,10000 10000,10000 500,2666 0
row.3918 minecraft:ice_spikes -10000,-4500 -10000,-3500 -1100,10000 5500,10000 0,0 500,2666 0
row.3919 minecraft:ice_spikes -10000,-4500 -10000,-3500 -1100,10000 5500,10000 10000,10000 500,2666 0
row.3920 minecraft:snowy_plains -10000,-4500 -3500,-1000 -1100,300 -10000,-3750 0,0 500,2666 0
row.3921 minecraft:snowy_plains -10000,-4500 -3500,-1000 -1100,300 -10000,-3750 10000,10000 500,2666 0
row.3922 minecraft:snowy_slopes -10000,-4500 -3500,-1000 300,10000 -10000,-3750 0,0 500,2666 0
row.3923 minecraft:snowy_slopes -10000,-4500 -3500,-1000 300,10000 -10000,-3750 10000,10000 500,2666 0
row.3924 minecraft:snowy_plains -10000,-4500 -3500,-1000 -1100,300 -3750,500 0,0 500,2666 0
row.3925 minecraft:snowy_plains -10000,-4500 -3500,-1000 -1100,300 -3750,500 10000,10000 500,2666 0
row.3926 minecraft:snowy_plains -10000,-4500 -3500,-1000 300,10000 -3750,500 0,0 500,2666 0
row.3927 minecraft:snowy_plains -10000,-4500 -3500,-1000 300,10000 -3750,500 10000,10000 500,2666 0
row.3928 minecraft:snowy_beach -10000,-4500 -3500,-1000 -1900,-1100 -2225,4500 0,0 500,2666 0
row.3929 minecraft:snowy_beach -10000,-4500 -3500,-1000 -1900,-1100 -2225,4500 10000,10000 500,2666 0
row.3930 minecraft:snowy_plains -10000,-4500 -3500,-1000 -1100,10000 500,4500 0,0 500,2666 0
row.3931 minecraft:snowy_plains -10000,-4500 -3500,-1000 -1100,10000 500,4500 10000,10000 500,2666 0
row.3932 minecraft:snowy_plains -10000,-4500 -3500,-1000 -1900,-1100 4500,5500 0,0 500,2666 0
row.3933 minecraft:snowy_plains -10000,-4500 -3500,-1000 -1900,-1100 4500,5500 10000,10000 500,2666 0
row.3934 minecraft:snowy_plains -10000,-4500 -3500,-1000 -1100,300 4500,5500 0,0 500,2666 0
row.3935 minecraft:snowy_plains -10000,-4500 -3500,-1000 -1100,300 4500,5500 10000,10000 500,2666 0
row.3936 minecraft:snowy_plains -10000,-4500 -3500,-1000 300,10000 4500,5500 0,0 500,2666 0
row.3937 minecraft:snowy_plains -10000,-4500 -3500,-1000 300,10000 4500,5500 10000,10000 500,2666 0
row.3938 minecraft:snowy_beach -10000,-4500 -3500,-1000 -1900,-1100 5500,10000 0,0 500,2666 0
row.3939 minecraft:snowy_beach -10000,-4500 -3500,-1000 -1900,-1100 5500,10000 10000,10000 500,2666 0
row.3940 minecraft:snowy_plains -10000,-4500 -3500,-1000 -1100,10000 5500,10000 0,0 500,2666 0
row.3941 minecraft:snowy_plains -10000,-4500 -3500,-1000 -1100,10000 5500,10000 10000,10000 500,2666 0
row.3942 minecraft:snowy_taiga -10000,-4500 -1000,1000 -1100,300 -10000,-3750 0,0 500,2666 0
row.3943 minecraft:snowy_taiga -10000,-4500 -1000,1000 -1100,300 -10000,-3750 10000,10000 500,2666 0
row.3944 minecraft:grove -10000,-4500 -1000,1000 300,10000 -10000,-3750 0,0 500,2666 0
row.3945 minecraft:grove -10000,-4500 -1000,1000 300,10000 -10000,-3750 10000,10000 500,2666 0
row.3946 minecraft:snowy_taiga -10000,-4500 -1000,1000 -1100,300 -3750,500 0,0 500,2666 0
row.3947 minecraft:snowy_taiga -10000,-4500 -1000,1000 -1100,300 -3750,500 10000,10000 500,2666 0
row.3948 minecraft:snowy_taiga -10000,-4500 -1000,1000 300,10000 -3750,500 0,0 500,2666 0
row.3949 minecraft:snowy_taiga -10000,-4500 -1000,1000 300,10000 -3750,500 10000,10000 500,2666 0
row.3950 minecraft:snowy_beach -10000,-4500 -1000,1000 -1900,-1100 -2225,4500 0,0 500,2666 0
row.3951 minecraft:snowy_beach -10000,-4500 -1000,1000 -1900,-1100 -2225,4500 10000,10000 500,2666 0
row.3952 minecraft:snowy_taiga -10000,-4500 -1000,1000 -1100,10000 500,4500 0,0 500,2666 0
row.3953 minecraft:snowy_taiga -10000,-4500 -1000,1000 -1100,10000 500,4500 10000,10000 500,2666 0
row.3954 minecraft:snowy_taiga -10000,-4500 -1000,1000 -1900,-1100 4500,5500 0,0 500,2666 0
row.3955 minecraft:snowy_taiga -10000,-4500 -1000,1000 -1900,-1100 4500,5500 10000,10000 500,2666 0
row.3956 minecraft:snowy_taiga -10000,-4500 -1000,1000 -1100,300 4500,5500 0,0 500,2666 0
row.3957 minecraft:snowy_taiga -10000,-4500 -1000,1000 -1100,300 4500,5500 10000,10000 500,2666 0
row.3958 minecraft:snowy_taiga -10000,-4500 -1000,1000 300,10000 4500,5500 0,0 500,2666 0
row.3959 minecraft:snowy_taiga -10000,-4500 -1000,1000 300,10000 4500,5500 10000,10000 500,2666 0
row.3960 minecraft:snowy_beach -10000,-4500 -1000,1000 -1900,-1100 5500,10000 0,0 500,2666 0
row.3961 minecraft:snowy_beach -10000,-4500 -1000,1000 -1900,-1100 5500,10000 10000,10000 500,2666 0
row.3962 minecraft:snowy_taiga -10000,-4500 -1000,1000 -1100,10000 5500,10000 0,0 500,2666 0
row.3963 minecraft:snowy_taiga -10000,-4500 -1000,1000 -1100,10000 5500,10000 10000,10000 500,2666 0
row.3964 minecraft:snowy_taiga -10000,-4500 1000,3000 -1100,300 -10000,-3750 0,0 500,2666 0
row.3965 minecraft:snowy_taiga -10000,-4500 1000,3000 -1100,300 -10000,-3750 10000,10000 500,2666 0
row.3966 minecraft:grove -10000,-4500 1000,3000 300,10000 -10000,-3750 0,0 500,2666 0
row.3967 minecraft:grove -10000,-4500 1000,3000 300,10000 -10000,-3750 10000,10000 500,2666 0
row.3968 minecraft:snowy_taiga -10000,-4500 1000,3000 -1100,300 -3750,500 0,0 500,2666 0
row.3969 minecraft:snowy_taiga -10000,-4500 1000,3000 -1100,300 -3750,500 10000,10000 500,2666 0
row.3970 minecraft:snowy_taiga -10000,-4500 1000,3000 300,10000 -3750,500 0,0 500,2666 0
row.3971 minecraft:snowy_taiga -10000,-4500 1000,3000 300,10000 -3750,500 10000,10000 500,2666 0
row.3972 minecraft:snowy_beach -10000,-4500 1000,3000 -1900,-1100 -2225,4500 0,0 500,2666 0
row.3973 minecraft:snowy_beach -10000,-4500 1000,3000 -1900,-1100 -2225,4500 10000,10000 500,2666 0
row.3974 minecraft:snowy_taiga -10000,-4500 1000,3000 -1100,10000 500,4500 0,0 500,2666 0
row.3975 minecraft:snowy_taiga -10000,-4500 1000,3000 -1100,10000 500,4500 10000,10000 500,2666 0
row.3976 minecraft:snowy_taiga -10000,-4500 1000,3000 -1900,-1100 4500,5500 0,0 500,2666 0
row.3977 minecraft:snowy_taiga -10000,-4500 1000,3000 -1900,-1100 4500,5500 10000,10000 500,2666 0
row.3978 minecraft:snowy_taiga -10000,-4500 1000,3000 -1100,300 4500,5500 0,0 500,2666 0
row.3979 minecraft:snowy_taiga -10000,-4500 1000,3000 -1100,300 4500,5500 10000,10000 500,2666 0
row.3980 minecraft:snowy_taiga -10000,-4500 1000,3000 300,10000 4500,5500 0,0 500,2666 0
row.3981 minecraft:snowy_taiga -10000,-4500 1000,3000 300,10000 4500,5500 10000,10000 500,2666 0
row.3982 minecraft:snowy_beach -10000,-4500 1000,3000 -1900,-1100 5500,10000 0,0 500,2666 0
row.3983 minecraft:snowy_beach -10000,-4500 1000,3000 -1900,-1100 5500,10000 10000,10000 500,2666 0
row.3984 minecraft:snowy_taiga -10000,-4500 1000,3000 -1100,10000 5500,10000 0,0 500,2666 0
row.3985 minecraft:snowy_taiga -10000,-4500 1000,3000 -1100,10000 5500,10000 10000,10000 500,2666 0
row.3986 minecraft:taiga -10000,-4500 3000,10000 -1100,300 -10000,-3750 0,0 500,2666 0
row.3987 minecraft:taiga -10000,-4500 3000,10000 -1100,300 -10000,-3750 10000,10000 500,2666 0
row.3988 minecraft:grove -10000,-4500 3000,10000 300,10000 -10000,-3750 0,0 500,2666 0
row.3989 minecraft:grove -10000,-4500 3000,10000 300,10000 -10000,-3750 10000,10000 500,2666 0
row.3990 minecraft:taiga -10000,-4500 3000,10000 -1100,300 -3750,500 0,0 500,2666 0
row.3991 minecraft:taiga -10000,-4500 3000,10000 -1100,300 -3750,500 10000,10000 500,2666 0
row.3992 minecraft:taiga -10000,-4500 3000,10000 300,10000 -3750,500 0,0 500,2666 0
row.3993 minecraft:taiga -10000,-4500 3000,10000 300,10000 -3750,500 10000,10000 500,2666 0
row.3994 minecraft:snowy_beach -10000,-4500 3000,10000 -1900,-1100 -2225,4500 0,0 500,2666 0
row.3995 minecraft:snowy_beach -10000,-4500 3000,10000 -1900,-1100 -2225,4500 10000,10000 500,2666 0
row.3996 minecraft:taiga -10000,-4500 3000,10000 -1100,10000 500,4500 0,0 500,2666 0
row.3997 minecraft:taiga -10000,-4500 3000,10000 -1100,10000 500,4500 10000,10000 500,2666 0
row.3998 minecraft:taiga -10000,-4500 3000,10000 -1900,-1100 4500,5500 0,0 500,2666 0
row.3999 minecraft:taiga -10000,-4500 3000,10000 -1900,-1100 4500,5500 10000,10000 500,2666 0
row.4000 minecraft:taiga -10000,-4500 3000,10000 -1100,300 4500,5500 0,0 500,2666 0
row.4001 minecraft:taiga -10000,-4500 3000,10000 -1100,300 4500,5500 10000,10000 500,2666 0
row.4002 minecraft:taiga -10000,-4500 3000,10000 300,10000 4500,5500 0,0 500,2666 0
row.4003 minecraft:taiga -10000,-4500 3000,10000 300,10000 4500,5500 10000,10000 500,2666 0
row.4004 minecraft:snowy_beach -10000,-4500 3000,10000 -1900,-1100 5500,10000 0,0 500,2666 0
row.4005 minecraft:snowy_beach -10000,-4500 3000,10000 -1900,-1100 5500,10000 10000,10000 500,2666 0
row.4006 minecraft:taiga -10000,-4500 3000,10000 -1100,10000 5500,10000 0,0 500,2666 0
row.4007 minecraft:taiga -10000,-4500 3000,10000 -1100,10000 5500,10000 10000,10000 500,2666 0
row.4008 minecraft:plains -4500,-1500 -10000,-3500 -1100,300 -10000,-3750 0,0 500,2666 0
row.4009 minecraft:plains -4500,-1500 -10000,-3500 -1100,300 -10000,-3750 10000,10000 500,2666 0
row.4010 minecraft:plains -4500,-1500 -10000,-3500 300,10000 -10000,-3750 0,0 500,2666 0
row.4011 minecraft:plains -4500,-1500 -10000,-3500 300,10000 -10000,-3750 10000,10000 500,2666 0
row.4012 minecraft:plains -4500,-1500 -10000,-3500 -1100,300 -3750,500 0,0 500,2666 0
row.4013 minecraft:plains -4500,-1500 -10000,-3500 -1100,300 -3750,500 10000,10000 500,2666 0
row.4014 minecraft:plains -4500,-1500 -10000,-3500 300,10000 -3750,500 0,0 500,2666 0
row.4015 minecraft:plains -4500,-1500 -10000,-3500 300,10000 -3750,500 10000,10000 500,2666 0
row.4016 minecraft:beach -4500,-1500 -10000,-3500 -1900,-1100 -2225,4500 0,0 500,2666 0
row.4017 minecraft:beach -4500,-1500 -10000,-3500 -1900,-1100 -2225,4500 10000,10000 500,2666 0
row.4018 minecraft:plains -4500,-1500 -10000,-3500 -1100,10000 500,4500 0,0 500,2666 0
row.4019 minecraft:plains -4500,-1500 -10000,-3500 -1100,10000 500,4500 10000,10000 500,2666 0
row.4020 minecraft:plains -4500,-1500 -10000,-3500 -1900,-1100 4500,5500 0,0 500,2666 0
row.4021 minecraft:plains -4500,-1500 -10000,-3500 -1900,-1100 4500,5500 10000,10000 500,2666 0
row.4022 minecraft:plains -4500,-1500 -10000,-3500 -1100,300 4500,5500 0,0 500,2666 0
row.4023 minecraft:plains -4500,-1500 -10000,-3500 -1100,300 4500,5500 10000,10000 500,2666 0
row.4024 minecraft:plains -4500,-1500 -10000,-3500 300,10000 4500,5500 0,0 500,2666 0
row.4025 minecraft:plains -4500,-1500 -10000,-3500 300,10000 4500,5500 10000,10000 500,2666 0
row.4026 minecraft:beach -4500,-1500 -10000,-3500 -1900,-1100 5500,10000 0,0 500,2666 0
row.4027 minecraft:beach -4500,-1500 -10000,-3500 -1900,-1100 5500,10000 10000,10000 500,2666 0
row.4028 minecraft:plains -4500,-1500 -3500,-1000 -1100,300 -10000,-3750 0,0 500,2666 0
row.4029 minecraft:plains -4500,-1500 -3500,-1000 -1100,300 -10000,-3750 10000,10000 500,2666 0
row.4030 minecraft:plains -4500,-1500 -3500,-1000 300,10000 -10000,-3750 0,0 500,2666 0
row.4031 minecraft:plains -4500,-1500 -3500,-1000 300,10000 -10000,-3750 10000,10000 500,2666 0
row.4032 minecraft:plains -4500,-1500 -3500,-1000 -1100,300 -3750,500 0,0 500,2666 0
row.4033 minecraft:plains -4500,-1500 -3500,-1000 -1100,300 -3750,500 10000,10000 500,2666 0
row.4034 minecraft:plains -4500,-1500 -3500,-1000 300,10000 -3750,500 0,0 500,2666 0
row.4035 minecraft:plains -4500,-1500 -3500,-1000 300,10000 -3750,500 10000,10000 500,2666 0
row.4036 minecraft:beach -4500,-1500 -3500,-1000 -1900,-1100 -2225,4500 0,0 500,2666 0
row.4037 minecraft:beach -4500,-1500 -3500,-1000 -1900,-1100 -2225,4500 10000,10000 500,2666 0
row.4038 minecraft:plains -4500,-1500 -3500,-1000 -1100,10000 500,4500 0,0 500,2666 0
row.4039 minecraft:plains -4500,-1500 -3500,-1000 -1100,10000 500,4500 10000,10000 500,2666 0
row.4040 minecraft:plains -4500,-1500 -3500,-1000 -1900,-1100 4500,5500 0,0 500,2666 0
row.4041 minecraft:plains -4500,-1500 -3500,-1000 -1900,-1100 4500,5500 10000,10000 500,2666 0
row.4042 minecraft:plains -4500,-1500 -3500,-1000 -1100,300 4500,5500 0,0 500,2666 0
row.4043 minecraft:plains -4500,-1500 -3500,-1000 -1100,300 4500,5500 10000,10000 500,2666 0
row.4044 minecraft:plains -4500,-1500 -3500,-1000 300,10000 4500,5500 0,0 500,2666 0
row.4045 minecraft:plains -4500,-1500 -3500,-1000 300,10000 4500,5500 10000,10000 500,2666 0
row.4046 minecraft:beach -4500,-1500 -3500,-1000 -1900,-1100 5500,10000 0,0 500,2666 0
row.4047 minecraft:beach -4500,-1500 -3500,-1000 -1900,-1100 5500,10000 10000,10000 500,2666 0
row.4048 minecraft:forest -4500,-1500 -1000,1000 -1100,300 -10000,-3750 0,0 500,2666 0
row.4049 minecraft:forest -4500,-1500 -1000,1000 -1100,300 -10000,-3750 10000,10000 500,2666 0
row.4050 minecraft:forest -4500,-1500 -1000,1000 300,10000 -10000,-3750 0,0 500,2666 0
row.4051 minecraft:forest -4500,-1500 -1000,1000 300,10000 -10000,-3750 10000,10000 500,2666 0
row.4052 minecraft:forest -4500,-1500 -1000,1000 -1100,300 -3750,500 0,0 500,2666 0
row.4053 minecraft:forest -4500,-1500 -1000,1000 -1100,300 -3750,500 10000,10000 500,2666 0
row.4054 minecraft:forest -4500,-1500 -1000,1000 300,10000 -3750,500 0,0 500,2666 0
row.4055 minecraft:forest -4500,-1500 -1000,1000 300,10000 -3750,500 10000,10000 500,2666 0
row.4056 minecraft:beach -4500,-1500 -1000,1000 -1900,-1100 -2225,4500 0,0 500,2666 0
row.4057 minecraft:beach -4500,-1500 -1000,1000 -1900,-1100 -2225,4500 10000,10000 500,2666 0
row.4058 minecraft:forest -4500,-1500 -1000,1000 -1100,10000 500,4500 0,0 500,2666 0
row.4059 minecraft:forest -4500,-1500 -1000,1000 -1100,10000 500,4500 10000,10000 500,2666 0
row.4060 minecraft:forest -4500,-1500 -1000,1000 -1900,-1100 4500,5500 0,0 500,2666 0
row.4061 minecraft:forest -4500,-1500 -1000,1000 -1900,-1100 4500,5500 10000,10000 500,2666 0
row.4062 minecraft:forest -4500,-1500 -1000,1000 -1100,300 4500,5500 0,0 500,2666 0
row.4063 minecraft:forest -4500,-1500 -1000,1000 -1100,300 4500,5500 10000,10000 500,2666 0
row.4064 minecraft:forest -4500,-1500 -1000,1000 300,10000 4500,5500 0,0 500,2666 0
row.4065 minecraft:forest -4500,-1500 -1000,1000 300,10000 4500,5500 10000,10000 500,2666 0
row.4066 minecraft:beach -4500,-1500 -1000,1000 -1900,-1100 5500,10000 0,0 500,2666 0
row.4067 minecraft:beach -4500,-1500 -1000,1000 -1900,-1100 5500,10000 10000,10000 500,2666 0
row.4068 minecraft:taiga -4500,-1500 1000,3000 -1100,300 -10000,-3750 0,0 500,2666 0
row.4069 minecraft:taiga -4500,-1500 1000,3000 -1100,300 -10000,-3750 10000,10000 500,2666 0
row.4070 minecraft:taiga -4500,-1500 1000,3000 300,10000 -10000,-3750 0,0 500,2666 0
row.4071 minecraft:taiga -4500,-1500 1000,3000 300,10000 -10000,-3750 10000,10000 500,2666 0
row.4072 minecraft:taiga -4500,-1500 1000,3000 -1100,300 -3750,500 0,0 500,2666 0
row.4073 minecraft:taiga -4500,-1500 1000,3000 -1100,300 -3750,500 10000,10000 500,2666 0
row.4074 minecraft:taiga -4500,-1500 1000,3000 300,10000 -3750,500 0,0 500,2666 0
row.4075 minecraft:taiga -4500,-1500 1000,3000 300,10000 -3750,500 10000,10000 500,2666 0
row.4076 minecraft:beach -4500,-1500 1000,3000 -1900,-1100 -2225,4500 0,0 500,2666 0
row.4077 minecraft:beach -4500,-1500 1000,3000 -1900,-1100 -2225,4500 10000,10000 500,2666 0
row.4078 minecraft:taiga -4500,-1500 1000,3000 -1100,10000 500,4500 0,0 500,2666 0
row.4079 minecraft:taiga -4500,-1500 1000,3000 -1100,10000 500,4500 10000,10000 500,2666 0
row.4080 minecraft:taiga -4500,-1500 1000,3000 -1900,-1100 4500,5500 0,0 500,2666 0
row.4081 minecraft:taiga -4500,-1500 1000,3000 -1900,-1100 4500,5500 10000,10000 500,2666 0
row.4082 minecraft:taiga -4500,-1500 1000,3000 -1100,300 4500,5500 0,0 500,2666 0
row.4083 minecraft:taiga -4500,-1500 1000,3000 -1100,300 4500,5500 10000,10000 500,2666 0
row.4084 minecraft:taiga -4500,-1500 1000,3000 300,10000 4500,5500 0,0 500,2666 0
row.4085 minecraft:taiga -4500,-1500 1000,3000 300,10000 4500,5500 10000,10000 500,2666 0
row.4086 minecraft:beach -4500,-1500 1000,3000 -1900,-1100 5500,10000 0,0 500,2666 0
row.4087 minecraft:beach -4500,-1500 1000,3000 -1900,-1100 5500,10000 10000,10000 500,2666 0
row.4088 minecraft:old_growth_pine_taiga -4500,-1500 3000,10000 -1100,300 -10000,-3750 0,0 500,2666 0
row.4089 minecraft:old_growth_pine_taiga -4500,-1500 3000,10000 -1100,300 -10000,-3750 10000,10000 500,2666 0
row.4090 minecraft:old_growth_pine_taiga -4500,-1500 3000,10000 300,10000 -10000,-3750 0,0 500,2666 0
row.4091 minecraft:old_growth_pine_taiga -4500,-1500 3000,10000 300,10000 -10000,-3750 10000,10000 500,2666 0
row.4092 minecraft:old_growth_pine_taiga -4500,-1500 3000,10000 -1100,300 -3750,500 0,0 500,2666 0
row.4093 minecraft:old_growth_pine_taiga -4500,-1500 3000,10000 -1100,300 -3750,500 10000,10000 500,2666 0
row.4094 minecraft:old_growth_pine_taiga -4500,-1500 3000,10000 300,10000 -3750,500 0,0 500,2666 0
row.4095 minecraft:old_growth_pine_taiga -4500,-1500 3000,10000 300,10000 -3750,500 10000,10000 500,2666 0
row.4096 minecraft:beach -4500,-1500 3000,10000 -1900,-1100 -2225,4500 0,0 500,2666 0
row.4097 minecraft:beach -4500,-1500 3000,10000 -1900,-1100 -2225,4500 10000,10000 500,2666 0
row.4098 minecraft:old_growth_pine_taiga -4500,-1500 3000,10000 -1100,10000 500,4500 0,0 500,2666 0
row.4099 minecraft:old_growth_pine_taiga -4500,-1500 3000,10000 -1100,10000 500,4500 10000,10000 500,2666 0
row.4100 minecraft:old_growth_pine_taiga -4500,-1500 3000,10000 -1900,-1100 4500,5500 0,0 500,2666 0
row.4101 minecraft:old_growth_pine_taiga -4500,-1500 3000,10000 -1900,-1100 4500,5500 10000,10000 500,2666 0
row.4102 minecraft:old_growth_pine_taiga -4500,-1500 3000,10000 -1100,300 4500,5500 0,0 500,2666 0
row.4103 minecraft:old_growth_pine_taiga -4500,-1500 3000,10000 -1100,300 4500,5500 10000,10000 500,2666 0
row.4104 minecraft:old_growth_pine_taiga -4500,-1500 3000,10000 300,10000 4500,5500 0,0 500,2666 0
row.4105 minecraft:old_growth_pine_taiga -4500,-1500 3000,10000 300,10000 4500,5500 10000,10000 500,2666 0
row.4106 minecraft:beach -4500,-1500 3000,10000 -1900,-1100 5500,10000 0,0 500,2666 0
row.4107 minecraft:beach -4500,-1500 3000,10000 -1900,-1100 5500,10000 10000,10000 500,2666 0
row.4108 minecraft:sunflower_plains -1500,2000 -10000,-3500 -1100,300 -10000,-3750 0,0 500,2666 0
row.4109 minecraft:sunflower_plains -1500,2000 -10000,-3500 -1100,300 -10000,-3750 10000,10000 500,2666 0
row.4110 minecraft:sunflower_plains -1500,2000 -10000,-3500 300,10000 -10000,-3750 0,0 500,2666 0
row.4111 minecraft:sunflower_plains -1500,2000 -10000,-3500 300,10000 -10000,-3750 10000,10000 500,2666 0
row.4112 minecraft:sunflower_plains -1500,2000 -10000,-3500 -1100,300 -3750,500 0,0 500,2666 0
row.4113 minecraft:sunflower_plains -1500,2000 -10000,-3500 -1100,300 -3750,500 10000,10000 500,2666 0
row.4114 minecraft:sunflower_plains -1500,2000 -10000,-3500 300,10000 -3750,500 0,0 500,2666 0
row.4115 minecraft:sunflower_plains -1500,2000 -10000,-3500 300,10000 -3750,500 10000,10000 500,2666 0
row.4116 minecraft:beach -1500,2000 -10000,-3500 -1900,-1100 -2225,4500 0,0 500,2666 0
row.4117 minecraft:beach -1500,2000 -10000,-3500 -1900,-1100 -2225,4500 10000,10000 500,2666 0
row.4118 minecraft:sunflower_plains -1500,2000 -10000,-3500 -1100,10000 500,4500 0,0 500,2666 0
row.4119 minecraft:sunflower_plains -1500,2000 -10000,-3500 -1100,10000 500,4500 10000,10000 500,2666 0
row.4120 minecraft:windswept_savanna -1500,2000 -10000,-3500 -1900,-1100 4500,5500 0,0 500,2666 0
row.4121 minecraft:windswept_savanna -1500,2000 -10000,-3500 -1900,-1100 4500,5500 10000,10000 500,2666 0
row.4122 minecraft:windswept_savanna -1500,2000 -10000,-3500 -1100,300 4500,5500 0,0 500,2666 0
row.4123 minecraft:windswept_savanna -1500,2000 -10000,-3500 -1100,300 4500,5500 10000,10000 500,2666 0
row.4124 minecraft:sunflower_plains -1500,2000 -10000,-3500 300,10000 4500,5500 0,0 500,2666 0
row.4125 minecraft:sunflower_plains -1500,2000 -10000,-3500 300,10000 4500,5500 10000,10000 500,2666 0
row.4126 minecraft:beach -1500,2000 -10000,-3500 -1900,-1100 5500,10000 0,0 500,2666 0
row.4127 minecraft:beach -1500,2000 -10000,-3500 -1900,-1100 5500,10000 10000,10000 500,2666 0
row.4128 minecraft:plains -1500,2000 -3500,-1000 -1100,300 -10000,-3750 0,0 500,2666 0
row.4129 minecraft:plains -1500,2000 -3500,-1000 -1100,300 -10000,-3750 10000,10000 500,2666 0
row.4130 minecraft:plains -1500,2000 -3500,-1000 300,10000 -10000,-3750 0,0 500,2666 0
row.4131 minecraft:plains -1500,2000 -3500,-1000 300,10000 -10000,-3750 10000,10000 500,2666 0
row.4132 minecraft:plains -1500,2000 -3500,-1000 -1100,300 -3750,500 0,0 500,2666 0
row.4133 minecraft:plains -1500,2000 -3500,-1000 -1100,300 -3750,500 10000,10000 500,2666 0
row.4134 minecraft:plains -1500,2000 -3500,-1000 300,10000 -3750,500 0,0 500,2666 0
row.4135 minecraft:plains -1500,2000 -3500,-1000 300,10000 -3750,500 10000,10000 500,2666 0
row.4136 minecraft:beach -1500,2000 -3500,-1000 -1900,-1100 -2225,4500 0,0 500,2666 0
row.4137 minecraft:beach -1500,2000 -3500,-1000 -1900,-1100 -2225,4500 10000,10000 500,2666 0
row.4138 minecraft:plains -1500,2000 -3500,-1000 -1100,10000 500,4500 0,0 500,2666 0
row.4139 minecraft:plains -1500,2000 -3500,-1000 -1100,10000 500,4500 10000,10000 500,2666 0
row.4140 minecraft:windswept_savanna -1500,2000 -3500,-1000 -1900,-1100 4500,5500 0,0 500,2666 0
row.4141 minecraft:windswept_savanna -1500,2000 -3500,-1000 -1900,-1100 4500,5500 10000,10000 500,2666 0
row.4142 minecraft:windswept_savanna -1500,2000 -3500,-1000 -1100,300 4500,5500 0,0 500,2666 0
row.4143 minecraft:windswept_savanna -1500,2000 -3500,-1000 -1100,300 4500,5500 10000,10000 500,2666 0
row.4144 minecraft:plains -1500,2000 -3500,-1000 300,10000 4500,5500 0,0 500,2666 0
row.4145 minecraft:plains -1500,2000 -3500,-1000 300,10000 4500,5500 10000,10000 500,2666 0
row.4146 minecraft:beach -1500,2000 -3500,-1000 -1900,-1100 5500,10000 0,0 500,2666 0
row.4147 minecraft:beach -1500,2000 -3500,-1000 -1900,-1100 5500,10000 10000,10000 500,2666 0
row.4148 minecraft:forest -1500,2000 -1000,1000 -1100,300 -10000,-3750 0,0 500,2666 0
row.4149 minecraft:forest -1500,2000 -1000,1000 -1100,300 -10000,-3750 10000,10000 500,2666 0
row.4150 minecraft:forest -1500,2000 -1000,1000 300,10000 -10000,-3750 0,0 500,2666 0
row.4151 minecraft:forest -1500,2000 -1000,1000 300,10000 -10000,-3750 10000,10000 500,2666 0
row.4152 minecraft:forest -1500,2000 -1000,1000 -1100,300 -3750,500 0,0 500,2666 0
row.4153 minecraft:forest -1500,2000 -1000,1000 -1100,300 -3750,500 10000,10000 500,2666 0
row.4154 minecraft:forest -1500,2000 -1000,1000 300,10000 -3750,500 0,0 500,2666 0
row.4155 minecraft:forest -1500,2000 -1000,1000 300,10000 -3750,500 10000,10000 500,2666 0
row.4156 minecraft:beach -1500,2000 -1000,1000 -1900,-1100 -2225,4500 0,0 500,2666 0
row.4157 minecraft:beach -1500,2000 -1000,1000 -1900,-1100 -2225,4500 10000,10000 500,2666 0
row.4158 minecraft:forest -1500,2000 -1000,1000 -1100,10000 500,4500 0,0 500,2666 0
row.4159 minecraft:forest -1500,2000 -1000,1000 -1100,10000 500,4500 10000,10000 500,2666 0
row.4160 minecraft:windswept_savanna -1500,2000 -1000,1000 -1900,-1100 4500,5500 0,0 500,2666 0
row.4161 minecraft:windswept_savanna -1500,2000 -1000,1000 -1900,-1100 4500,5500 10000,10000 500,2666 0
row.4162 minecraft:windswept_savanna -1500,2000 -1000,1000 -1100,300 4500,5500 0,0 500,2666 0
row.4163 minecraft:windswept_savanna -1500,2000 -1000,1000 -1100,300 4500,5500 10000,10000 500,2666 0
row.4164 minecraft:forest -1500,2000 -1000,1000 300,10000 4500,5500 0,0 500,2666 0
row.4165 minecraft:forest -1500,2000 -1000,1000 300,10000 4500,5500 10000,10000 500,2666 0
row.4166 minecraft:beach -1500,2000 -1000,1000 -1900,-1100 5500,10000 0,0 500,2666 0
row.4167 minecraft:beach -1500,2000 -1000,1000 -1900,-1100 5500,10000 10000,10000 500,2666 0
row.4168 minecraft:old_growth_birch_forest -1500,2000 1000,3000 -1100,300 -10000,-3750 0,0 500,2666 0
row.4169 minecraft:old_growth_birch_forest -1500,2000 1000,3000 -1100,300 -10000,-3750 10000,10000 500,2666 0
row.4170 minecraft:old_growth_birch_forest -1500,2000 1000,3000 300,10000 -10000,-3750 0,0 500,2666 0
row.4171 minecraft:old_growth_birch_forest -1500,2000 1000,3000 300,10000 -10000,-3750 10000,10000 500,2666 0
row.4172 minecraft:old_growth_birch_forest -1500,2000 1000,3000 -1100,300 -3750,500 0,0 500,2666 0
row.4173 minecraft:old_growth_birch_forest -1500,2000 1000,3000 -1100,300 -3750,500 10000,10000 500,2666 0
row.4174 minecraft:old_growth_birch_forest -1500,2000 1000,3000 300,10000 -3750,500 0,0 500,2666 0
row.4175 minecraft:old_growth_birch_forest -1500,2000 1000,3000 300,10000 -3750,500 10000,10000 500,2666 0
row.4176 minecraft:beach -1500,2000 1000,3000 -1900,-1100 -2225,4500 0,0 500,2666 0
row.4177 minecraft:beach -1500,2000 1000,3000 -1900,-1100 -2225,4500 10000,10000 500,2666 0
row.4178 minecraft:old_growth_birch_forest -1500,2000 1000,3000 -1100,10000 500,4500 0,0 500,2666 0
row.4179 minecraft:old_growth_birch_forest -1500,2000 1000,3000 -1100,10000 500,4500 10000,10000 500,2666 0
row.4180 minecraft:windswept_savanna -1500,2000 1000,3000 -1900,-1100 4500,5500 0,0 500,2666 0
row.4181 minecraft:windswept_savanna -1500,2000 1000,3000 -1900,-1100 4500,5500 10000,10000 500,2666 0
row.4182 minecraft:windswept_savanna -1500,2000 1000,3000 -1100,300 4500,5500 0,0 500,2666 0
row.4183 minecraft:windswept_savanna -1500,2000 1000,3000 -1100,300 4500,5500 10000,10000 500,2666 0
row.4184 minecraft:old_growth_birch_forest -1500,2000 1000,3000 300,10000 4500,5500 0,0 500,2666 0
row.4185 minecraft:old_growth_birch_forest -1500,2000 1000,3000 300,10000 4500,5500 10000,10000 500,2666 0
row.4186 minecraft:beach -1500,2000 1000,3000 -1900,-1100 5500,10000 0,0 500,2666 0
row.4187 minecraft:beach -1500,2000 1000,3000 -1900,-1100 5500,10000 10000,10000 500,2666 0
row.4188 minecraft:dark_forest -1500,2000 3000,10000 -1100,300 -10000,-3750 0,0 500,2666 0
row.4189 minecraft:dark_forest -1500,2000 3000,10000 -1100,300 -10000,-3750 10000,10000 500,2666 0
row.4190 minecraft:dark_forest -1500,2000 3000,10000 300,10000 -10000,-3750 0,0 500,2666 0
row.4191 minecraft:dark_forest -1500,2000 3000,10000 300,10000 -10000,-3750 10000,10000 500,2666 0
row.4192 minecraft:dark_forest -1500,2000 3000,10000 -1100,300 -3750,500 0,0 500,2666 0
row.4193 minecraft:dark_forest -1500,2000 3000,10000 -1100,300 -3750,500 10000,10000 500,2666 0
row.4194 minecraft:dark_forest -1500,2000 3000,10000 300,10000 -3750,500 0,0 500,2666 0
row.4195 minecraft:dark_forest -1500,2000 3000,10000 300,10000 -3750,500 10000,10000 500,2666 0
row.4196 minecraft:beach -1500,2000 3000,10000 -1900,-1100 -2225,4500 0,0 500,2666 0
row.4197 minecraft:beach -1500,2000 3000,10000 -1900,-1100 -2225,4500 10000,10000 500,2666 0
row.4198 minecraft:dark_forest -1500,2000 3000,10000 -1100,10000 500,4500 0,0 500,2666 0
row.4199 minecraft:dark_forest -1500,2000 3000,10000 -1100,10000 500,4500 10000,10000 500,2666 0
row.4200 minecraft:dark_forest -1500,2000 3000,10000 -1900,-1100 4500,5500 0,0 500,2666 0
row.4201 minecraft:dark_forest -1500,2000 3000,10000 -1900,-1100 4500,5500 10000,10000 500,2666 0
row.4202 minecraft:dark_forest -1500,2000 3000,10000 -1100,300 4500,5500 0,0 500,2666 0
row.4203 minecraft:dark_forest -1500,2000 3000,10000 -1100,300 4500,5500 10000,10000 500,2666 0
row.4204 minecraft:dark_forest -1500,2000 3000,10000 300,10000 4500,5500 0,0 500,2666 0
row.4205 minecraft:dark_forest -1500,2000 3000,10000 300,10000 4500,5500 10000,10000 500,2666 0
row.4206 minecraft:beach -1500,2000 3000,10000 -1900,-1100 5500,10000 0,0 500,2666 0
row.4207 minecraft:beach -1500,2000 3000,10000 -1900,-1100 5500,10000 10000,10000 500,2666 0
row.4208 minecraft:savanna 2000,5500 -10000,-3500 -1100,300 -10000,-3750 0,0 500,2666 0
row.4209 minecraft:savanna 2000,5500 -10000,-3500 -1100,300 -10000,-3750 10000,10000 500,2666 0
row.4210 minecraft:savanna 2000,5500 -10000,-3500 300,10000 -10000,-3750 0,0 500,2666 0
row.4211 minecraft:savanna 2000,5500 -10000,-3500 300,10000 -10000,-3750 10000,10000 500,2666 0
row.4212 minecraft:savanna 2000,5500 -10000,-3500 -1100,300 -3750,500 0,0 500,2666 0
row.4213 minecraft:savanna 2000,5500 -10000,-3500 -1100,300 -3750,500 10000,10000 500,2666 0
row.4214 minecraft:savanna 2000,5500 -10000,-3500 300,10000 -3750,500 0,0 500,2666 0
row.4215 minecraft:savanna 2000,5500 -10000,-3500 300,10000 -3750,500 10000,10000 500,2666 0
row.4216 minecraft:beach 2000,5500 -10000,-3500 -1900,-1100 -2225,4500 0,0 500,2666 0
row.4217 minecraft:beach 2000,5500 -10000,-3500 -1900,-1100 -2225,4500 10000,10000 500,2666 0
row.4218 minecraft:savanna 2000,5500 -10000,-3500 -1100,10000 500,4500 0,0 500,2666 0
row.4219 minecraft:savanna 2000,5500 -10000,-3500 -1100,10000 500,4500 10000,10000 500,2666 0
row.4220 minecraft:windswept_savanna 2000,5500 -10000,-3500 -1900,-1100 4500,5500 0,0 500,2666 0
row.4221 minecraft:windswept_savanna 2000,5500 -10000,-3500 -1900,-1100 4500,5500 10000,10000 500,2666 0
row.4222 minecraft:windswept_savanna 2000,5500 -10000,-3500 -1100,300 4500,5500 0,0 500,2666 0
row.4223 minecraft:windswept_savanna 2000,5500 -10000,-3500 -1100,300 4500,5500 10000,10000 500,2666 0
row.4224 minecraft:savanna 2000,5500 -10000,-3500 300,10000 4500,5500 0,0 500,2666 0
row.4225 minecraft:savanna 2000,5500 -10000,-3500 300,10000 4500,5500 10000,10000 500,2666 0
row.4226 minecraft:beach 2000,5500 -10000,-3500 -1900,-1100 5500,10000 0,0 500,2666 0
row.4227 minecraft:beach 2000,5500 -10000,-3500 -1900,-1100 5500,10000 10000,10000 500,2666 0
row.4228 minecraft:savanna 2000,5500 -3500,-1000 -1100,300 -10000,-3750 0,0 500,2666 0
row.4229 minecraft:savanna 2000,5500 -3500,-1000 -1100,300 -10000,-3750 10000,10000 500,2666 0
row.4230 minecraft:savanna 2000,5500 -3500,-1000 300,10000 -10000,-3750 0,0 500,2666 0
row.4231 minecraft:savanna 2000,5500 -3500,-1000 300,10000 -10000,-3750 10000,10000 500,2666 0
row.4232 minecraft:savanna 2000,5500 -3500,-1000 -1100,300 -3750,500 0,0 500,2666 0
row.4233 minecraft:savanna 2000,5500 -3500,-1000 -1100,300 -3750,500 10000,10000 500,2666 0
row.4234 minecraft:savanna 2000,5500 -3500,-1000 300,10000 -3750,500 0,0 500,2666 0
row.4235 minecraft:savanna 2000,5500 -3500,-1000 300,10000 -3750,500 10000,10000 500,2666 0
row.4236 minecraft:beach 2000,5500 -3500,-1000 -1900,-1100 -2225,4500 0,0 500,2666 0
row.4237 minecraft:beach 2000,5500 -3500,-1000 -1900,-1100 -2225,4500 10000,10000 500,2666 0
row.4238 minecraft:savanna 2000,5500 -3500,-1000 -1100,10000 500,4500 0,0 500,2666 0
row.4239 minecraft:savanna 2000,5500 -3500,-1000 -1100,10000 500,4500 10000,10000 500,2666 0
row.4240 minecraft:windswept_savanna 2000,5500 -3500,-1000 -1900,-1100 4500,5500 0,0 500,2666 0
row.4241 minecraft:windswept_savanna 2000,5500 -3500,-1000 -1900,-1100 4500,5500 10000,10000 500,2666 0
row.4242 minecraft:windswept_savanna 2000,5500 -3500,-1000 -1100,300 4500,5500 0,0 500,2666 0
row.4243 minecraft:windswept_savanna 2000,5500 -3500,-1000 -1100,300 4500,5500 10000,10000 500,2666 0
row.4244 minecraft:savanna 2000,5500 -3500,-1000 300,10000 4500,5500 0,0 500,2666 0
row.4245 minecraft:savanna 2000,5500 -3500,-1000 300,10000 4500,5500 10000,10000 500,2666 0
row.4246 minecraft:beach 2000,5500 -3500,-1000 -1900,-1100 5500,10000 0,0 500,2666 0
row.4247 minecraft:beach 2000,5500 -3500,-1000 -1900,-1100 5500,10000 10000,10000 500,2666 0
row.4248 minecraft:plains 2000,5500 -1000,1000 -1100,300 -10000,-3750 0,0 500,2666 0
row.4249 minecraft:plains 2000,5500 -1000,1000 -1100,300 -10000,-3750 10000,10000 500,2666 0
row.4250 minecraft:plains 2000,5500 -1000,1000 300,10000 -10000,-3750 0,0 500,2666 0
row.4251 minecraft:plains 2000,5500 -1000,1000 300,10000 -10000,-3750 10000,10000 500,2666 0
row.4252 minecraft:plains 2000,5500 -1000,1000 -1100,300 -3750,500 0,0 500,2666 0
row.4253 minecraft:plains 2000,5500 -1000,1000 -1100,300 -3750,500 10000,10000 500,2666 0
row.4254 minecraft:plains 2000,5500 -1000,1000 300,10000 -3750,500 0,0 500,2666 0
row.4255 minecraft:plains 2000,5500 -1000,1000 300,10000 -3750,500 10000,10000 500,2666 0
row.4256 minecraft:beach 2000,5500 -1000,1000 -1900,-1100 -2225,4500 0,0 500,2666 0
row.4257 minecraft:beach 2000,5500 -1000,1000 -1900,-1100 -2225,4500 10000,10000 500,2666 0
row.4258 minecraft:plains 2000,5500 -1000,1000 -1100,10000 500,4500 0,0 500,2666 0
row.4259 minecraft:plains 2000,5500 -1000,1000 -1100,10000 500,4500 10000,10000 500,2666 0
row.4260 minecraft:windswept_savanna 2000,5500 -1000,1000 -1900,-1100 4500,5500 0,0 500,2666 0
row.4261 minecraft:windswept_savanna 2000,5500 -1000,1000 -1900,-1100 4500,5500 10000,10000 500,2666 0
row.4262 minecraft:windswept_savanna 2000,5500 -1000,1000 -1100,300 4500,5500 0,0 500,2666 0
row.4263 minecraft:windswept_savanna 2000,5500 -1000,1000 -1100,300 4500,5500 10000,10000 500,2666 0
row.4264 minecraft:plains 2000,5500 -1000,1000 300,10000 4500,5500 0,0 500,2666 0
row.4265 minecraft:plains 2000,5500 -1000,1000 300,10000 4500,5500 10000,10000 500,2666 0
row.4266 minecraft:beach 2000,5500 -1000,1000 -1900,-1100 5500,10000 0,0 500,2666 0
row.4267 minecraft:beach 2000,5500 -1000,1000 -1900,-1100 5500,10000 10000,10000 500,2666 0
row.4268 minecraft:sparse_jungle 2000,5500 1000,3000 -1100,300 -10000,-3750 0,0 500,2666 0
row.4269 minecraft:sparse_jungle 2000,5500 1000,3000 -1100,300 -10000,-3750 10000,10000 500,2666 0
row.4270 minecraft:sparse_jungle 2000,5500 1000,3000 300,10000 -10000,-3750 0,0 500,2666 0
row.4271 minecraft:sparse_jungle 2000,5500 1000,3000 300,10000 -10000,-3750 10000,10000 500,2666 0
row.4272 minecraft:sparse_jungle 2000,5500 1000,3000 -1100,300 -3750,500 0,0 500,2666 0
row.4273 minecraft:sparse_jungle 2000,5500 1000,3000 -1100,300 -3750,500 10000,10000 500,2666 0
row.4274 minecraft:sparse_jungle 2000,5500 1000,3000 300,10000 -3750,500 0,0 500,2666 0
row.4275 minecraft:sparse_jungle 2000,5500 1000,3000 300,10000 -3750,500 10000,10000 500,2666 0
row.4276 minecraft:beach 2000,5500 1000,3000 -1900,-1100 -2225,4500 0,0 500,2666 0
row.4277 minecraft:beach 2000,5500 1000,3000 -1900,-1100 -2225,4500 10000,10000 500,2666 0
row.4278 minecraft:sparse_jungle 2000,5500 1000,3000 -1100,10000 500,4500 0,0 500,2666 0
row.4279 minecraft:sparse_jungle 2000,5500 1000,3000 -1100,10000 500,4500 10000,10000 500,2666 0
row.4280 minecraft:windswept_savanna 2000,5500 1000,3000 -1900,-1100 4500,5500 0,0 500,2666 0
row.4281 minecraft:windswept_savanna 2000,5500 1000,3000 -1900,-1100 4500,5500 10000,10000 500,2666 0
row.4282 minecraft:windswept_savanna 2000,5500 1000,3000 -1100,300 4500,5500 0,0 500,2666 0
row.4283 minecraft:windswept_savanna 2000,5500 1000,3000 -1100,300 4500,5500 10000,10000 500,2666 0
row.4284 minecraft:sparse_jungle 2000,5500 1000,3000 300,10000 4500,5500 0,0 500,2666 0
row.4285 minecraft:sparse_jungle 2000,5500 1000,3000 300,10000 4500,5500 10000,10000 500,2666 0
row.4286 minecraft:beach 2000,5500 1000,3000 -1900,-1100 5500,10000 0,0 500,2666 0
row.4287 minecraft:beach 2000,5500 1000,3000 -1900,-1100 5500,10000 10000,10000 500,2666 0
row.4288 minecraft:bamboo_jungle 2000,5500 3000,10000 -1100,300 -10000,-3750 0,0 500,2666 0
row.4289 minecraft:bamboo_jungle 2000,5500 3000,10000 -1100,300 -10000,-3750 10000,10000 500,2666 0
row.4290 minecraft:bamboo_jungle 2000,5500 3000,10000 300,10000 -10000,-3750 0,0 500,2666 0
row.4291 minecraft:bamboo_jungle 2000,5500 3000,10000 300,10000 -10000,-3750 10000,10000 500,2666 0
row.4292 minecraft:bamboo_jungle 2000,5500 3000,10000 -1100,300 -3750,500 0,0 500,2666 0
row.4293 minecraft:bamboo_jungle 2000,5500 3000,10000 -1100,300 -3750,500 10000,10000 500,2666 0
row.4294 minecraft:bamboo_jungle 2000,5500 3000,10000 300,10000 -3750,500 0,0 500,2666 0
row.4295 minecraft:bamboo_jungle 2000,5500 3000,10000 300,10000 -3750,500 10000,10000 500,2666 0
row.4296 minecraft:beach 2000,5500 3000,10000 -1900,-1100 -2225,4500 0,0 500,2666 0
row.4297 minecraft:beach 2000,5500 3000,10000 -1900,-1100 -2225,4500 10000,10000 500,2666 0
row.4298 minecraft:bamboo_jungle 2000,5500 3000,10000 -1100,10000 500,4500 0,0 500,2666 0
row.4299 minecraft:bamboo_jungle 2000,5500 3000,10000 -1100,10000 500,4500 10000,10000 500,2666 0
row.4300 minecraft:bamboo_jungle 2000,5500 3000,10000 -1900,-1100 4500,5500 0,0 500,2666 0
row.4301 minecraft:bamboo_jungle 2000,5500 3000,10000 -1900,-1100 4500,5500 10000,10000 500,2666 0
row.4302 minecraft:bamboo_jungle 2000,5500 3000,10000 -1100,300 4500,5500 0,0 500,2666 0
row.4303 minecraft:bamboo_jungle 2000,5500 3000,10000 -1100,300 4500,5500 10000,10000 500,2666 0
row.4304 minecraft:bamboo_jungle 2000,5500 3000,10000 300,10000 4500,5500 0,0 500,2666 0
row.4305 minecraft:bamboo_jungle 2000,5500 3000,10000 300,10000 4500,5500 10000,10000 500,2666 0
row.4306 minecraft:beach 2000,5500 3000,10000 -1900,-1100 5500,10000 0,0 500,2666 0
row.4307 minecraft:beach 2000,5500 3000,10000 -1900,-1100 5500,10000 10000,10000 500,2666 0
row.4308 minecraft:eroded_badlands 5500,10000 -10000,-3500 -1100,300 -10000,-3750 0,0 500,2666 0
row.4309 minecraft:eroded_badlands 5500,10000 -10000,-3500 -1100,300 -10000,-3750 10000,10000 500,2666 0
row.4310 minecraft:eroded_badlands 5500,10000 -10000,-3500 300,10000 -10000,-3750 0,0 500,2666 0
row.4311 minecraft:eroded_badlands 5500,10000 -10000,-3500 300,10000 -10000,-3750 10000,10000 500,2666 0
row.4312 minecraft:desert 5500,10000 -10000,-3500 -1100,300 -3750,500 0,0 500,2666 0
row.4313 minecraft:desert 5500,10000 -10000,-3500 -1100,300 -3750,500 10000,10000 500,2666 0
row.4314 minecraft:eroded_badlands 5500,10000 -10000,-3500 300,10000 -3750,500 0,0 500,2666 0
row.4315 minecraft:eroded_badlands 5500,10000 -10000,-3500 300,10000 -3750,500 10000,10000 500,2666 0
row.4316 minecraft:desert 5500,10000 -10000,-3500 -1900,-1100 -2225,4500 0,0 500,2666 0
row.4317 minecraft:desert 5500,10000 -10000,-3500 -1900,-1100 -2225,4500 10000,10000 500,2666 0
row.4318 minecraft:desert 5500,10000 -10000,-3500 -1100,10000 500,4500 0,0 500,2666 0
row.4319 minecraft:desert 5500,10000 -10000,-3500 -1100,10000 500,4500 10000,10000 500,2666 0
row.4320 minecraft:windswept_savanna 5500,10000 -10000,-3500 -1900,-1100 4500,5500 0,0 500,2666 0
row.4321 minecraft:windswept_savanna 5500,10000 -10000,-3500 -1900,-1100 4500,5500 10000,10000 500,2666 0
row.4322 minecraft:windswept_savanna 5500,10000 -10000,-3500 -1100,300 4500,5500 0,0 500,2666 0
row.4323 minecraft:windswept_savanna 5500,10000 -10000,-3500 -1100,300 4500,5500 10000,10000 500,2666 0
row.4324 minecraft:desert 5500,10000 -10000,-3500 300,10000 4500,5500 0,0 500,2666 0
row.4325 minecraft:desert 5500,10000 -10000,-3500 300,10000 4500,5500 10000,10000 500,2666 0
row.4326 minecraft:desert 5500,10000 -10000,-3500 -1900,-1100 5500,10000 0,0 500,2666 0
row.4327 minecraft:desert 5500,10000 -10000,-3500 -1900,-1100 5500,10000 10000,10000 500,2666 0
row.4328 minecraft:eroded_badlands 5500,10000 -3500,-1000 -1100,300 -10000,-3750 0,0 500,2666 0
row.4329 minecraft:eroded_badlands 5500,10000 -3500,-1000 -1100,300 -10000,-3750 10000,10000 500,2666 0
row.4330 minecraft:eroded_badlands 5500,10000 -3500,-1000 300,10000 -10000,-3750 0,0 500,2666 0
row.4331 minecraft:eroded_badlands 5500,10000 -3500,-1000 300,10000 -10000,-3750 10000,10000 500,2666 0
row.4332 minecraft:desert 5500,10000 -3500,-1000 -1100,300 -3750,500 0,0 500,2666 0
row.4333 minecraft:desert 5500,10000 -3500,-1000 -1100,300 -3750,500 10000,10000 500,2666 0
row.4334 minecraft:eroded_badlands 5500,10000 -3500,-1000 300,10000 -3750,500 0,0 500,2666 0
row.4335 minecraft:eroded_badlands 5500,10000 -3500,-1000 300,10000 -3750,500 10000,10000 500,2666 0
row.4336 minecraft:desert 5500,10000 -3500,-1000 -1900,-1100 -2225,4500 0,0 500,2666 0
row.4337 minecraft:desert 5500,10000 -3500,-1000 -1900,-1100 -2225,4500 10000,10000 500,2666 0
row.4338 minecraft:desert 5500,10000 -3500,-1000 -1100,10000 500,4500 0,0 500,2666 0
row.4339 minecraft:desert 5500,10000 -3500,-1000 -1100,10000 500,4500 10000,10000 500,2666 0
row.4340 minecraft:windswept_savanna 5500,10000 -3500,-1000 -1900,-1100 4500,5500 0,0 500,2666 0
row.4341 minecraft:windswept_savanna 5500,10000 -3500,-1000 -1900,-1100 4500,5500 10000,10000 500,2666 0
row.4342 minecraft:windswept_savanna 5500,10000 -3500,-1000 -1100,300 4500,5500 0,0 500,2666 0
row.4343 minecraft:windswept_savanna 5500,10000 -3500,-1000 -1100,300 4500,5500 10000,10000 500,2666 0
row.4344 minecraft:desert 5500,10000 -3500,-1000 300,10000 4500,5500 0,0 500,2666 0
row.4345 minecraft:desert 5500,10000 -3500,-1000 300,10000 4500,5500 10000,10000 500,2666 0
row.4346 minecraft:desert 5500,10000 -3500,-1000 -1900,-1100 5500,10000 0,0 500,2666 0
row.4347 minecraft:desert 5500,10000 -3500,-1000 -1900,-1100 5500,10000 10000,10000 500,2666 0
row.4348 minecraft:badlands 5500,10000 -1000,1000 -1100,300 -10000,-3750 0,0 500,2666 0
row.4349 minecraft:badlands 5500,10000 -1000,1000 -1100,300 -10000,-3750 10000,10000 500,2666 0
row.4350 minecraft:badlands 5500,10000 -1000,1000 300,10000 -10000,-3750 0,0 500,2666 0
row.4351 minecraft:badlands 5500,10000 -1000,1000 300,10000 -10000,-3750 10000,10000 500,2666 0
row.4352 minecraft:desert 5500,10000 -1000,1000 -1100,300 -3750,500 0,0 500,2666 0
row.4353 minecraft:desert 5500,10000 -1000,1000 -1100,300 -3750,500 10000,10000 500,2666 0
row.4354 minecraft:badlands 5500,10000 -1000,1000 300,10000 -3750,500 0,0 500,2666 0
row.4355 minecraft:badlands 5500,10000 -1000,1000 300,10000 -3750,500 10000,10000 500,2666 0
row.4356 minecraft:desert 5500,10000 -1000,1000 -1900,-1100 -2225,4500 0,0 500,2666 0
row.4357 minecraft:desert 5500,10000 -1000,1000 -1900,-1100 -2225,4500 10000,10000 500,2666 0
row.4358 minecraft:desert 5500,10000 -1000,1000 -1100,10000 500,4500 0,0 500,2666 0
row.4359 minecraft:desert 5500,10000 -1000,1000 -1100,10000 500,4500 10000,10000 500,2666 0
row.4360 minecraft:windswept_savanna 5500,10000 -1000,1000 -1900,-1100 4500,5500 0,0 500,2666 0
row.4361 minecraft:windswept_savanna 5500,10000 -1000,1000 -1900,-1100 4500,5500 10000,10000 500,2666 0
row.4362 minecraft:windswept_savanna 5500,10000 -1000,1000 -1100,300 4500,5500 0,0 500,2666 0
row.4363 minecraft:windswept_savanna 5500,10000 -1000,1000 -1100,300 4500,5500 10000,10000 500,2666 0
row.4364 minecraft:desert 5500,10000 -1000,1000 300,10000 4500,5500 0,0 500,2666 0
row.4365 minecraft:desert 5500,10000 -1000,1000 300,10000 4500,5500 10000,10000 500,2666 0
row.4366 minecraft:desert 5500,10000 -1000,1000 -1900,-1100 5500,10000 0,0 500,2666 0
row.4367 minecraft:desert 5500,10000 -1000,1000 -1900,-1100 5500,10000 10000,10000 500,2666 0
row.4368 minecraft:wooded_badlands 5500,10000 1000,3000 -1100,300 -10000,-3750 0,0 500,2666 0
row.4369 minecraft:wooded_badlands 5500,10000 1000,3000 -1100,300 -10000,-3750 10000,10000 500,2666 0
row.4370 minecraft:wooded_badlands 5500,10000 1000,3000 300,10000 -10000,-3750 0,0 500,2666 0
row.4371 minecraft:wooded_badlands 5500,10000 1000,3000 300,10000 -10000,-3750 10000,10000 500,2666 0
row.4372 minecraft:desert 5500,10000 1000,3000 -1100,300 -3750,500 0,0 500,2666 0
row.4373 minecraft:desert 5500,10000 1000,3000 -1100,300 -3750,500 10000,10000 500,2666 0
row.4374 minecraft:wooded_badlands 5500,10000 1000,3000 300,10000 -3750,500 0,0 500,2666 0
row.4375 minecraft:wooded_badlands 5500,10000 1000,3000 300,10000 -3750,500 10000,10000 500,2666 0
row.4376 minecraft:desert 5500,10000 1000,3000 -1900,-1100 -2225,4500 0,0 500,2666 0
row.4377 minecraft:desert 5500,10000 1000,3000 -1900,-1100 -2225,4500 10000,10000 500,2666 0
row.4378 minecraft:desert 5500,10000 1000,3000 -1100,10000 500,4500 0,0 500,2666 0
row.4379 minecraft:desert 5500,10000 1000,3000 -1100,10000 500,4500 10000,10000 500,2666 0
row.4380 minecraft:windswept_savanna 5500,10000 1000,3000 -1900,-1100 4500,5500 0,0 500,2666 0
row.4381 minecraft:windswept_savanna 5500,10000 1000,3000 -1900,-1100 4500,5500 10000,10000 500,2666 0
row.4382 minecraft:windswept_savanna 5500,10000 1000,3000 -1100,300 4500,5500 0,0 500,2666 0
row.4383 minecraft:windswept_savanna 5500,10000 1000,3000 -1100,300 4500,5500 10000,10000 500,2666 0
row.4384 minecraft:desert 5500,10000 1000,3000 300,10000 4500,5500 0,0 500,2666 0
row.4385 minecraft:desert 5500,10000 1000,3000 300,10000 4500,5500 10000,10000 500,2666 0
row.4386 minecraft:desert 5500,10000 1000,3000 -1900,-1100 5500,10000 0,0 500,2666 0
row.4387 minecraft:desert 5500,10000 1000,3000 -1900,-1100 5500,10000 10000,10000 500,2666 0
row.4388 minecraft:wooded_badlands 5500,10000 3000,10000 -1100,300 -10000,-3750 0,0 500,2666 0
row.4389 minecraft:wooded_badlands 5500,10000 3000,10000 -1100,300 -10000,-3750 10000,10000 500,2666 0
row.4390 minecraft:wooded_badlands 5500,10000 3000,10000 300,10000 -10000,-3750 0,0 500,2666 0
row.4391 minecraft:wooded_badlands 5500,10000 3000,10000 300,10000 -10000,-3750 10000,10000 500,2666 0
row.4392 minecraft:desert 5500,10000 3000,10000 -1100,300 -3750,500 0,0 500,2666 0
row.4393 minecraft:desert 5500,10000 3000,10000 -1100,300 -3750,500 10000,10000 500,2666 0
row.4394 minecraft:wooded_badlands 5500,10000 3000,10000 300,10000 -3750,500 0,0 500,2666 0
row.4395 minecraft:wooded_badlands 5500,10000 3000,10000 300,10000 -3750,500 10000,10000 500,2666 0
row.4396 minecraft:desert 5500,10000 3000,10000 -1900,-1100 -2225,4500 0,0 500,2666 0
row.4397 minecraft:desert 5500,10000 3000,10000 -1900,-1100 -2225,4500 10000,10000 500,2666 0
row.4398 minecraft:desert 5500,10000 3000,10000 -1100,10000 500,4500 0,0 500,2666 0
row.4399 minecraft:desert 5500,10000 3000,10000 -1100,10000 500,4500 10000,10000 500,2666 0
row.4400 minecraft:desert 5500,10000 3000,10000 -1900,-1100 4500,5500 0,0 500,2666 0
row.4401 minecraft:desert 5500,10000 3000,10000 -1900,-1100 4500,5500 10000,10000 500,2666 0
row.4402 minecraft:desert 5500,10000 3000,10000 -1100,300 4500,5500 0,0 500,2666 0
row.4403 minecraft:desert 5500,10000 3000,10000 -1100,300 4500,5500 10000,10000 500,2666 0
row.4404 minecraft:desert 5500,10000 3000,10000 300,10000 4500,5500 0,0 500,2666 0
row.4405 minecraft:desert 5500,10000 3000,10000 300,10000 4500,5500 10000,10000 500,2666 0
row.4406 minecraft:desert 5500,10000 3000,10000 -1900,-1100 5500,10000 0,0 500,2666 0
row.4407 minecraft:desert 5500,10000 3000,10000 -1900,-1100 5500,10000 10000,10000 500,2666 0
row.4408 minecraft:stony_shore -10000,10000 -10000,10000 -1900,-1100 -10000,-2225 0,0 2666,4000 0
row.4409 minecraft:stony_shore -10000,10000 -10000,10000 -1900,-1100 -10000,-2225 10000,10000 2666,4000 0
row.4410 minecraft:swamp -4500,2000 -10000,10000 -1100,10000 5500,10000 0,0 2666,4000 0
row.4411 minecraft:swamp -4500,2000 -10000,10000 -1100,10000 5500,10000 10000,10000 2666,4000 0
row.4412 minecraft:mangrove_swamp 2000,10000 -10000,10000 -1100,10000 5500,10000 0,0 2666,4000 0
row.4413 minecraft:mangrove_swamp 2000,10000 -10000,10000 -1100,10000 5500,10000 10000,10000 2666,4000 0
row.4414 minecraft:snowy_slopes -10000,-4500 -10000,-3500 -1100,10000 -10000,-7799 0,0 2666,4000 0
row.4415 minecraft:snowy_slopes -10000,-4500 -10000,-3500 -1100,10000 -10000,-7799 10000,10000 2666,4000 0
row.4416 minecraft:snowy_slopes -10000,-4500 -10000,-3500 -1100,3000 -7799,-3750 0,0 2666,4000 0
row.4417 minecraft:snowy_slopes -10000,-4500 -10000,-3500 -1100,3000 -7799,-3750 10000,10000 2666,4000 0
row.4418 minecraft:snowy_slopes -10000,-4500 -10000,-3500 3000,10000 -7799,-3750 0,0 2666,4000 0
row.4419 minecraft:snowy_slopes -10000,-4500 -10000,-3500 3000,10000 -7799,-3750 10000,10000 2666,4000 0
row.4420 minecraft:ice_spikes -10000,-4500 -10000,-3500 -1100,300 -3750,-2225 0,0 2666,4000 0
row.4421 minecraft:ice_spikes -10000,-4500 -10000,-3500 -1100,300 -3750,-2225 10000,10000 2666,4000 0
row.4422 minecraft:ice_spikes -10000,-4500 -10000,-3500 300,3000 -3750,-2225 0,0 2666,4000 0
row.4423 minecraft:ice_spikes -10000,-4500 -10000,-3500 300,3000 -3750,-2225 10000,10000 2666,4000 0
row.4424 minecraft:ice_spikes -10000,-4500 -10000,-3500 3000,10000 -3750,-2225 0,0 2666,4000 0
row.4425 minecraft:ice_spikes -10000,-4500 -10000,-3500 3000,10000 -3750,-2225 10000,10000 2666,4000 0
row.4426 minecraft:ice_spikes -10000,-4500 -10000,-3500 -1900,300 -2225,500 0,0 2666,4000 0
row.4427 minecraft:ice_spikes -10000,-4500 -10000,-3500 -1900,300 -2225,500 10000,10000 2666,4000 0
row.4428 minecraft:ice_spikes -10000,-4500 -10000,-3500 300,10000 -2225,500 0,0 2666,4000 0
row.4429 minecraft:ice_spikes -10000,-4500 -10000,-3500 300,10000 -2225,500 10000,10000 2666,4000 0
row.4430 minecraft:ice_spikes -10000,-4500 -10000,-3500 -1900,10000 500,4500 0,0 2666,4000 0
row.4431 minecraft:ice_spikes -10000,-4500 -10000,-3500 -1900,10000 500,4500 10000,10000 2666,4000 0
row.4432 minecraft:ice_spikes -10000,-4500 -10000,-3500 -1900,-1100 4500,5500 0,0 2666,4000 0
row.4433 minecraft:ice_spikes -10000,-4500 -10000,-3500 -1900,-1100 4500,5500 10000,10000 2666,4000 0
row.4434 minecraft:ice_spikes -10000,-4500 -10000,-3500 -1100,300 4500,5500 0,0 2666,4000 0
row.4435 minecraft:ice_spikes -10000,-4500 -10000,-3500 -1100,300 4500,5500 10000,10000 2666,4000 0
row.4436 minecraft:windswept_gravelly_hills -10000,-4500 -10000,-3500 300,10000 4500,5500 0,0 2666,4000 0
row.4437 minecraft:windswept_gravelly_hills -10000,-4500 -10000,-3500 300,10000 4500,5500 10000,10000 2666,4000 0
row.4438 minecraft:ice_spikes -10000,-4500 -10000,-3500 -1900,-1100 5500,10000 0,0 2666,4000 0
row.4439 minecraft:ice_spikes -10000,-4500 -10000,-3500 -1900,-1100 5500,10000 10000,10000 2666,4000 0
row.4440 minecraft:ice_spikes -10000,-4500 -10000,-3500 -1100,10000 5500,10000 0,0 2666,4000 0
row.4441 minecraft:ice_spikes -10000,-4500 -10000,-3500 -1100,10000 5500,10000 10000,10000 2666,4000 0
row.4442 minecraft:snowy_slopes -10000,-4500 -3500,-1000 -1100,10000 -10000,-7799 0,0 2666,4000 0
row.4443 minecraft:snowy_slopes -10000,-4500 -3500,-1000 -1100,10000 -10000,-7799 10000,10000 2666,4000 0
row.4444 minecraft:snowy_slopes -10000,-4500 -3500,-1000 -1100,3000 -7799,-3750 0,0 2666,4000 0
row.4445 minecraft:snowy_slopes -10000,-4500 -3500,-1000 -1100,3000 -7799,-3750 10000,10000 2666,4000 0
row.4446 minecraft:snowy_slopes -10000,-4500 -3500,-1000 3000,10000 -7799,-3750 0,0 2666,4000 0
row.4447 minecraft:snowy_slopes -10000,-4500 -3500,-1000 3000,10000 -7799,-3750 10000,10000 2666,4000 0
row.4448 minecraft:snowy_plains -10000,-4500 -3500,-1000 -1100,300 -3750,-2225 0,0 2666,4000 0
row.4449 minecraft:snowy_plains -10000,-4500 -3500,-1000 -1100,300 -3750,-2225 10000,10000 2666,4000 0
row.4450 minecraft:snowy_plains -10000,-4500 -3500,-1000 300,3000 -3750,-2225 0,0 2666,4000 0
row.4451 minecraft:snowy_plains -10000,-4500 -3500,-1000 300,3000 -3750,-2225 10000,10000 2666,4000 0
row.4452 minecraft:snowy_plains -10000,-4500 -3500,-1000 3000,10000 -3750,-2225 0,0 2666,4000 0
row.4453 minecraft:snowy_plains -10000,-4500 -3500,-1000 3000,10000 -3750,-2225 10000,10000 2666,4000 0
row.4454 minecraft:snowy_plains -10000,-4500 -3500,-1000 -1900,300 -2225,500 0,0 2666,4000 0
row.4455 minecraft:snowy_plains -10000,-4500 -3500,-1000 -1900,300 -2225,500 10000,10000 2666,4000 0
row.4456 minecraft:snowy_plains -10000,-4500 -3500,-1000 300,10000 -2225,500 0,0 2666,4000 0
row.4457 minecraft:snowy_plains -10000,-4500 -3500,-1000 300,10000 -2225,500 10000,10000 2666,4000 0
row.4458 minecraft:snowy_plains -10000,-4500 -3500,-1000 -1900,10000 500,4500 0,0 2666,4000 0
row.4459 minecraft:snowy_plains -10000,-4500 -3500,-1000 -1900,10000 500,4500 10000,10000 2666,4000 0
row.4460 minecraft:snowy_plains -10000,-4500 -3500,-1000 -1900,-1100 4500,5500 0,0 2666,4000 0
row.4461 minecraft:snowy_plains -10000,-4500 -3500,-1000 -1900,-1100 4500,5500 10000,10000 2666,4000 0
row.4462 minecraft:snowy_plains -10000,-4500 -3500,-1000 -1100,300 4500,5500 0,0 2666,4000 0
row.4463 minecraft:snowy_plains -10000,-4500 -3500,-1000 -1100,300 4500,5500 10000,10000 2666,4000 0
row.4464 minecraft:windswept_gravelly_hills -10000,-4500 -3500,-1000 300,10000 4500,5500 0,0 2666,4000 0
row.4465 minecraft:windswept_gravelly_hills -10000,-4500 -3500,-1000 300,10000 4500,5500 10000,10000 2666,4000 0
row.4466 minecraft:snowy_plains -10000,-4500 -3500,-1000 -1900,-1100 5500,10000 0,0 2666,4000 0
row.4467 minecraft:snowy_plains -10000,-4500 -3500,-1000 -1900,-1100 5500,10000 10000,10000 2666,4000 0
row.4468 minecraft:snowy_plains -10000,-4500 -3500,-1000 -1100,10000 5500,10000 0,0 2666,4000 0
row.4469 minecraft:snowy_plains -10000,-4500 -3500,-1000 -1100,10000 5500,10000 10000,10000 2666,4000 0
row.4470 minecraft:grove -10000,-4500 -1000,1000 -1100,10000 -10000,-7799 0,0 2666,4000 0
row.4471 minecraft:grove -10000,-4500 -1000,1000 -1100,10000 -10000,-7799 10000,10000 2666,4000 0
row.4472 minecraft:grove -10000,-4500 -1000,1000 -1100,3000 -7799,-3750 0,0 2666,4000 0
row.4473 minecraft:grove -10000,-4500 -1000,1000 -1100,3000 -7799,-3750 10000,10000 2666,4000 0
row.4474 minecraft:grove -10000,-4500 -1000,1000 3000,10000 -7799,-3750 0,0 2666,4000 0
row.4475 minecraft:grove -10000,-4500 -1000,1000 3000,10000 -7799,-3750 10000,10000 2666,4000 0
row.4476 minecraft:snowy_taiga -10000,-4500 -1000,1000 -1100,300 -3750,-2225 0,0 2666,4000 0
row.4477 minecraft:snowy_taiga -10000,-4500 -1000,1000 -1100,300 -3750,-2225 10000,10000 2666,4000 0
row.4478 minecraft:snowy_taiga -10000,-4500 -1000,1000 300,3000 -3750,-2225 0,0 2666,4000 0
row.4479 minecraft:snowy_taiga -10000,-4500 -1000,1000 300,3000 -3750,-2225 10000,10000 2666,4000 0
row.4480 minecraft:snowy_plains -10000,-4500 -1000,1000 3000,10000 -3750,-2225 0,0 2666,4000 0
row.4481 minecraft:snowy_plains -10000,-4500 -1000,1000 3000,10000 -3750,-2225 10000,10000 2666,4000 0
row.4482 minecraft:snowy_taiga -10000,-4500 -1000,1000 -1900,300 -2225,500 0,0 2666,4000 0
row.4483 minecraft:snowy_taiga -10000,-4500 -1000,1000 -1900,300 -2225,500 10000,10000 2666,4000 0
row.4484 minecraft:snowy_taiga -10000,-4500 -1000,1000 300,10000 -2225,500 0,0 2666,4000 0
row.4485 minecraft:snowy_taiga -10000,-4500 -1000,1000 300,10000 -2225,500 10000,10000 2666,4000 0
row.4486 minecraft:snowy_taiga -10000,-4500 -1000,1000 -1900,10000 500,4500 0,0 2666,4000 0
row.4487 minecraft:snowy_taiga -10000,-4500 -1000,1000 -1900,10000 500,4500 10000,10000 2666,4000 0
row.4488 minecraft:snowy_taiga -10000,-4500 -1000,1000 -1900,-1100 4500,5500 0,0 2666,4000 0
row.4489 minecraft:snowy_taiga -10000,-4500 -1000,1000 -1900,-1100 4500,5500 10000,10000 2666,4000 0
row.4490 minecraft:snowy_taiga -10000,-4500 -1000,1000 -1100,300 4500,5500 0,0 2666,4000 0
row.4491 minecraft:snowy_taiga -10000,-4500 -1000,1000 -1100,300 4500,5500 10000,10000 2666,4000 0
row.4492 minecraft:windswept_hills -10000,-4500 -1000,1000 300,10000 4500,5500 0,0 2666,4000 0
row.4493 minecraft:windswept_hills -10000,-4500 -1000,1000 300,10000 4500,5500 10000,10000 2666,4000 0
row.4494 minecraft:snowy_taiga -10000,-4500 -1000,1000 -1900,-1100 5500,10000 0,0 2666,4000 0
row.4495 minecraft:snowy_taiga -10000,-4500 -1000,1000 -1900,-1100 5500,10000 10000,10000 2666,4000 0
row.4496 minecraft:snowy_taiga -10000,-4500 -1000,1000 -1100,10000 5500,10000 0,0 2666,4000 0
row.4497 minecraft:snowy_taiga -10000,-4500 -1000,1000 -1100,10000 5500,10000 10000,10000 2666,4000 0
row.4498 minecraft:grove -10000,-4500 1000,3000 -1100,10000 -10000,-7799 0,0 2666,4000 0
row.4499 minecraft:grove -10000,-4500 1000,3000 -1100,10000 -10000,-7799 10000,10000 2666,4000 0
row.4500 minecraft:grove -10000,-4500 1000,3000 -1100,3000 -7799,-3750 0,0 2666,4000 0
row.4501 minecraft:grove -10000,-4500 1000,3000 -1100,3000 -7799,-3750 10000,10000 2666,4000 0
row.4502 minecraft:grove -10000,-4500 1000,3000 3000,10000 -7799,-3750 0,0 2666,4000 0
row.4503 minecraft:grove -10000,-4500 1000,3000 3000,10000 -7799,-3750 10000,10000 2666,4000 0
row.4504 minecraft:snowy_taiga -10000,-4500 1000,3000 -1100,300 -3750,-2225 0,0 2666,4000 0
row.4505 minecraft:snowy_taiga -10000,-4500 1000,3000 -1100,300 -3750,-2225 10000,10000 2666,4000 0
row.4506 minecraft:snowy_taiga -10000,-4500 1000,3000 300,3000 -3750,-2225 0,0 2666,4000 0
row.4507 minecraft:snowy_taiga -10000,-4500 1000,3000 300,3000 -3750,-2225 10000,10000 2666,4000 0
row.4508 minecraft:snowy_taiga -10000,-4500 1000,3000 3000,10000 -3750,-2225 0,0 2666,4000 0
row.4509 minecraft:snowy_taiga -10000,-4500 1000,3000 3000,10000 -3750,-2225 10000,10000 2666,4000 0
row.4510 minecraft:snowy_taiga -10000,-4500 1000,3000 -1900,300 -2225,500 0,0 2666,4000 0
row.4511 minecraft:snowy_taiga -10000,-4500 1000,3000 -1900,300 -2225,500 10000,10000 2666,4000 0
row.4512 minecraft:snowy_taiga -10000,-4500 1000,3000 300,10000 -2225,500 0,0 2666,4000 0
row.4513 minecraft:snowy_taiga -10000,-4500 1000,3000 300,10000 -2225,500 10000,10000 2666,4000 0
row.4514 minecraft:snowy_taiga -10000,-4500 1000,3000 -1900,10000 500,4500 0,0 2666,4000 0
row.4515 minecraft:snowy_taiga -10000,-4500 1000,3000 -1900,10000 500,4500 10000,10000 2666,4000 0
row.4516 minecraft:snowy_taiga -10000,-4500 1000,3000 -1900,-1100 4500,5500 0,0 2666,4000 0
row.4517 minecraft:snowy_taiga -10000,-4500 1000,3000 -1900,-1100 4500,5500 10000,10000 2666,4000 0
row.4518 minecraft:snowy_taiga -10000,-4500 1000,3000 -1100,300 4500,5500 0,0 2666,4000 0
row.4519 minecraft:snowy_taiga -10000,-4500 1000,3000 -1100,300 4500,5500 10000,10000 2666,4000 0
row.4520 minecraft:windswept_forest -10000,-4500 1000,3000 300,10000 4500,5500 0,0 2666,4000 0
row.4521 minecraft:windswept_forest -10000,-4500 1000,3000 300,10000 4500,5500 10000,10000 2666,4000 0
row.4522 minecraft:snowy_taiga -10000,-4500 1000,3000 -1900,-1100 5500,10000 0,0 2666,4000 0
row.4523 minecraft:snowy_taiga -10000,-4500 1000,3000 -1900,-1100 5500,10000 10000,10000 2666,4000 0
row.4524 minecraft:snowy_taiga -10000,-4500 1000,3000 -1100,10000 5500,10000 0,0 2666,4000 0
row.4525 minecraft:snowy_taiga -10000,-4500 1000,3000 -1100,10000 5500,10000 10000,10000 2666,4000 0
row.4526 minecraft:grove -10000,-4500 3000,10000 -1100,10000 -10000,-7799 0,0 2666,4000 0
row.4527 minecraft:grove -10000,-4500 3000,10000 -1100,10000 -10000,-7799 10000,10000 2666,4000 0
row.4528 minecraft:grove -10000,-4500 3000,10000 -1100,3000 -7799,-3750 0,0 2666,4000 0
row.4529 minecraft:grove -10000,-4500 3000,10000 -1100,3000 -7799,-3750 10000,10000 2666,4000 0
row.4530 minecraft:grove -10000,-4500 3000,10000 3000,10000 -7799,-3750 0,0 2666,4000 0
row.4531 minecraft:grove -10000,-4500 3000,10000 3000,10000 -7799,-3750 10000,10000 2666,4000 0
row.4532 minecraft:taiga -10000,-4500 3000,10000 -1100,300 -3750,-2225 0,0 2666,4000 0
row.4533 minecraft:taiga -10000,-4500 3000,10000 -1100,300 -3750,-2225 10000,10000 2666,4000 0
row.4534 minecraft:taiga -10000,-4500 3000,10000 300,3000 -3750,-2225 0,0 2666,4000 0
row.4535 minecraft:taiga -10000,-4500 3000,10000 300,3000 -3750,-2225 10000,10000 2666,4000 0
row.4536 minecraft:snowy_taiga -10000,-4500 3000,10000 3000,10000 -3750,-2225 0,0 2666,4000 0
row.4537 minecraft:snowy_taiga -10000,-4500 3000,10000 3000,10000 -3750,-2225 10000,10000 2666,4000 0
row.4538 minecraft:taiga -10000,-4500 3000,10000 -1900,300 -2225,500 0,0 2666,4000 0
row.4539 minecraft:taiga -10000,-4500 3000,10000 -1900,300 -2225,500 10000,10000 2666,4000 0
row.4540 minecraft:taiga -10000,-4500 3000,10000 300,10000 -2225,500 0,0 2666,4000 0
row.4541 minecraft:taiga -10000,-4500 3000,10000 300,10000 -2225,500 10000,10000 2666,4000 0
row.4542 minecraft:taiga -10000,-4500 3000,10000 -1900,10000 500,4500 0,0 2666,4000 0
row.4543 minecraft:taiga -10000,-4500 3000,10000 -1900,10000 500,4500 10000,10000 2666,4000 0
row.4544 minecraft:taiga -10000,-4500 3000,10000 -1900,-1100 4500,5500 0,0 2666,4000 0
row.4545 minecraft:taiga -10000,-4500 3000,10000 -1900,-1100 4500,5500 10000,10000 2666,4000 0
row.4546 minecraft:taiga -10000,-4500 3000,10000 -1100,300 4500,5500 0,0 2666,4000 0
row.4547 minecraft:taiga -10000,-4500 3000,10000 -1100,300 4500,5500 10000,10000 2666,4000 0
row.4548 minecraft:windswept_forest -10000,-4500 3000,10000 300,10000 4500,5500 0,0 2666,4000 0
row.4549 minecraft:windswept_forest -10000,-4500 3000,10000 300,10000 4500,5500 10000,10000 2666,4000 0
row.4550 minecraft:taiga -10000,-4500 3000,10000 -1900,-1100 5500,10000 0,0 2666,4000 0
row.4551 minecraft:taiga -10000,-4500 3000,10000 -1900,-1100 5500,10000 10000,10000 2666,4000 0
row.4552 minecraft:taiga -10000,-4500 3000,10000 -1100,10000 5500,10000 0,0 2666,4000 0
row.4553 minecraft:taiga -10000,-4500 3000,10000 -1100,10000 5500,10000 10000,10000 2666,4000 0
row.4554 minecraft:snowy_slopes -4500,-1500 -10000,-3500 -1100,10000 -10000,-7799 0,0 2666,4000 0
row.4555 minecraft:snowy_slopes -4500,-1500 -10000,-3500 -1100,10000 -10000,-7799 10000,10000 2666,4000 0
row.4556 minecraft:plains -4500,-1500 -10000,-3500 -1100,3000 -7799,-3750 0,0 2666,4000 0
row.4557 minecraft:plains -4500,-1500 -10000,-3500 -1100,3000 -7799,-3750 10000,10000 2666,4000 0
row.4558 minecraft:cherry_grove -4500,-1500 -10000,-3500 3000,10000 -7799,-3750 0,0 2666,4000 0
row.4559 minecraft:cherry_grove -4500,-1500 -10000,-3500 3000,10000 -7799,-3750 10000,10000 2666,4000 0
row.4560 minecraft:plains -4500,-1500 -10000,-3500 -1100,300 -3750,-2225 0,0 2666,4000 0
row.4561 minecraft:plains -4500,-1500 -10000,-3500 -1100,300 -3750,-2225 10000,10000 2666,4000 0
row.4562 minecraft:plains -4500,-1500 -10000,-3500 300,3000 -3750,-2225 0,0 2666,4000 0
row.4563 minecraft:plains -4500,-1500 -10000,-3500 300,3000 -3750,-2225 10000,10000 2666,4000 0
row.4564 minecraft:cherry_grove -4500,-1500 -10000,-3500 3000,10000 -3750,-2225 0,0 2666,4000 0
row.4565 minecraft:cherry_grove -4500,-1500 -10000,-3500 3000,10000 -3750,-2225 10000,10000 2666,4000 0
row.4566 minecraft:plains -4500,-1500 -10000,-3500 -1900,300 -2225,500 0,0 2666,4000 0
row.4567 minecraft:plains -4500,-1500 -10000,-3500 -1900,300 -2225,500 10000,10000 2666,4000 0
row.4568 minecraft:plains -4500,-1500 -10000,-3500 300,10000 -2225,500 0,0 2666,4000 0
row.4569 minecraft:plains -4500,-1500 -10000,-3500 300,10000 -2225,500 10000,10000 2666,4000 0
row.4570 minecraft:plains -4500,-1500 -10000,-3500 -1900,10000 500,4500 0,0 2666,4000 0
row.4571 minecraft:plains -4500,-1500 -10000,-3500 -1900,10000 500,4500 10000,10000 2666,4000 0
row.4572 minecraft:plains -4500,-1500 -10000,-3500 -1900,-1100 4500,5500 0,0 2666,4000 0
row.4573 minecraft:plains -4500,-1500 -10000,-3500 -1900,-1100 4500,5500 10000,10000 2666,4000 0
row.4574 minecraft:plains -4500,-1500 -10000,-3500 -1100,300 4500,5500 0,0 2666,4000 0
row.4575 minecraft:plains -4500,-1500 -10000,-3500 -1100,300 4500,5500 10000,10000 2666,4000 0
row.4576 minecraft:windswept_gravelly_hills -4500,-1500 -10000,-3500 300,10000 4500,5500 0,0 2666,4000 0
row.4577 minecraft:windswept_gravelly_hills -4500,-1500 -10000,-3500 300,10000 4500,5500 10000,10000 2666,4000 0
row.4578 minecraft:plains -4500,-1500 -10000,-3500 -1900,-1100 5500,10000 0,0 2666,4000 0
row.4579 minecraft:plains -4500,-1500 -10000,-3500 -1900,-1100 5500,10000 10000,10000 2666,4000 0
row.4580 minecraft:snowy_slopes -4500,-1500 -3500,-1000 -1100,10000 -10000,-7799 0,0 2666,4000 0
row.4581 minecraft:snowy_slopes -4500,-1500 -3500,-1000 -1100,10000 -10000,-7799 10000,10000 2666,4000 0
row.4582 minecraft:plains -4500,-1500 -3500,-1000 -1100,3000 -7799,-3750 0,0 2666,4000 0
row.4583 minecraft:plains -4500,-1500 -3500,-1000 -1100,3000 -7799,-3750 10000,10000 2666,4000 0
row.4584 minecraft:meadow -4500,-1500 -3500,-1000 3000,10000 -7799,-3750 0,0 2666,4000 0
row.4585 minecraft:meadow -4500,-1500 -3500,-1000 3000,10000 -7799,-3750 10000,10000 2666,4000 0
row.4586 minecraft:plains -4500,-1500 -3500,-1000 -1100,300 -3750,-2225 0,0 2666,4000 0
row.4587 minecraft:plains -4500,-1500 -3500,-1000 -1100,300 -3750,-2225 10000,10000 2666,4000 0
row.4588 minecraft:plains -4500,-1500 -3500,-1000 300,3000 -3750,-2225 0,0 2666,4000 0
row.4589 minecraft:plains -4500,-1500 -3500,-1000 300,3000 -3750,-2225 10000,10000 2666,4000 0
row.4590 minecraft:meadow -4500,-1500 -3500,-1000 3000,10000 -3750,-2225 0,0 2666,4000 0
row.4591 minecraft:meadow -4500,-1500 -3500,-1000 3000,10000 -3750,-2225 10000,10000 2666,4000 0
row.4592 minecraft:plains -4500,-1500 -3500,-1000 -1900,300 -2225,500 0,0 2666,4000 0
row.4593 minecraft:plains -4500,-1500 -3500,-1000 -1900,300 -2225,500 10000,10000 2666,4000 0
row.4594 minecraft:plains -4500,-1500 -3500,-1000 300,10000 -2225,500 0,0 2666,4000 0
row.4595 minecraft:plains -4500,-1500 -3500,-1000 300,10000 -2225,500 10000,10000 2666,4000 0
row.4596 minecraft:plains -4500,-1500 -3500,-1000 -1900,10000 500,4500 0,0 2666,4000 0
row.4597 minecraft:plains -4500,-1500 -3500,-1000 -1900,10000 500,4500 10000,10000 2666,4000 0
row.4598 minecraft:plains -4500,-1500 -3500,-1000 -1900,-1100 4500,5500 0,0 2666,4000 0
row.4599 minecraft:plains -4500,-1500 -3500,-1000 -1900,-1100 4500,5500 10000,10000 2666,4000 0
row.4600 minecraft:plains -4500,-1500 -3500,-1000 -1100,300 4500,5500 0,0 2666,4000 0
row.4601 minecraft:plains -4500,-1500 -3500,-1000 -1100,300 4500,5500 10000,10000 2666,4000 0
row.4602 minecraft:windswept_gravelly_hills -4500,-1500 -3500,-1000 300,10000 4500,5500 0,0 2666,4000 0
row.4603 minecraft:windswept_gravelly_hills -4500,-1500 -3500,-1000 300,10000 4500,5500 10000,10000 2666,4000 0
row.4604 minecraft:plains -4500,-1500 -3500,-1000 -1900,-1100 5500,10000 0,0 2666,4000 0
row.4605 minecraft:plains -4500,-1500 -3500,-1000 -1900,-1100 5500,10000 10000,10000 2666,4000 0
row.4606 minecraft:grove -4500,-1500 -1000,1000 -1100,10000 -10000,-7799 0,0 2666,4000 0
row.4607 minecraft:grove -4500,-1500 -1000,1000 -1100,10000 -10000,-7799 10000,10000 2666,4000 0
row.4608 minecraft:forest -4500,-1500 -1000,1000 -1100,3000 -7799,-3750 0,0 2666,4000 0
row.4609 minecraft:forest -4500,-1500 -1000,1000 -1100,3000 -7799,-3750 10000,10000 2666,4000 0
row.4610 minecraft:meadow -4500,-1500 -1000,1000 3000,10000 -7799,-3750 0,0 2666,4000 0
row.4611 minecraft:meadow -4500,-1500 -1000,1000 3000,10000 -7799,-3750 10000,10000 2666,4000 0
row.4612 minecraft:forest -4500,-1500 -1000,1000 -1100,300 -3750,-2225 0,0 2666,4000 0
row.4613 minecraft:forest -4500,-1500 -1000,1000 -1100,300 -3750,-2225 10000,10000 2666,4000 0
row.4614 minecraft:forest -4500,-1500 -1000,1000 300,3000 -3750,-2225 0,0 2666,4000 0
row.4615 minecraft:forest -4500,-1500 -1000,1000 300,3000 -3750,-2225 10000,10000 2666,4000 0
row.4616 minecraft:meadow -4500,-1500 -1000,1000 3000,10000 -3750,-2225 0,0 2666,4000 0
row.4617 minecraft:meadow -4500,-1500 -1000,1000 3000,10000 -3750,-2225 10000,10000 2666,4000 0
row.4618 minecraft:forest -4500,-1500 -1000,1000 -1900,300 -2225,500 0,0 2666,4000 0
row.4619 minecraft:forest -4500,-1500 -1000,1000 -1900,300 -2225,500 10000,10000 2666,4000 0
row.4620 minecraft:forest -4500,-1500 -1000,1000 300,10000 -2225,500 0,0 2666,4000 0
row.4621 minecraft:forest -4500,-1500 -1000,1000 300,10000 -2225,500 10000,10000 2666,4000 0
row.4622 minecraft:forest -4500,-1500 -1000,1000 -1900,10000 500,4500 0,0 2666,4000 0
row.4623 minecraft:forest -4500,-1500 -1000,1000 -1900,10000 500,4500 10000,10000 2666,4000 0
row.4624 minecraft:forest -4500,-1500 -1000,1000 -1900,-1100 4500,5500 0,0 2666,4000 0
row.4625 minecraft:forest -4500,-1500 -1000,1000 -1900,-1100 4500,5500 10000,10000 2666,4000 0
row.4626 minecraft:forest -4500,-1500 -1000,1000 -1100,300 4500,5500 0,0 2666,4000 0
row.4627 minecraft:forest -4500,-1500 -1000,1000 -1100,300 4500,5500 10000,10000 2666,4000 0
row.4628 minecraft:windswept_hills -4500,-1500 -1000,1000 300,10000 4500,5500 0,0 2666,4000 0
row.4629 minecraft:windswept_hills -4500,-1500 -1000,1000 300,10000 4500,5500 10000,10000 2666,4000 0
row.4630 minecraft:forest -4500,-1500 -1000,1000 -1900,-1100 5500,10000 0,0 2666,4000 0
row.4631 minecraft:forest -4500,-1500 -1000,1000 -1900,-1100 5500,10000 10000,10000 2666,4000 0
row.4632 minecraft:grove -4500,-1500 1000,3000 -1100,10000 -10000,-7799 0,0 2666,4000 0
row.4633 minecraft:grove -4500,-1500 1000,3000 -1100,10000 -10000,-7799 10000,10000 2666,4000 0
row.4634 minecraft:taiga -4500,-1500 1000,3000 -1100,3000 -7799,-3750 0,0 2666,4000 0
row.4635 minecraft:taiga -4500,-1500 1000,3000 -1100,3000 -7799,-3750 10000,10000 2666,4000 0
row.4636 minecraft:meadow -4500,-1500 1000,3000 3000,10000 -7799,-3750 0,0 2666,4000 0
row.4637 minecraft:meadow -4500,-1500 1000,3000 3000,10000 -7799,-3750 10000,10000 2666,4000 0
row.4638 minecraft:taiga -4500,-1500 1000,3000 -1100,300 -3750,-2225 0,0 2666,4000 0
row.4639 minecraft:taiga -4500,-1500 1000,3000 -1100,300 -3750,-2225 10000,10000 2666,4000 0
row.4640 minecraft:taiga -4500,-1500 1000,3000 300,3000 -3750,-2225 0,0 2666,4000 0
row.4641 minecraft:taiga -4500,-1500 1000,3000 300,3000 -3750,-2225 10000,10000 2666,4000 0
row.4642 minecraft:meadow -4500,-1500 1000,3000 3000,10000 -3750,-2225 0,0 2666,4000 0
row.4643 minecraft:meadow -4500,-1500 1000,3000 3000,10000 -3750,-2225 10000,10000 2666,4000 0
row.4644 minecraft:taiga -4500,-1500 1000,3000 -1900,300 -2225,500 0,0 2666,4000 0
row.4645 minecraft:taiga -4500,-1500 1000,3000 -1900,300 -2225,500 10000,10000 2666,4000 0
row.4646 minecraft:taiga -4500,-1500 1000,3000 300,10000 -2225,500 0,0 2666,4000 0
row.4647 minecraft:taiga -4500,-1500 1000,3000 300,10000 -2225,500 10000,10000 2666,4000 0
row.4648 minecraft:taiga -4500,-1500 1000,3000 -1900,10000 500,4500 0,0 2666,4000 0
row.4649 minecraft:taiga -4500,-1500 1000,3000 -1900,10000 500,4500 10000,10000 2666,4000 0
row.4650 minecraft:taiga -4500,-1500 1000,3000 -1900,-1100 4500,5500 0,0 2666,4000 0
row.4651 minecraft:taiga -4500,-1500 1000,3000 -1900,-1100 4500,5500 10000,10000 2666,4000 0
row.4652 minecraft:taiga -4500,-1500 1000,3000 -1100,300 4500,5500 0,0 2666,4000 0
row.4653 minecraft:taiga -4500,-1500 1000,3000 -1100,300 4500,5500 10000,10000 2666,4000 0
row.4654 minecraft:windswept_forest -4500,-1500 1000,3000 300,10000 4500,5500 0,0 2666,4000 0
row.4655 minecraft:windswept_forest -4500,-1500 1000,3000 300,10000 4500,5500 10000,10000 2666,4000 0
row.4656 minecraft:taiga -4500,-1500 1000,3000 -1900,-1100 5500,10000 0,0 2666,4000 0
row.4657 minecraft:taiga -4500,-1500 1000,3000 -1900,-1100 5500,10000 10000,10000 2666,4000 0
row.4658 minecraft:grove -4500,-1500 3000,10000 -1100,10000 -10000,-7799 0,0 2666,4000 0
row.4659 minecraft:grove -4500,-1500 3000,10000 -1100,10000 -10000,-7799 10000,10000 2666,4000 0
row.4660 minecraft:old_growth_pine_taiga -4500,-1500 3000,10000 -1100,3000 -7799,-3750 0,0 2666,4000 0
row.4661 minecraft:old_growth_pine_taiga -4500,-1500 3000,10000 -1100,3000 -7799,-3750 10000,10000 2666,4000 0
row.4662 minecraft:old_growth_pine_taiga -4500,-1500 3000,10000 3000,10000 -7799,-3750 0,0 2666,4000 0
row.4663 minecraft:old_growth_pine_taiga -4500,-1500 3000,10000 3000,10000 -7799,-3750 10000,10000 2666,4000 0
row.4664 minecraft:old_growth_pine_taiga -4500,-1500 3000,10000 -1100,300 -3750,-2225 0,0 2666,4000 0
row.4665 minecraft:old_growth_pine_taiga -4500,-1500 3000,10000 -1100,300 -3750,-2225 10000,10000 2666,4000 0
row.4666 minecraft:old_growth_pine_taiga -4500,-1500 3000,10000 300,3000 -3750,-2225 0,0 2666,4000 0
row.4667 minecraft:old_growth_pine_taiga -4500,-1500 3000,10000 300,3000 -3750,-2225 10000,10000 2666,4000 0
row.4668 minecraft:old_growth_pine_taiga -4500,-1500 3000,10000 3000,10000 -3750,-2225 0,0 2666,4000 0
row.4669 minecraft:old_growth_pine_taiga -4500,-1500 3000,10000 3000,10000 -3750,-2225 10000,10000 2666,4000 0
row.4670 minecraft:old_growth_pine_taiga -4500,-1500 3000,10000 -1900,300 -2225,500 0,0 2666,4000 0
row.4671 minecraft:old_growth_pine_taiga -4500,-1500 3000,10000 -1900,300 -2225,500 10000,10000 2666,4000 0
row.4672 minecraft:old_growth_pine_taiga -4500,-1500 3000,10000 300,10000 -2225,500 0,0 2666,4000 0
row.4673 minecraft:old_growth_pine_taiga -4500,-1500 3000,10000 300,10000 -2225,500 10000,10000 2666,4000 0
row.4674 minecraft:old_growth_pine_taiga -4500,-1500 3000,10000 -1900,10000 500,4500 0,0 2666,4000 0
row.4675 minecraft:old_growth_pine_taiga -4500,-1500 3000,10000 -1900,10000 500,4500 10000,10000 2666,4000 0
row.4676 minecraft:old_growth_pine_taiga -4500,-1500 3000,10000 -1900,-1100 4500,5500 0,0 2666,4000 0
row.4677 minecraft:old_growth_pine_taiga -4500,-1500 3000,10000 -1900,-1100 4500,5500 10000,10000 2666,4000 0
row.4678 minecraft:old_growth_pine_taiga -4500,-1500 3000,10000 -1100,300 4500,5500 0,0 2666,4000 0
row.4679 minecraft:old_growth_pine_taiga -4500,-1500 3000,10000 -1100,300 4500,5500 10000,10000 2666,4000 0
row.4680 minecraft:windswept_forest -4500,-1500 3000,10000 300,10000 4500,5500 0,0 2666,4000 0
row.4681 minecraft:windswept_forest -4500,-1500 3000,10000 300,10000 4500,5500 10000,10000 2666,4000 0
row.4682 minecraft:old_growth_pine_taiga -4500,-1500 3000,10000 -1900,-1100 5500,10000 0,0 2666,4000 0
row.4683 minecraft:old_growth_pine_taiga -4500,-1500 3000,10000 -1900,-1100 5500,10000 10000,10000 2666,4000 0
row.4684 minecraft:snowy_slopes -1500,2000 -10000,-3500 -1100,10000 -10000,-7799 0,0 2666,4000 0
row.4685 minecraft:snowy_slopes -1500,2000 -10000,-3500 -1100,10000 -10000,-7799 10000,10000 2666,4000 0
row.4686 minecraft:sunflower_plains -1500,2000 -10000,-3500 -1100,3000 -7799,-3750 0,0 2666,4000 0
row.4687 minecraft:sunflower_plains -1500,2000 -10000,-3500 -1100,3000 -7799,-3750 10000,10000 2666,4000 0
row.4688 minecraft:cherry_grove -1500,2000 -10000,-3500 3000,10000 -7799,-3750 0,0 2666,4000 0
row.4689 minecraft:cherry_grove -1500,2000 -10000,-3500 3000,10000 -7799,-3750 10000,10000 2666,4000 0
row.4690 minecraft:sunflower_plains -1500,2000 -10000,-3500 -1100,300 -3750,-2225 0,0 2666,4000 0
row.4691 minecraft:sunflower_plains -1500,2000 -10000,-3500 -1100,300 -3750,-2225 10000,10000 2666,4000 0
row.4692 minecraft:sunflower_plains -1500,2000 -10000,-3500 300,3000 -3750,-2225 0,0 2666,4000 0
row.4693 minecraft:sunflower_plains -1500,2000 -10000,-3500 300,3000 -3750,-2225 10000,10000 2666,4000 0
row.4694 minecraft:cherry_grove -1500,2000 -10000,-3500 3000,10000 -3750,-2225 0,0 2666,4000 0
row.4695 minecraft:cherry_grove -1500,2000 -10000,-3500 3000,10000 -3750,-2225 10000,10000 2666,4000 0
row.4696 minecraft:sunflower_plains -1500,2000 -10000,-3500 -1900,300 -2225,500 0,0 2666,4000 0
row.4697 minecraft:sunflower_plains -1500,2000 -10000,-3500 -1900,300 -2225,500 10000,10000 2666,4000 0
row.4698 minecraft:sunflower_plains -1500,2000 -10000,-3500 300,10000 -2225,500 0,0 2666,4000 0
row.4699 minecraft:sunflower_plains -1500,2000 -10000,-3500 300,10000 -2225,500 10000,10000 2666,4000 0
row.4700 minecraft:sunflower_plains -1500,2000 -10000,-3500 -1900,10000 500,4500 0,0 2666,4000 0
row.4701 minecraft:sunflower_plains -1500,2000 -10000,-3500 -1900,10000 500,4500 10000,10000 2666,4000 0
row.4702 minecraft:windswept_savanna -1500,2000 -10000,-3500 -1900,-1100 4500,5500 0,0 2666,4000 0
row.4703 minecraft:windswept_savanna -1500,2000 -10000,-3500 -1900,-1100 4500,5500 10000,10000 2666,4000 0
row.4704 minecraft:windswept_savanna -1500,2000 -10000,-3500 -1100,300 4500,5500 0,0 2666,4000 0
row.4705 minecraft:windswept_savanna -1500,2000 -10000,-3500 -1100,300 4500,5500 10000,10000 2666,4000 0
row.4706 minecraft:windswept_hills -1500,2000 -10000,-3500 300,10000 4500,5500 0,0 2666,4000 0
row.4707 minecraft:windswept_hills -1500,2000 -10000,-3500 300,10000 4500,5500 10000,10000 2666,4000 0
row.4708 minecraft:sunflower_plains -1500,2000 -10000,-3500 -1900,-1100 5500,10000 0,0 2666,4000 0
row.4709 minecraft:sunflower_plains -1500,2000 -10000,-3500 -1900,-1100 5500,10000 10000,10000 2666,4000 0
row.4710 minecraft:snowy_slopes -1500,2000 -3500,-1000 -1100,10000 -10000,-7799 0,0 2666,4000 0
row.4711 minecraft:snowy_slopes -1500,2000 -3500,-1000 -1100,10000 -10000,-7799 10000,10000 2666,4000 0
row.4712 minecraft:plains -1500,2000 -3500,-1000 -1100,3000 -7799,-3750 0,0 2666,4000 0
row.4713 minecraft:plains -1500,2000 -3500,-1000 -1100,3000 -7799,-3750 10000,10000 2666,4000 0
row.4714 minecraft:cherry_grove -1500,2000 -3500,-1000 3000,10000 -7799,-3750 0,0 2666,4000 0
row.4715 minecraft:cherry_grove -1500,2000 -3500,-1000 3000,10000 -7799,-3750 10000,10000 2666,4000 0
row.4716 minecraft:plains -1500,2000 -3500,-1000 -1100,300 -3750,-2225 0,0 2666,4000 0
row.4717 minecraft:plains -1500,2000 -3500,-1000 -1100,300 -3750,-2225 10000,10000 2666,4000 0
row.4718 minecraft:plains -1500,2000 -3500,-1000 300,3000 -3750,-2225 0,0 2666,4000 0
row.4719 minecraft:plains -1500,2000 -3500,-1000 300,3000 -3750,-2225 10000,10000 2666,4000 0
row.4720 minecraft:cherry_grove -1500,2000 -3500,-1000 3000,10000 -3750,-2225 0,0 2666,4000 0
row.4721 minecraft:cherry_grove -1500,2000 -3500,-1000 3000,10000 -3750,-2225 10000,10000 2666,4000 0
row.4722 minecraft:plains -1500,2000 -3500,-1000 -1900,300 -2225,500 0,0 2666,4000 0
row.4723 minecraft:plains -1500,2000 -3500,-1000 -1900,300 -2225,500 10000,10000 2666,4000 0
row.4724 minecraft:plains -1500,2000 -3500,-1000 300,10000 -2225,500 0,0 2666,4000 0
row.4725 minecraft:plains -1500,2000 -3500,-1000 300,10000 -2225,500 10000,10000 2666,4000 0
row.4726 minecraft:plains -1500,2000 -3500,-1000 -1900,10000 500,4500 0,0 2666,4000 0
row.4727 minecraft:plains -1500,2000 -3500,-1000 -1900,10000 500,4500 10000,10000 2666,4000 0
row.4728 minecraft:windswept_savanna -1500,2000 -3500,-1000 -1900,-1100 4500,5500 0,0 2666,4000 0
row.4729 minecraft:windswept_savanna -1500,2000 -3500,-1000 -1900,-1100 4500,5500 10000,10000 2666,4000 0
row.4730 minecraft:windswept_savanna -1500,2000 -3500,-1000 -1100,300 4500,5500 0,0 2666,4000 0
row.4731 minecraft:windswept_savanna -1500,2000 -3500,-1000 -1100,300 4500,5500 10000,10000 2666,4000 0
row.4732 minecraft:windswept_hills -1500,2000 -3500,-1000 300,10000 4500,5500 0,0 2666,4000 0
row.4733 minecraft:windswept_hills -1500,2000 -3500,-1000 300,10000 4500,5500 10000,10000 2666,4000 0
row.4734 minecraft:plains -1500,2000 -3500,-1000 -1900,-1100 5500,10000 0,0 2666,4000 0
row.4735 minecraft:plains -1500,2000 -3500,-1000 -1900,-1100 5500,10000 10000,10000 2666,4000 0
row.4736 minecraft:grove -1500,2000 -1000,1000 -1100,10000 -10000,-7799 0,0 2666,4000 0
row.4737 minecraft:grove -1500,2000 -1000,1000 -1100,10000 -10000,-7799 10000,10000 2666,4000 0
row.4738 minecraft:forest -1500,2000 -1000,1000 -1100,3000 -7799,-3750 0,0 2666,4000 0
row.4739 minecraft:forest -1500,2000 -1000,1000 -1100,3000 -7799,-3750 10000,10000 2666,4000 0
row.4740 minecraft:forest -1500,2000 -1000,1000 3000,10000 -7799,-3750 0,0 2666,4000 0
row.4741 minecraft:forest -1500,2000 -1000,1000 3000,10000 -7799,-3750 10000,10000 2666,4000 0
row.4742 minecraft:forest -1500,2000 -1000,1000 -1100,300 -3750,-2225 0,0 2666,4000 0
row.4743 minecraft:forest -1500,2000 -1000,1000 -1100,300 -3750,-2225 10000,10000 2666,4000 0
row.4744 minecraft:forest -1500,2000 -1000,1000 300,3000 -3750,-2225 0,0 2666,4000 0
row.4745 minecraft:forest -1500,2000 -1000,1000 300,3000 -3750,-2225 10000,10000 2666,4000 0
row.4746 minecraft:forest -1500,2000 -1000,1000 3000,10000 -3750,-2225 0,0 2666,4000 0
row.4747 minecraft:forest -1500,2000 -1000,1000 3000,10000 -3750,-2225 10000,10000 2666,4000 0
row.4748 minecraft:forest -1500,2000 -1000,1000 -1900,300 -2225,500 0,0 2666,4000 0
row.4749 minecraft:forest -1500,2000 -1000,1000 -1900,300 -2225,500 10000,10000 2666,4000 0
row.4750 minecraft:forest -1500,2000 -1000,1000 300,10000 -2225,500 0,0 2666,4000 0
row.4751 minecraft:forest -1500,2000 -1000,1000 300,10000 -2225,500 10000,10000 2666,4000 0
row.4752 minecraft:forest -1500,2000 -1000,1000 -1900,10000 500,4500 0,0 2666,4000 0
row.4753 minecraft:forest -1500,2000 -1000,1000 -1900,10000 500,4500 10000,10000 2666,4000 0
row.4754 minecraft:windswept_savanna -1500,2000 -1000,1000 -1900,-1100 4500,5500 0,0 2666,4000 0
row.4755 minecraft:windswept_savanna -1500,2000 -1000,1000 -1900,-1100 4500,5500 10000,10000 2666,4000 0
row.4756 minecraft:windswept_savanna -1500,2000 -1000,1000 -1100,300 4500,5500 0,0 2666,4000 0
row.4757 minecraft:windswept_savanna -1500,2000 -1000,1000 -1100,300 4500,5500 10000,10000 2666,4000 0
row.4758 minecraft:windswept_hills -1500,2000 -1000,1000 300,10000 4500,5500 0,0 2666,4000 0
row.4759 minecraft:windswept_hills -1500,2000 -1000,1000 300,10000 4500,5500 10000,10000 2666,4000 0
row.4760 minecraft:forest -1500,2000 -1000,1000 -1900,-1100 5500,10000 0,0 2666,4000 0
row.4761 minecraft:forest -1500,2000 -1000,1000 -1900,-1100 5500,10000 10000,10000 2666,4000 0
row.4762 minecraft:grove -1500,2000 1000,3000 -1100,10000 -10000,-7799 0,0 2666,4000 0
row.4763 minecraft:grove -1500,2000 1000,3000 -1100,10000 -10000,-7799 10000,10000 2666,4000 0
row.4764 minecraft:old_growth_birch_forest -1500,2000 1000,3000 -1100,3000 -7799,-3750 0,0 2666,4000 0
row.4765 minecraft:old_growth_birch_forest -1500,2000 1000,3000 -1100,3000 -7799,-3750 10000,10000 2666,4000 0
row.4766 minecraft:birch_forest -1500,2000 1000,3000 3000,10000 -7799,-3750 0,0 2666,4000 0
row.4767 minecraft:birch_forest -1500,2000 1000,3000 3000,10000 -7799,-3750 10000,10000 2666,4000 0
row.4768 minecraft:old_growth_birch_forest -1500,2000 1000,3000 -1100,300 -3750,-2225 0,0 2666,4000 0
row.4769 minecraft:old_growth_birch_forest -1500,2000 1000,3000 -1100,300 -3750,-2225 10000,10000 2666,4000 0
row.4770 minecraft:old_growth_birch_forest -1500,2000 1000,3000 300,3000 -3750,-2225 0,0 2666,4000 0
row.4771 minecraft:old_growth_birch_forest -1500,2000 1000,3000 300,3000 -3750,-2225 10000,10000 2666,4000 0
row.4772 minecraft:birch_forest -1500,2000 1000,3000 3000,10000 -3750,-2225 0,0 2666,4000 0
row.4773 minecraft:birch_forest -1500,2000 1000,3000 3000,10000 -3750,-2225 10000,10000 2666,4000 0
row.4774 minecraft:old_growth_birch_forest -1500,2000 1000,3000 -1900,300 -2225,500 0,0 2666,4000 0
row.4775 minecraft:old_growth_birch_forest -1500,2000 1000,3000 -1900,300 -2225,500 10000,10000 2666,4000 0
row.4776 minecraft:old_growth_birch_forest -1500,2000 1000,3000 300,10000 -2225,500 0,0 2666,4000 0
row.4777 minecraft:old_growth_birch_forest -1500,2000 1000,3000 300,10000 -2225,500 10000,10000 2666,4000 0
row.4778 minecraft:old_growth_birch_forest -1500,2000 1000,3000 -1900,10000 500,4500 0,0 2666,4000 0
row.4779 minecraft:old_growth_birch_forest -1500,2000 1000,3000 -1900,10000 500,4500 10000,10000 2666,4000 0
row.4780 minecraft:windswept_savanna -1500,2000 1000,3000 -1900,-1100 4500,5500 0,0 2666,4000 0
row.4781 minecraft:windswept_savanna -1500,2000 1000,3000 -1900,-1100 4500,5500 10000,10000 2666,4000 0
row.4782 minecraft:windswept_savanna -1500,2000 1000,3000 -1100,300 4500,5500 0,0 2666,4000 0
row.4783 minecraft:windswept_savanna -1500,2000 1000,3000 -1100,300 4500,5500 10000,10000 2666,4000 0
row.4784 minecraft:windswept_forest -1500,2000 1000,3000 300,10000 4500,5500 0,0 2666,4000 0
row.4785 minecraft:windswept_forest -1500,2000 1000,3000 300,10000 4500,5500 10000,10000 2666,4000 0
row.4786 minecraft:old_growth_birch_forest -1500,2000 1000,3000 -1900,-1100 5500,10000 0,0 2666,4000 0
row.4787 minecraft:old_growth_birch_forest -1500,2000 1000,3000 -1900,-1100 5500,10000 10000,10000 2666,4000 0
row.4788 minecraft:grove -1500,2000 3000,10000 -1100,10000 -10000,-7799 0,0 2666,4000 0
row.4789 minecraft:grove -1500,2000 3000,10000 -1100,10000 -10000,-7799 10000,10000 2666,4000 0
row.4790 minecraft:dark_forest -1500,2000 3000,10000 -1100,3000 -7799,-3750 0,0 2666,4000 0
row.4791 minecraft:dark_forest -1500,2000 3000,10000 -1100,3000 -7799,-3750 10000,10000 2666,4000 0
row.4792 minecraft:pale_garden -1500,2000 3000,10000 3000,10000 -7799,-3750 0,0 2666,4000 0
row.4793 minecraft:pale_garden -1500,2000 3000,10000 3000,10000 -7799,-3750 10000,10000 2666,4000 0
row.4794 minecraft:dark_forest -1500,2000 3000,10000 -1100,300 -3750,-2225 0,0 2666,4000 0
row.4795 minecraft:dark_forest -1500,2000 3000,10000 -1100,300 -3750,-2225 10000,10000 2666,4000 0
row.4796 minecraft:dark_forest -1500,2000 3000,10000 300,3000 -3750,-2225 0,0 2666,4000 0
row.4797 minecraft:dark_forest -1500,2000 3000,10000 300,3000 -3750,-2225 10000,10000 2666,4000 0
row.4798 minecraft:pale_garden -1500,2000 3000,10000 3000,10000 -3750,-2225 0,0 2666,4000 0
row.4799 minecraft:pale_garden -1500,2000 3000,10000 3000,10000 -3750,-2225 10000,10000 2666,4000 0
row.4800 minecraft:dark_forest -1500,2000 3000,10000 -1900,300 -2225,500 0,0 2666,4000 0
row.4801 minecraft:dark_forest -1500,2000 3000,10000 -1900,300 -2225,500 10000,10000 2666,4000 0
row.4802 minecraft:dark_forest -1500,2000 3000,10000 300,10000 -2225,500 0,0 2666,4000 0
row.4803 minecraft:dark_forest -1500,2000 3000,10000 300,10000 -2225,500 10000,10000 2666,4000 0
row.4804 minecraft:dark_forest -1500,2000 3000,10000 -1900,10000 500,4500 0,0 2666,4000 0
row.4805 minecraft:dark_forest -1500,2000 3000,10000 -1900,10000 500,4500 10000,10000 2666,4000 0
row.4806 minecraft:dark_forest -1500,2000 3000,10000 -1900,-1100 4500,5500 0,0 2666,4000 0
row.4807 minecraft:dark_forest -1500,2000 3000,10000 -1900,-1100 4500,5500 10000,10000 2666,4000 0
row.4808 minecraft:dark_forest -1500,2000 3000,10000 -1100,300 4500,5500 0,0 2666,4000 0
row.4809 minecraft:dark_forest -1500,2000 3000,10000 -1100,300 4500,5500 10000,10000 2666,4000 0
row.4810 minecraft:windswept_forest -1500,2000 3000,10000 300,10000 4500,5500 0,0 2666,4000 0
row.4811 minecraft:windswept_forest -1500,2000 3000,10000 300,10000 4500,5500 10000,10000 2666,4000 0
row.4812 minecraft:dark_forest -1500,2000 3000,10000 -1900,-1100 5500,10000 0,0 2666,4000 0
row.4813 minecraft:dark_forest -1500,2000 3000,10000 -1900,-1100 5500,10000 10000,10000 2666,4000 0
row.4814 minecraft:savanna_plateau 2000,5500 -10000,-3500 -1100,10000 -10000,-7799 0,0 2666,4000 0
row.4815 minecraft:savanna_plateau 2000,5500 -10000,-3500 -1100,10000 -10000,-7799 10000,10000 2666,4000 0
row.4816 minecraft:savanna 2000,5500 -10000,-3500 -1100,3000 -7799,-3750 0,0 2666,4000 0
row.4817 minecraft:savanna 2000,5500 -10000,-3500 -1100,3000 -7799,-3750 10000,10000 2666,4000 0
row.4818 minecraft:savanna_plateau 2000,5500 -10000,-3500 3000,10000 -7799,-3750 0,0 2666,4000 0
row.4819 minecraft:savanna_plateau 2000,5500 -10000,-3500 3000,10000 -7799,-3750 10000,10000 2666,4000 0
row.4820 minecraft:savanna 2000,5500 -10000,-3500 -1100,300 -3750,-2225 0,0 2666,4000 0
row.4821 minecraft:savanna 2000,5500 -10000,-3500 -1100,300 -3750,-2225 10000,10000 2666,4000 0
row.4822 minecraft:savanna 2000,5500 -10000,-3500 300,3000 -3750,-2225 0,0 2666,4000 0
row.4823 minecraft:savanna 2000,5500 -10000,-3500 300,3000 -3750,-2225 10000,10000 2666,4000 0
row.4824 minecraft:savanna_plateau 2000,5500 -10000,-3500 3000,10000 -3750,-2225 0,0 2666,4000 0
row.4825 minecraft:savanna_plateau 2000,5500 -10000,-3500 3000,10000 -3750,-2225 10000,10000 2666,4000 0
row.4826 minecraft:savanna 2000,5500 -10000,-3500 -1900,300 -2225,500 0,0 2666,4000 0
row.4827 minecraft:savanna 2000,5500 -10000,-3500 -1900,300 -2225,500 10000,10000 2666,4000 0
row.4828 minecraft:savanna 2000,5500 -10000,-3500 300,10000 -2225,500 0,0 2666,4000 0
row.4829 minecraft:savanna 2000,5500 -10000,-3500 300,10000 -2225,500 10000,10000 2666,4000 0
row.4830 minecraft:savanna 2000,5500 -10000,-3500 -1900,10000 500,4500 0,0 2666,4000 0
row.4831 minecraft:savanna 2000,5500 -10000,-3500 -1900,10000 500,4500 10000,10000 2666,4000 0
row.4832 minecraft:windswept_savanna 2000,5500 -10000,-3500 -1900,-1100 4500,5500 0,0 2666,4000 0
row.4833 minecraft:windswept_savanna 2000,5500 -10000,-3500 -1900,-1100 4500,5500 10000,10000 2666,4000 0
row.4834 minecraft:windswept_savanna 2000,5500 -10000,-3500 -1100,300 4500,5500 0,0 2666,4000 0
row.4835 minecraft:windswept_savanna 2000,5500 -10000,-3500 -1100,300 4500,5500 10000,10000 2666,4000 0
row.4836 minecraft:savanna 2000,5500 -10000,-3500 300,10000 4500,5500 0,0 2666,4000 0
row.4837 minecraft:savanna 2000,5500 -10000,-3500 300,10000 4500,5500 10000,10000 2666,4000 0
row.4838 minecraft:savanna 2000,5500 -10000,-3500 -1900,-1100 5500,10000 0,0 2666,4000 0
row.4839 minecraft:savanna 2000,5500 -10000,-3500 -1900,-1100 5500,10000 10000,10000 2666,4000 0
row.4840 minecraft:savanna_plateau 2000,5500 -3500,-1000 -1100,10000 -10000,-7799 0,0 2666,4000 0
row.4841 minecraft:savanna_plateau 2000,5500 -3500,-1000 -1100,10000 -10000,-7799 10000,10000 2666,4000 0
row.4842 minecraft:savanna 2000,5500 -3500,-1000 -1100,3000 -7799,-3750 0,0 2666,4000 0
row.4843 minecraft:savanna 2000,5500 -3500,-1000 -1100,3000 -7799,-3750 10000,10000 2666,4000 0
row.4844 minecraft:savanna_plateau 2000,5500 -3500,-1000 3000,10000 -7799,-3750 0,0 2666,4000 0
row.4845 minecraft:savanna_plateau 2000,5500 -3500,-1000 3000,10000 -7799,-3750 10000,10000 2666,4000 0
row.4846 minecraft:savanna 2000,5500 -3500,-1000 -1100,300 -3750,-2225 0,0 2666,4000 0
row.4847 minecraft:savanna 2000,5500 -3500,-1000 -1100,300 -3750,-2225 10000,10000 2666,4000 0
row.4848 minecraft:savanna 2000,5500 -3500,-1000 300,3000 -3750,-2225 0,0 2666,4000 0
row.4849 minecraft:savanna 2000,5500 -3500,-1000 300,3000 -3750,-2225 10000,10000 2666,4000 0
row.4850 minecraft:savanna_plateau 2000,5500 -3500,-1000 3000,10000 -3750,-2225 0,0 2666,4000 0
row.4851 minecraft:savanna_plateau 2000,5500 -3500,-1000 3000,10000 -3750,-2225 10000,10000 2666,4000 0
row.4852 minecraft:savanna 2000,5500 -3500,-1000 -1900,300 -2225,500 0,0 2666,4000 0
row.4853 minecraft:savanna 2000,5500 -3500,-1000 -1900,300 -2225,500 10000,10000 2666,4000 0
row.4854 minecraft:savanna 2000,5500 -3500,-1000 300,10000 -2225,500 0,0 2666,4000 0
row.4855 minecraft:savanna 2000,5500 -3500,-1000 300,10000 -2225,500 10000,10000 2666,4000 0
row.4856 minecraft:savanna 2000,5500 -3500,-1000 -1900,10000 500,4500 0,0 2666,4000 0
row.4857 minecraft:savanna 2000,5500 -3500,-1000 -1900,10000 500,4500 10000,10000 2666,4000 0
row.4858 minecraft:windswept_savanna 2000,5500 -3500,-1000 -1900,-1100 4500,5500 0,0 2666,4000 0
row.4859 minecraft:windswept_savanna 2000,5500 -3500,-1000 -1900,-1100 4500,5500 10000,10000 2666,4000 0
row.4860 minecraft:windswept_savanna 2000,5500 -3500,-1000 -1100,300 4500,5500 0,0 2666,4000 0
row.4861 minecraft:windswept_savanna 2000,5500 -3500,-1000 -1100,300 4500,5500 10000,10000 2666,4000 0
row.4862 minecraft:savanna 2000,5500 -3500,-1000 300,10000 4500,5500 0,0 2666,4000 0
row.4863 minecraft:savanna 2000,5500 -3500,-1000 300,10000 4500,5500 10000,10000 2666,4000 0
row.4864 minecraft:savanna 2000,5500 -3500,-1000 -1900,-1100 5500,10000 0,0 2666,4000 0
row.4865 minecraft:savanna 2000,5500 -3500,-1000 -1900,-1100 5500,10000 10000,10000 2666,4000 0
row.4866 minecraft:forest 2000,5500 -1000,1000 -1100,10000 -10000,-7799 0,0 2666,4000 0
row.4867 minecraft:forest 2000,5500 -1000,1000 -1100,10000 -10000,-7799 10000,10000 2666,4000 0
row.4868 minecraft:plains 2000,5500 -1000,1000 -1100,3000 -7799,-3750 0,0 2666,4000 0
row.4869 minecraft:plains 2000,5500 -1000,1000 -1100,3000 -7799,-3750 10000,10000 2666,4000 0
row.4870 minecraft:forest 2000,5500 -1000,1000 3000,10000 -7799,-3750 0,0 2666,4000 0
row.4871 minecraft:forest 2000,5500 -1000,1000 3000,10000 -7799,-3750 10000,10000 2666,4000 0
row.4872 minecraft:plains 2000,5500 -1000,1000 -1100,300 -3750,-2225 0,0 2666,4000 0
row.4873 minecraft:plains 2000,5500 -1000,1000 -1100,300 -3750,-2225 10000,10000 2666,4000 0
row.4874 minecraft:plains 2000,5500 -1000,1000 300,3000 -3750,-2225 0,0 2666,4000 0
row.4875 minecraft:plains 2000,5500 -1000,1000 300,3000 -3750,-2225 10000,10000 2666,4000 0
row.4876 minecraft:forest 2000,5500 -1000,1000 3000,10000 -3750,-2225 0,0 2666,4000 0
row.4877 minecraft:forest 2000,5500 -1000,1000 3000,10000 -3750,-2225 10000,10000 2666,4000 0
row.4878 minecraft:plains 2000,5500 -1000,1000 -1900,300 -2225,500 0,0 2666,4000 0
row.4879 minecraft:plains 2000,5500 -1000,1000 -1900,300 -2225,500 10000,10000 2666,4000 0
row.4880 minecraft:plains 2000,5500 -1000,1000 300,10000 -2225,500 0,0 2666,4000 0
row.4881 minecraft:plains 2000,5500 -1000,1000 300,10000 -2225,500 10000,10000 2666,4000 0
row.4882 minecraft:plains 2000,5500 -1000,1000 -1900,10000 500,4500 0,0 2666,4000 0
row.4883 minecraft:plains 2000,5500 -1000,1000 -1900,10000 500,4500 10000,10000 2666,4000 0
row.4884 minecraft:windswept_savanna 2000,5500 -1000,1000 -1900,-1100 4500,5500 0,0 2666,4000 0
row.4885 minecraft:windswept_savanna 2000,5500 -1000,1000 -1900,-1100 4500,5500 10000,10000 2666,4000 0
row.4886 minecraft:windswept_savanna 2000,5500 -1000,1000 -1100,300 4500,5500 0,0 2666,4000 0
row.4887 minecraft:windswept_savanna 2000,5500 -1000,1000 -1100,300 4500,5500 10000,10000 2666,4000 0
row.4888 minecraft:plains 2000,5500 -1000,1000 300,10000 4500,5500 0,0 2666,4000 0
row.4889 minecraft:plains 2000,5500 -1000,1000 300,10000 4500,5500 10000,10000 2666,4000 0
row.4890 minecraft:plains 2000,5500 -1000,1000 -1900,-1100 5500,10000 0,0 2666,4000 0
row.4891 minecraft:plains 2000,5500 -1000,1000 -1900,-1100 5500,10000 10000,10000 2666,4000 0
row.4892 minecraft:forest 2000,5500 1000,3000 -1100,10000 -10000,-7799 0,0 2666,4000 0
row.4893 minecraft:forest 2000,5500 1000,3000 -1100,10000 -10000,-7799 10000,10000 2666,4000 0
row.4894 minecraft:sparse_jungle 2000,5500 1000,3000 -1100,3000 -7799,-3750 0,0 2666,4000 0
row.4895 minecraft:sparse_jungle 2000,5500 1000,3000 -1100,3000 -7799,-3750 10000,10000 2666,4000 0
row.4896 minecraft:forest 2000,5500 1000,3000 3000,10000 -7799,-3750 0,0 2666,4000 0
row.4897 minecraft:forest 2000,5500 1000,3000 3000,10000 -7799,-3750 10000,10000 2666,4000 0
row.4898 minecraft:sparse_jungle 2000,5500 1000,3000 -1100,300 -3750,-2225 0,0 2666,4000 0
row.4899 minecraft:sparse_jungle 2000,5500 1000,3000 -1100,300 -3750,-2225 10000,10000 2666,4000 0
row.4900 minecraft:sparse_jungle 2000,5500 1000,3000 300,3000 -3750,-2225 0,0 2666,4000 0
row.4901 minecraft:sparse_jungle 2000,5500 1000,3000 300,3000 -3750,-2225 10000,10000 2666,4000 0
row.4902 minecraft:forest 2000,5500 1000,3000 3000,10000 -3750,-2225 0,0 2666,4000 0
row.4903 minecraft:forest 2000,5500 1000,3000 3000,10000 -3750,-2225 10000,10000 2666,4000 0
row.4904 minecraft:sparse_jungle 2000,5500 1000,3000 -1900,300 -2225,500 0,0 2666,4000 0
row.4905 minecraft:sparse_jungle 2000,5500 1000,3000 -1900,300 -2225,500 10000,10000 2666,4000 0
row.4906 minecraft:sparse_jungle 2000,5500 1000,3000 300,10000 -2225,500 0,0 2666,4000 0
row.4907 minecraft:sparse_jungle 2000,5500 1000,3000 300,10000 -2225,500 10000,10000 2666,4000 0
row.4908 minecraft:sparse_jungle 2000,5500 1000,3000 -1900,10000 500,4500 0,0 2666,4000 0
row.4909 minecraft:sparse_jungle 2000,5500 1000,3000 -1900,10000 500,4500 10000,10000 2666,4000 0
row.4910 minecraft:windswept_savanna 2000,5500 1000,3000 -1900,-1100 4500,5500 0,0 2666,4000 0
row.4911 minecraft:windswept_savanna 2000,5500 1000,3000 -1900,-1100 4500,5500 10000,10000 2666,4000 0
row.4912 minecraft:windswept_savanna 2000,5500 1000,3000 -1100,300 4500,5500 0,0 2666,4000 0
row.4913 minecraft:windswept_savanna 2000,5500 1000,3000 -1100,300 4500,5500 10000,10000 2666,4000 0
row.4914 minecraft:sparse_jungle 2000,5500 1000,3000 300,10000 4500,5500 0,0 2666,4000 0
row.4915 minecraft:sparse_jungle 2000,5500 1000,3000 300,10000 4500,5500 10000,10000 2666,4000 0
row.4916 minecraft:sparse_jungle 2000,5500 1000,3000 -1900,-1100 5500,10000 0,0 2666,4000 0
row.4917 minecraft:sparse_jungle 2000,5500 1000,3000 -1900,-1100 5500,10000 10000,10000 2666,4000 0
row.4918 minecraft:jungle 2000,5500 3000,10000 -1100,10000 -10000,-7799 0,0 2666,4000 0
row.4919 minecraft:jungle 2000,5500 3000,10000 -1100,10000 -10000,-7799 10000,10000 2666,4000 0
row.4920 minecraft:bamboo_jungle 2000,5500 3000,10000 -1100,3000 -7799,-3750 0,0 2666,4000 0
row.4921 minecraft:bamboo_jungle 2000,5500 3000,10000 -1100,3000 -7799,-3750 10000,10000 2666,4000 0
row.4922 minecraft:jungle 2000,5500 3000,10000 3000,10000 -7799,-3750 0,0 2666,4000 0
row.4923 minecraft:jungle 2000,5500 3000,10000 3000,10000 -7799,-3750 10000,10000 2666,4000 0
row.4924 minecraft:bamboo_jungle 2000,5500 3000,10000 -1100,300 -3750,-2225 0,0 2666,4000 0
row.4925 minecraft:bamboo_jungle 2000,5500 3000,10000 -1100,300 -3750,-2225 10000,10000 2666,4000 0
row.4926 minecraft:bamboo_jungle 2000,5500 3000,10000 300,3000 -3750,-2225 0,0 2666,4000 0
row.4927 minecraft:bamboo_jungle 2000,5500 3000,10000 300,3000 -3750,-2225 10000,10000 2666,4000 0
row.4928 minecraft:jungle 2000,5500 3000,10000 3000,10000 -3750,-2225 0,0 2666,4000 0
row.4929 minecraft:jungle 2000,5500 3000,10000 3000,10000 -3750,-2225 10000,10000 2666,4000 0
row.4930 minecraft:bamboo_jungle 2000,5500 3000,10000 -1900,300 -2225,500 0,0 2666,4000 0
row.4931 minecraft:bamboo_jungle 2000,5500 3000,10000 -1900,300 -2225,500 10000,10000 2666,4000 0
row.4932 minecraft:bamboo_jungle 2000,5500 3000,10000 300,10000 -2225,500 0,0 2666,4000 0
row.4933 minecraft:bamboo_jungle 2000,5500 3000,10000 300,10000 -2225,500 10000,10000 2666,4000 0
row.4934 minecraft:bamboo_jungle 2000,5500 3000,10000 -1900,10000 500,4500 0,0 2666,4000 0
row.4935 minecraft:bamboo_jungle 2000,5500 3000,10000 -1900,10000 500,4500 10000,10000 2666,4000 0
row.4936 minecraft:bamboo_jungle 2000,5500 3000,10000 -1900,-1100 4500,5500 0,0 2666,4000 0
row.4937 minecraft:bamboo_jungle 2000,5500 3000,10000 -1900,-1100 4500,5500 10000,10000 2666,4000 0
row.4938 minecraft:bamboo_jungle 2000,5500 3000,10000 -1100,300 4500,5500 0,0 2666,4000 0
row.4939 minecraft:bamboo_jungle 2000,5500 3000,10000 -1100,300 4500,5500 10000,10000 2666,4000 0
row.4940 minecraft:bamboo_jungle 2000,5500 3000,10000 300,10000 4500,5500 0,0 2666,4000 0
row.4941 minecraft:bamboo_jungle 2000,5500 3000,10000 300,10000 4500,5500 10000,10000 2666,4000 0
row.4942 minecraft:bamboo_jungle 2000,5500 3000,10000 -1900,-1100 5500,10000 0,0 2666,4000 0
row.4943 minecraft:bamboo_jungle 2000,5500 3000,10000 -1900,-1100 5500,10000 10000,10000 2666,4000 0
row.4944 minecraft:eroded_badlands 5500,10000 -10000,-3500 -1100,10000 -10000,-7799 0,0 2666,4000 0
row.4945 minecraft:eroded_badlands 5500,10000 -10000,-3500 -1100,10000 -10000,-7799 10000,10000 2666,4000 0
row.4946 minecraft:eroded_badlands 5500,10000 -10000,-3500 -1100,3000 -7799,-3750 0,0 2666,4000 0
row.4947 minecraft:eroded_badlands 5500,10000 -10000,-3500 -1100,3000 -7799,-3750 10000,10000 2666,4000 0
row.4948 minecraft:eroded_badlands 5500,10000 -10000,-3500 3000,10000 -7799,-3750 0,0 2666,4000 0
row.4949 minecraft:eroded_badlands 5500,10000 -10000,-3500 3000,10000 -7799,-3750 10000,10000 2666,4000 0
row.4950 minecraft:desert 5500,10000 -10000,-3500 -1100,300 -3750,-2225 0,0 2666,4000 0
row.4951 minecraft:desert 5500,10000 -10000,-3500 -1100,300 -3750,-2225 10000,10000 2666,4000 0
row.4952 minecraft:eroded_badlands 5500,10000 -10000,-3500 300,3000 -3750,-2225 0,0 2666,4000 0
row.4953 minecraft:eroded_badlands 5500,10000 -10000,-3500 300,3000 -3750,-2225 10000,10000 2666,4000 0
row.4954 minecraft:eroded_badlands 5500,10000 -10000,-3500 3000,10000 -3750,-2225 0,0 2666,4000 0
row.4955 minecraft:eroded_badlands 5500,10000 -10000,-3500 3000,10000 -3750,-2225 10000,10000 2666,4000 0
row.4956 minecraft:desert 5500,10000 -10000,-3500 -1900,300 -2225,500 0,0 2666,4000 0
row.4957 minecraft:desert 5500,10000 -10000,-3500 -1900,300 -2225,500 10000,10000 2666,4000 0
row.4958 minecraft:eroded_badlands 5500,10000 -10000,-3500 300,10000 -2225,500 0,0 2666,4000 0
row.4959 minecraft:eroded_badlands 5500,10000 -10000,-3500 300,10000 -2225,500 10000,10000 2666,4000 0
row.4960 minecraft:desert 5500,10000 -10000,-3500 -1900,10000 500,4500 0,0 2666,4000 0
row.4961 minecraft:desert 5500,10000 -10000,-3500 -1900,10000 500,4500 10000,10000 2666,4000 0
row.4962 minecraft:windswept_savanna 5500,10000 -10000,-3500 -1900,-1100 4500,5500 0,0 2666,4000 0
row.4963 minecraft:windswept_savanna 5500,10000 -10000,-3500 -1900,-1100 4500,5500 10000,10000 2666,4000 0
row.4964 minecraft:windswept_savanna 5500,10000 -10000,-3500 -1100,300 4500,5500 0,0 2666,4000 0
row.4965 minecraft:windswept_savanna 5500,10000 -10000,-3500 -1100,300 4500,5500 10000,10000 2666,4000 0
row.4966 minecraft:desert 5500,10000 -10000,-3500 300,10000 4500,5500 0,0 2666,4000 0
row.4967 minecraft:desert 5500,10000 -10000,-3500 300,10000 4500,5500 10000,10000 2666,4000 0
row.4968 minecraft:desert 5500,10000 -10000,-3500 -1900,-1100 5500,10000 0,0 2666,4000 0
row.4969 minecraft:desert 5500,10000 -10000,-3500 -1900,-1100 5500,10000 10000,10000 2666,4000 0
row.4970 minecraft:eroded_badlands 5500,10000 -3500,-1000 -1100,10000 -10000,-7799 0,0 2666,4000 0
row.4971 minecraft:eroded_badlands 5500,10000 -3500,-1000 -1100,10000 -10000,-7799 10000,10000 2666,4000 0
row.4972 minecraft:eroded_badlands 5500,10000 -3500,-1000 -1100,3000 -7799,-3750 0,0 2666,4000 0
row.4973 minecraft:eroded_badlands 5500,10000 -3500,-1000 -1100,3000 -7799,-3750 10000,10000 2666,4000 0
row.4974 minecraft:eroded_badlands 5500,10000 -3500,-1000 3000,10000 -7799,-3750 0,0 2666,4000 0
row.4975 minecraft:eroded_badlands 5500,10000 -3500,-1000 3000,10000 -7799,-3750 10000,10000 2666,4000 0
row.4976 minecraft:desert 5500,10000 -3500,-1000 -1100,300 -3750,-2225 0,0 2666,4000 0
row.4977 minecraft:desert 5500,10000 -3500,-1000 -1100,300 -3750,-2225 10000,10000 2666,4000 0
row.4978 minecraft:eroded_badlands 5500,10000 -3500,-1000 300,3000 -3750,-2225 0,0 2666,4000 0
row.4979 minecraft:eroded_badlands 5500,10000 -3500,-1000 300,3000 -3750,-2225 10000,10000 2666,4000 0
row.4980 minecraft:eroded_badlands 5500,10000 -3500,-1000 3000,10000 -3750,-2225 0,0 2666,4000 0
row.4981 minecraft:eroded_badlands 5500,10000 -3500,-1000 3000,10000 -3750,-2225 10000,10000 2666,4000 0
row.4982 minecraft:desert 5500,10000 -3500,-1000 -1900,300 -2225,500 0,0 2666,4000 0
row.4983 minecraft:desert 5500,10000 -3500,-1000 -1900,300 -2225,500 10000,10000 2666,4000 0
row.4984 minecraft:eroded_badlands 5500,10000 -3500,-1000 300,10000 -2225,500 0,0 2666,4000 0
row.4985 minecraft:eroded_badlands 5500,10000 -3500,-1000 300,10000 -2225,500 10000,10000 2666,4000 0
row.4986 minecraft:desert 5500,10000 -3500,-1000 -1900,10000 500,4500 0,0 2666,4000 0
row.4987 minecraft:desert 5500,10000 -3500,-1000 -1900,10000 500,4500 10000,10000 2666,4000 0
row.4988 minecraft:windswept_savanna 5500,10000 -3500,-1000 -1900,-1100 4500,5500 0,0 2666,4000 0
row.4989 minecraft:windswept_savanna 5500,10000 -3500,-1000 -1900,-1100 4500,5500 10000,10000 2666,4000 0
row.4990 minecraft:windswept_savanna 5500,10000 -3500,-1000 -1100,300 4500,5500 0,0 2666,4000 0
row.4991 minecraft:windswept_savanna 5500,10000 -3500,-1000 -1100,300 4500,5500 10000,10000 2666,4000 0
row.4992 minecraft:desert 5500,10000 -3500,-1000 300,10000 4500,5500 0,0 2666,4000 0
row.4993 minecraft:desert 5500,10000 -3500,-1000 300,10000 4500,5500 10000,10000 2666,4000 0
row.4994 minecraft:desert 5500,10000 -3500,-1000 -1900,-1100 5500,10000 0,0 2666,4000 0
row.4995 minecraft:desert 5500,10000 -3500,-1000 -1900,-1100 5500,10000 10000,10000 2666,4000 0
row.4996 minecraft:badlands 5500,10000 -1000,1000 -1100,10000 -10000,-7799 0,0 2666,4000 0
row.4997 minecraft:badlands 5500,10000 -1000,1000 -1100,10000 -10000,-7799 10000,10000 2666,4000 0
row.4998 minecraft:badlands 5500,10000 -1000,1000 -1100,3000 -7799,-3750 0,0 2666,4000 0
row.4999 minecraft:badlands 5500,10000 -1000,1000 -1100,3000 -7799,-3750 10000,10000 2666,4000 0
row.5000 minecraft:badlands 5500,10000 -1000,1000 3000,10000 -7799,-3750 0,0 2666,4000 0
row.5001 minecraft:badlands 5500,10000 -1000,1000 3000,10000 -7799,-3750 10000,10000 2666,4000 0
row.5002 minecraft:desert 5500,10000 -1000,1000 -1100,300 -3750,-2225 0,0 2666,4000 0
row.5003 minecraft:desert 5500,10000 -1000,1000 -1100,300 -3750,-2225 10000,10000 2666,4000 0
row.5004 minecraft:badlands 5500,10000 -1000,1000 300,3000 -3750,-2225 0,0 2666,4000 0
row.5005 minecraft:badlands 5500,10000 -1000,1000 300,3000 -3750,-2225 10000,10000 2666,4000 0
row.5006 minecraft:badlands 5500,10000 -1000,1000 3000,10000 -3750,-2225 0,0 2666,4000 0
row.5007 minecraft:badlands 5500,10000 -1000,1000 3000,10000 -3750,-2225 10000,10000 2666,4000 0
row.5008 minecraft:desert 5500,10000 -1000,1000 -1900,300 -2225,500 0,0 2666,4000 0
row.5009 minecraft:desert 5500,10000 -1000,1000 -1900,300 -2225,500 10000,10000 2666,4000 0
row.5010 minecraft:badlands 5500,10000 -1000,1000 300,10000 -2225,500 0,0 2666,4000 0
row.5011 minecraft:badlands 5500,10000 -1000,1000 300,10000 -2225,500 10000,10000 2666,4000 0
row.5012 minecraft:desert 5500,10000 -1000,1000 -1900,10000 500,4500 0,0 2666,4000 0
row.5013 minecraft:desert 5500,10000 -1000,1000 -1900,10000 500,4500 10000,10000 2666,4000 0
row.5014 minecraft:windswept_savanna 5500,10000 -1000,1000 -1900,-1100 4500,5500 0,0 2666,4000 0
row.5015 minecraft:windswept_savanna 5500,10000 -1000,1000 -1900,-1100 4500,5500 10000,10000 2666,4000 0
row.5016 minecraft:windswept_savanna 5500,10000 -1000,1000 -1100,300 4500,5500 0,0 2666,4000 0
row.5017 minecraft:windswept_savanna 5500,10000 -1000,1000 -1100,300 4500,5500 10000,10000 2666,4000 0
row.5018 minecraft:desert 5500,10000 -1000,1000 300,10000 4500,5500 0,0 2666,4000 0
row.5019 minecraft:desert 5500,10000 -1000,1000 300,10000 4500,5500 10000,10000 2666,4000 0
row.5020 minecraft:desert 5500,10000 -1000,1000 -1900,-1100 5500,10000 0,0 2666,4000 0
row.5021 minecraft:desert 5500,10000 -1000,1000 -1900,-1100 5500,10000 10000,10000 2666,4000 0
row.5022 minecraft:wooded_badlands 5500,10000 1000,3000 -1100,10000 -10000,-7799 0,0 2666,4000 0
row.5023 minecraft:wooded_badlands 5500,10000 1000,3000 -1100,10000 -10000,-7799 10000,10000 2666,4000 0
row.5024 minecraft:wooded_badlands 5500,10000 1000,3000 -1100,3000 -7799,-3750 0,0 2666,4000 0
row.5025 minecraft:wooded_badlands 5500,10000 1000,3000 -1100,3000 -7799,-3750 10000,10000 2666,4000 0
row.5026 minecraft:wooded_badlands 5500,10000 1000,3000 3000,10000 -7799,-3750 0,0 2666,4000 0
row.5027 minecraft:wooded_badlands 5500,10000 1000,3000 3000,10000 -7799,-3750 10000,10000 2666,4000 0
row.5028 minecraft:desert 5500,10000 1000,3000 -1100,300 -3750,-2225 0,0 2666,4000 0
row.5029 minecraft:desert 5500,10000 1000,3000 -1100,300 -3750,-2225 10000,10000 2666,4000 0
row.5030 minecraft:wooded_badlands 5500,10000 1000,3000 300,3000 -3750,-2225 0,0 2666,4000 0
row.5031 minecraft:wooded_badlands 5500,10000 1000,3000 300,3000 -3750,-2225 10000,10000 2666,4000 0
row.5032 minecraft:wooded_badlands 5500,10000 1000,3000 3000,10000 -3750,-2225 0,0 2666,4000 0
row.5033 minecraft:wooded_badlands 5500,10000 1000,3000 3000,10000 -3750,-2225 10000,10000 2666,4000 0
row.5034 minecraft:desert 5500,10000 1000,3000 -1900,300 -2225,500 0,0 2666,4000 0
row.5035 minecraft:desert 5500,10000 1000,3000 -1900,300 -2225,500 10000,10000 2666,4000 0
row.5036 minecraft:wooded_badlands 5500,10000 1000,3000 300,10000 -2225,500 0,0 2666,4000 0
row.5037 minecraft:wooded_badlands 5500,10000 1000,3000 300,10000 -2225,500 10000,10000 2666,4000 0
row.5038 minecraft:desert 5500,10000 1000,3000 -1900,10000 500,4500 0,0 2666,4000 0
row.5039 minecraft:desert 5500,10000 1000,3000 -1900,10000 500,4500 10000,10000 2666,4000 0
row.5040 minecraft:windswept_savanna 5500,10000 1000,3000 -1900,-1100 4500,5500 0,0 2666,4000 0
row.5041 minecraft:windswept_savanna 5500,10000 1000,3000 -1900,-1100 4500,5500 10000,10000 2666,4000 0
row.5042 minecraft:windswept_savanna 5500,10000 1000,3000 -1100,300 4500,5500 0,0 2666,4000 0
row.5043 minecraft:windswept_savanna 5500,10000 1000,3000 -1100,300 4500,5500 10000,10000 2666,4000 0
row.5044 minecraft:desert 5500,10000 1000,3000 300,10000 4500,5500 0,0 2666,4000 0
row.5045 minecraft:desert 5500,10000 1000,3000 300,10000 4500,5500 10000,10000 2666,4000 0
row.5046 minecraft:desert 5500,10000 1000,3000 -1900,-1100 5500,10000 0,0 2666,4000 0
row.5047 minecraft:desert 5500,10000 1000,3000 -1900,-1100 5500,10000 10000,10000 2666,4000 0
row.5048 minecraft:wooded_badlands 5500,10000 3000,10000 -1100,10000 -10000,-7799 0,0 2666,4000 0
row.5049 minecraft:wooded_badlands 5500,10000 3000,10000 -1100,10000 -10000,-7799 10000,10000 2666,4000 0
row.5050 minecraft:wooded_badlands 5500,10000 3000,10000 -1100,3000 -7799,-3750 0,0 2666,4000 0
row.5051 minecraft:wooded_badlands 5500,10000 3000,10000 -1100,3000 -7799,-3750 10000,10000 2666,4000 0
row.5052 minecraft:wooded_badlands 5500,10000 3000,10000 3000,10000 -7799,-3750 0,0 2666,4000 0
row.5053 minecraft:wooded_badlands 5500,10000 3000,10000 3000,10000 -7799,-3750 10000,10000 2666,4000 0
row.5054 minecraft:desert 5500,10000 3000,10000 -1100,300 -3750,-2225 0,0 2666,4000 0
row.5055 minecraft:desert 5500,10000 3000,10000 -1100,300 -3750,-2225 10000,10000 2666,4000 0
row.5056 minecraft:wooded_badlands 5500,10000 3000,10000 300,3000 -3750,-2225 0,0 2666,4000 0
row.5057 minecraft:wooded_badlands 5500,10000 3000,10000 300,3000 -3750,-2225 10000,10000 2666,4000 0
row.5058 minecraft:wooded_badlands 5500,10000 3000,10000 3000,10000 -3750,-2225 0,0 2666,4000 0
row.5059 minecraft:wooded_badlands 5500,10000 3000,10000 3000,10000 -3750,-2225 10000,10000 2666,4000 0
row.5060 minecraft:desert 5500,10000 3000,10000 -1900,300 -2225,500 0,0 2666,4000 0
row.5061 minecraft:desert 5500,10000 3000,10000 -1900,300 -2225,500 10000,10000 2666,4000 0
row.5062 minecraft:wooded_badlands 5500,10000 3000,10000 300,10000 -2225,500 0,0 2666,4000 0
row.5063 minecraft:wooded_badlands 5500,10000 3000,10000 300,10000 -2225,500 10000,10000 2666,4000 0
row.5064 minecraft:desert 5500,10000 3000,10000 -1900,10000 500,4500 0,0 2666,4000 0
row.5065 minecraft:desert 5500,10000 3000,10000 -1900,10000 500,4500 10000,10000 2666,4000 0
row.5066 minecraft:desert 5500,10000 3000,10000 -1900,-1100 4500,5500 0,0 2666,4000 0
row.5067 minecraft:desert 5500,10000 3000,10000 -1900,-1100 4500,5500 10000,10000 2666,4000 0
row.5068 minecraft:desert 5500,10000 3000,10000 -1100,300 4500,5500 0,0 2666,4000 0
row.5069 minecraft:desert 5500,10000 3000,10000 -1100,300 4500,5500 10000,10000 2666,4000 0
row.5070 minecraft:desert 5500,10000 3000,10000 300,10000 4500,5500 0,0 2666,4000 0
row.5071 minecraft:desert 5500,10000 3000,10000 300,10000 4500,5500 10000,10000 2666,4000 0
row.5072 minecraft:desert 5500,10000 3000,10000 -1900,-1100 5500,10000 0,0 2666,4000 0
row.5073 minecraft:desert 5500,10000 3000,10000 -1900,-1100 5500,10000 10000,10000 2666,4000 0
row.5074 minecraft:ice_spikes -10000,-4500 -10000,-3500 -1900,-1100 -10000,-3750 0,0 4000,5666 0
row.5075 minecraft:ice_spikes -10000,-4500 -10000,-3500 -1900,-1100 -10000,-3750 10000,10000 4000,5666 0
row.5076 minecraft:snowy_slopes -10000,-4500 -10000,-3500 -1100,300 -10000,-7799 0,0 4000,5666 0
row.5077 minecraft:snowy_slopes -10000,-4500 -10000,-3500 -1100,300 -10000,-7799 10000,10000 4000,5666 0
row.5078 minecraft:frozen_peaks -10000,-4500 -10000,-3500 300,10000 -10000,-7799 0,0 4000,5666 0
row.5079 minecraft:frozen_peaks -10000,-4500 -10000,-3500 300,10000 -10000,-7799 10000,10000 4000,5666 0
row.5080 minecraft:snowy_slopes -10000,-4500 -10000,-3500 -1100,300 -7799,-3750 0,0 4000,5666 0
row.5081 minecraft:snowy_slopes -10000,-4500 -10000,-3500 -1100,300 -7799,-3750 10000,10000 4000,5666 0
row.5082 minecraft:snowy_slopes -10000,-4500 -10000,-3500 300,10000 -7799,-3750 0,0 4000,5666 0
row.5083 minecraft:snowy_slopes -10000,-4500 -10000,-3500 300,10000 -7799,-3750 10000,10000 4000,5666 0
row.5084 minecraft:ice_spikes -10000,-4500 -10000,-3500 -1900,300 -3750,500 0,0 4000,5666 0
row.5085 minecraft:ice_spikes -10000,-4500 -10000,-3500 -1900,300 -3750,500 10000,10000 4000,5666 0
row.5086 minecraft:ice_spikes -10000,-4500 -10000,-3500 300,10000 -3750,-2225 0,0 4000,5666 0
row.5087 minecraft:ice_spikes -10000,-4500 -10000,-3500 300,10000 -3750,-2225 10000,10000 4000,5666 0
row.5088 minecraft:ice_spikes -10000,-4500 -10000,-3500 300,3000 -2225,500 0,0 4000,5666 0
row.5089 minecraft:ice_spikes -10000,-4500 -10000,-3500 300,3000 -2225,500 10000,10000 4000,5666 0
row.5090 minecraft:ice_spikes -10000,-4500 -10000,-3500 3000,10000 -2225,500 0,0 4000,5666 0
row.5091 minecraft:ice_spikes -10000,-4500 -10000,-3500 3000,10000 -2225,500 10000,10000 4000,5666 0
row.5092 minecraft:ice_spikes -10000,-4500 -10000,-3500 -1900,10000 500,4500 0,0 4000,5666 0
row.5093 minecraft:ice_spikes -10000,-4500 -10000,-3500 -1900,10000 500,4500 10000,10000 4000,5666 0
row.5094 minecraft:ice_spikes -10000,-4500 -10000,-3500 -1900,300 4500,5500 0,0 4000,5666 0
row.5095 minecraft:ice_spikes -10000,-4500 -10000,-3500 -1900,300 4500,5500 10000,10000 4000,5666 0
row.5096 minecraft:windswept_gravelly_hills -10000,-4500 -10000,-3500 300,10000 4500,5500 0,0 4000,5666 0
row.5097 minecraft:windswept_gravelly_hills -10000,-4500 -10000,-3500 300,10000 4500,5500 10000,10000 4000,5666 0
row.5098 minecraft:ice_spikes -10000,-4500 -10000,-3500 -1900,10000 5500,10000 0,0 4000,5666 0
row.5099 minecraft:ice_spikes -10000,-4500 -10000,-3500 -1900,10000 5500,10000 10000,10000 4000,5666 0
row.5100 minecraft:snowy_plains -10000,-4500 -3500,-1000 -1900,-1100 -10000,-3750 0,0 4000,5666 0
row.5101 minecraft:snowy_plains -10000,-4500 -3500,-1000 -1900,-1100 -10000,-3750 10000,10000 4000,5666 0
row.5102 minecraft:snowy_slopes -10000,-4500 -3500,-1000 -1100,300 -10000,-7799 0,0 4000,5666 0
row.5103 minecraft:snowy_slopes -10000,-4500 -3500,-1000 -1100,300 -10000,-7799 10000,10000 4000,5666 0
row.5104 minecraft:frozen_peaks -10000,-4500 -3500,-1000 300,10000 -10000,-7799 0,0 4000,5666 0
row.5105 minecraft:frozen_peaks -10000,-4500 -3500,-1000 300,10000 -10000,-7799 10000,10000 4000,5666 0
row.5106 minecraft:snowy_slopes -10000,-4500 -3500,-1000 -1100,300 -7799,-3750 0,0 4000,5666 0
row.5107 minecraft:snowy_slopes -10000,-4500 -3500,-1000 -1100,300 -7799,-3750 10000,10000 4000,5666 0
row.5108 minecraft:snowy_slopes -10000,-4500 -3500,-1000 300,10000 -7799,-3750 0,0 4000,5666 0
row.5109 minecraft:snowy_slopes -10000,-4500 -3500,-1000 300,10000 -7799,-3750 10000,10000 4000,5666 0
row.5110 minecraft:snowy_plains -10000,-4500 -3500,-1000 -1900,300 -3750,500 0,0 4000,5666 0
row.5111 minecraft:snowy_plains -10000,-4500 -3500,-1000 -1900,300 -3750,500 10000,10000 4000,5666 0
row.5112 minecraft:snowy_plains -10000,-4500 -3500,-1000 300,10000 -3750,-2225 0,0 4000,5666 0
row.5113 minecraft:snowy_plains -10000,-4500 -3500,-1000 300,10000 -3750,-2225 10000,10000 4000,5666 0
row.5114 minecraft:snowy_plains -10000,-4500 -3500,-1000 300,3000 -2225,500 0,0 4000,5666 0
row.5115 minecraft:snowy_plains -10000,-4500 -3500,-1000 300,3000 -2225,500 10000,10000 4000,5666 0
row.5116 minecraft:snowy_plains -10000,-4500 -3500,-1000 3000,10000 -2225,500 0,0 4000,5666 0
row.5117 minecraft:snowy_plains -10000,-4500 -3500,-1000 3000,10000 -2225,500 10000,10000 4000,5666 0
row.5118 minecraft:snowy_plains -10000,-4500 -3500,-1000 -1900,10000 500,4500 0,0 4000,5666 0
row.5119 minecraft:snowy_plains -10000,-4500 -3500,-1000 -1900,10000 500,4500 10000,10000 4000,5666 0
row.5120 minecraft:snowy_plains -10000,-4500 -3500,-1000 -1900,300 4500,5500 0,0 4000,5666 0
row.5121 minecraft:snowy_plains -10000,-4500 -3500,-1000 -1900,300 4500,5500 10000,10000 4000,5666 0
row.5122 minecraft:windswept_gravelly_hills -10000,-4500 -3500,-1000 300,10000 4500,5500 0,0 4000,5666 0
row.5123 minecraft:windswept_gravelly_hills -10000,-4500 -3500,-1000 300,10000 4500,5500 10000,10000 4000,5666 0
row.5124 minecraft:snowy_plains -10000,-4500 -3500,-1000 -1900,10000 5500,10000 0,0 4000,5666 0
row.5125 minecraft:snowy_plains -10000,-4500 -3500,-1000 -1900,10000 5500,10000 10000,10000 4000,5666 0
row.5126 minecraft:snowy_taiga -10000,-4500 -1000,1000 -1900,-1100 -10000,-3750 0,0 4000,5666 0
row.5127 minecraft:snowy_taiga -10000,-4500 -1000,1000 -1900,-1100 -10000,-3750 10000,10000 4000,5666 0
row.5128 minecraft:grove -10000,-4500 -1000,1000 -1100,300 -10000,-7799 0,0 4000,5666 0
row.5129 minecraft:grove -10000,-4500 -1000,1000 -1100,300 -10000,-7799 10000,10000 4000,5666 0
row.5130 minecraft:frozen_peaks -10000,-4500 -1000,1000 300,10000 -10000,-7799 0,0 4000,5666 0
row.5131 minecraft:frozen_peaks -10000,-4500 -1000,1000 300,10000 -10000,-7799 10000,10000 4000,5666 0
row.5132 minecraft:grove -10000,-4500 -1000,1000 -1100,300 -7799,-3750 0,0 4000,5666 0
row.5133 minecraft:grove -10000,-4500 -1000,1000 -1100,300 -7799,-3750 10000,10000 4000,5666 0
row.5134 minecraft:grove -10000,-4500 -1000,1000 300,10000 -7799,-3750 0,0 4000,5666 0
row.5135 minecraft:grove -10000,-4500 -1000,1000 300,10000 -7799,-3750 10000,10000 4000,5666 0
row.5136 minecraft:snowy_taiga -10000,-4500 -1000,1000 -1900,300 -3750,500 0,0 4000,5666 0
row.5137 minecraft:snowy_taiga -10000,-4500 -1000,1000 -1900,300 -3750,500 10000,10000 4000,5666 0
row.5138 minecraft:snowy_plains -10000,-4500 -1000,1000 300,10000 -3750,-2225 0,0 4000,5666 0
row.5139 minecraft:snowy_plains -10000,-4500 -1000,1000 300,10000 -3750,-2225 10000,10000 4000,5666 0
row.5140 minecraft:snowy_taiga -10000,-4500 -1000,1000 300,3000 -2225,500 0,0 4000,5666 0
row.5141 minecraft:snowy_taiga -10000,-4500 -1000,1000 300,3000 -2225,500 10000,10000 4000,5666 0
row.5142 minecraft:snowy_plains -10000,-4500 -1000,1000 3000,10000 -2225,500 0,0 4000,5666 0
row.5143 minecraft:snowy_plains -10000,-4500 -1000,1000 3000,10000 -2225,500 10000,10000 4000,5666 0
row.5144 minecraft:snowy_taiga -10000,-4500 -1000,1000 -1900,10000 500,4500 0,0 4000,5666 0
row.5145 minecraft:snowy_taiga -10000,-4500 -1000,1000 -1900,10000 500,4500 10000,10000 4000,5666 0
row.5146 minecraft:snowy_taiga -10000,-4500 -1000,1000 -1900,300 4500,5500 0,0 4000,5666 0
row.5147 minecraft:snowy_taiga -10000,-4500 -1000,1000 -1900,300 4500,5500 10000,10000 4000,5666 0
row.5148 minecraft:windswept_hills -10000,-4500 -1000,1000 300,10000 4500,5500 0,0 4000,5666 0
row.5149 minecraft:windswept_hills -10000,-4500 -1000,1000 300,10000 4500,5500 10000,10000 4000,5666 0
row.5150 minecraft:snowy_taiga -10000,-4500 -1000,1000 -1900,10000 5500,10000 0,0 4000,5666 0
row.5151 minecraft:snowy_taiga -10000,-4500 -1000,1000 -1900,10000 5500,10000 10000,10000 4000,5666 0
row.5152 minecraft:snowy_taiga -10000,-4500 1000,3000 -1900,-1100 -10000,-3750 0,0 4000,5666 0
row.5153 minecraft:snowy_taiga -10000,-4500 1000,3000 -1900,-1100 -10000,-3750 10000,10000 4000,5666 0
row.5154 minecraft:grove -10000,-4500 1000,3000 -1100,300 -10000,-7799 0,0 4000,5666 0
row.5155 minecraft:grove -10000,-4500 1000,3000 -1100,300 -10000,-7799 10000,10000 4000,5666 0
row.5156 minecraft:frozen_peaks -10000,-4500 1000,3000 300,10000 -10000,-7799 0,0 4000,5666 0
row.5157 minecraft:frozen_peaks -10000,-4500 1000,3000 300,10000 -10000,-7799 10000,10000 4000,5666 0
row.5158 minecraft:grove -10000,-4500 1000,3000 -1100,300 -7799,-3750 0,0 4000,5666 0
row.5159 minecraft:grove -10000,-4500 1000,3000 -1100,300 -7799,-3750 10000,10000 4000,5666 0
row.5160 minecraft:grove -10000,-4500 1000,3000 300,10000 -7799,-3750 0,0 4000,5666 0
row.5161 minecraft:grove -10000,-4500 1000,3000 300,10000 -7799,-3750 10000,10000 4000,5666 0
row.5162 minecraft:snowy_taiga -10000,-4500 1000,3000 -1900,300 -3750,500 0,0 4000,5666 0
row.5163 minecraft:snowy_taiga -10000,-4500 1000,3000 -1900,300 -3750,500 10000,10000 4000,5666 0
row.5164 minecraft:snowy_taiga -10000,-4500 1000,3000 300,10000 -3750,-2225 0,0 4000,5666 0
row.5165 minecraft:snowy_taiga -10000,-4500 1000,3000 300,10000 -3750,-2225 10000,10000 4000,5666 0
row.5166 minecraft:snowy_taiga -10000,-4500 1000,3000 300,3000 -2225,500 0,0 4000,5666 0
row.5167 minecraft:snowy_taiga -10000,-4500 1000,3000 300,3000 -2225,500 10000,10000 4000,5666 0
row.5168 minecraft:snowy_taiga -10000,-4500 1000,3000 3000,10000 -2225,500 0,0 4000,5666 0
row.5169 minecraft:snowy_taiga -10000,-4500 1000,3000 3000,10000 -2225,500 10000,10000 4000,5666 0
row.5170 minecraft:snowy_taiga -10000,-4500 1000,3000 -1900,10000 500,4500 0,0 4000,5666 0
row.5171 minecraft:snowy_taiga -10000,-4500 1000,3000 -1900,10000 500,4500 10000,10000 4000,5666 0
row.5172 minecraft:snowy_taiga -10000,-4500 1000,3000 -1900,300 4500,5500 0,0 4000,5666 0
row.5173 minecraft:snowy_taiga -10000,-4500 1000,3000 -1900,300 4500,5500 10000,10000 4000,5666 0
row.5174 minecraft:windswept_forest -10000,-4500 1000,3000 300,10000 4500,5500 0,0 4000,5666 0
row.5175 minecraft:windswept_forest -10000,-4500 1000,3000 300,10000 4500,5500 10000,10000 4000,5666 0
row.5176 minecraft:snowy_taiga -10000,-4500 1000,3000 -1900,10000 5500,10000 0,0 4000,5666 0
row.5177 minecraft:snowy_taiga -10000,-4500 1000,3000 -1900,10000 5500,10000 10000,10000 4000,5666 0
row.5178 minecraft:taiga -10000,-4500 3000,10000 -1900,-1100 -10000,-3750 0,0 4000,5666 0
row.5179 minecraft:taiga -10000,-4500 3000,10000 -1900,-1100 -10000,-3750 10000,10000 4000,5666 0
row.5180 minecraft:grove -10000,-4500 3000,10000 -1100,300 -10000,-7799 0,0 4000,5666 0
row.5181 minecraft:grove -10000,-4500 3000,10000 -1100,300 -10000,-7799 10000,10000 4000,5666 0
row.5182 minecraft:frozen_peaks -10000,-4500 3000,10000 300,10000 -10000,-7799 0,0 4000,5666 0
row.5183 minecraft:frozen_peaks -10000,-4500 3000,10000 300,10000 -10000,-7799 10000,10000 4000,5666 0
row.5184 minecraft:grove -10000,-4500 3000,10000 -1100,300 -7799,-3750 0,0 4000,5666 0
row.5185 minecraft:grove -10000,-4500 3000,10000 -1100,300 -7799,-3750 10000,10000 4000,5666 0
row.5186 minecraft:grove -10000,-4500 3000,10000 300,10000 -7799,-3750 0,0 4000,5666 0
row.5187 minecraft:grove -10000,-4500 3000,10000 300,10000 -7799,-3750 10000,10000 4000,5666 0
row.5188 minecraft:taiga -10000,-4500 3000,10000 -1900,300 -3750,500 0,0 4000,5666 0
row.5189 minecraft:taiga -10000,-4500 3000,10000 -1900,300 -3750,500 10000,10000 4000,5666 0
row.5190 minecraft:snowy_taiga -10000,-4500 3000,10000 300,10000 -3750,-2225 0,0 4000,5666 0
row.5191 minecraft:snowy_taiga -10000,-4500 3000,10000 300,10000 -3750,-2225 10000,10000 4000,5666 0
row.5192 minecraft:taiga -10000,-4500 3000,10000 300,3000 -2225,500 0,0 4000,5666 0
row.5193 minecraft:taiga -10000,-4500 3000,10000 300,3000 -2225,500 10000,10000 4000,5666 0
row.5194 minecraft:snowy_taiga -10000,-4500 3000,10000 3000,10000 -2225,500 0,0 4000,5666 0
row.5195 minecraft:snowy_taiga -10000,-4500 3000,10000 3000,10000 -2225,500 10000,10000 4000,5666 0
row.5196 minecraft:taiga -10000,-4500 3000,10000 -1900,10000 500,4500 0,0 4000,5666 0
row.5197 minecraft:taiga -10000,-4500 3000,10000 -1900,10000 500,4500 10000,10000 4000,5666 0
row.5198 minecraft:taiga -10000,-4500 3000,10000 -1900,300 4500,5500 0,0 4000,5666 0
row.5199 minecraft:taiga -10000,-4500 3000,10000 -1900,300 4500,5500 10000,10000 4000,5666 0
row.5200 minecraft:windswept_forest -10000,-4500 3000,10000 300,10000 4500,5500 0,0 4000,5666 0
row.5201 minecraft:windswept_forest -10000,-4500 3000,10000 300,10000 4500,5500 10000,10000 4000,5666 0
row.5202 minecraft:taiga -10000,-4500 3000,10000 -1900,10000 5500,10000 0,0 4000,5666 0
row.5203 minecraft:taiga -10000,-4500 3000,10000 -1900,10000 5500,10000 10000,10000 4000,5666 0
row.5204 minecraft:plains -4500,-1500 -10000,-3500 -1900,-1100 -10000,-3750 0,0 4000,5666 0
row.5205 minecraft:plains -4500,-1500 -10000,-3500 -1900,-1100 -10000,-3750 10000,10000 4000,5666 0
row.5206 minecraft:snowy_slopes -4500,-1500 -10000,-3500 -1100,300 -10000,-7799 0,0 4000,5666 0
row.5207 minecraft:snowy_slopes -4500,-1500 -10000,-3500 -1100,300 -10000,-7799 10000,10000 4000,5666 0
row.5208 minecraft:frozen_peaks -4500,-1500 -10000,-3500 300,10000 -10000,-7799 0,0 4000,5666 0
row.5209 minecraft:frozen_peaks -4500,-1500 -10000,-3500 300,10000 -10000,-7799 10000,10000 4000,5666 0
row.5210 minecraft:plains -4500,-1500 -10000,-3500 -1100,300 -7799,-3750 0,0 4000,5666 0
row.5211 minecraft:plains -4500,-1500 -10000,-3500 -1100,300 -7799,-3750 10000,10000 4000,5666 0
row.5212 minecraft:snowy_slopes -4500,-1500 -10000,-3500 300,10000 -7799,-3750 0,0 4000,5666 0
row.5213 minecraft:snowy_slopes -4500,-1500 -10000,-3500 300,10000 -7799,-3750 10000,10000 4000,5666 0
row.5214 minecraft:plains -4500,-1500 -10000,-3500 -1900,300 -3750,500 0,0 4000,5666 0
row.5215 minecraft:plains -4500,-1500 -10000,-3500 -1900,300 -3750,500 10000,10000 4000,5666 0
row.5216 minecraft:cherry_grove -4500,-1500 -10000,-3500 300,10000 -3750,-2225 0,0 4000,5666 0
row.5217 minecraft:cherry_grove -4500,-1500 -10000,-3500 300,10000 -3750,-2225 10000,10000 4000,5666 0
row.5218 minecraft:plains -4500,-1500 -10000,-3500 300,3000 -2225,500 0,0 4000,5666 0
row.5219 minecraft:plains -4500,-1500 -10000,-3500 300,3000 -2225,500 10000,10000 4000,5666 0
row.5220 minecraft:cherry_grove -4500,-1500 -10000,-3500 3000,10000 -2225,500 0,0 4000,5666 0
row.5221 minecraft:cherry_grove -4500,-1500 -10000,-3500 3000,10000 -2225,500 10000,10000 4000,5666 0
row.5222 minecraft:plains -4500,-1500 -10000,-3500 -1900,10000 500,4500 0,0 4000,5666 0
row.5223 minecraft:plains -4500,-1500 -10000,-3500 -1900,10000 500,4500 10000,10000 4000,5666 0
row.5224 minecraft:plains -4500,-1500 -10000,-3500 -1900,300 4500,5500 0,0 4000,5666 0
row.5225 minecraft:plains -4500,-1500 -10000,-3500 -1900,300 4500,5500 10000,10000 4000,5666 0
row.5226 minecraft:windswept_gravelly_hills -4500,-1500 -10000,-3500 300,10000 4500,5500 0,0 4000,5666 0
row.5227 minecraft:windswept_gravelly_hills -4500,-1500 -10000,-3500 300,10000 4500,5500 10000,10000 4000,5666 0
row.5228 minecraft:plains -4500,-1500 -10000,-3500 -1900,10000 5500,10000 0,0 4000,5666 0
row.5229 minecraft:plains -4500,-1500 -10000,-3500 -1900,10000 5500,10000 10000,10000 4000,5666 0
row.5230 minecraft:plains -4500,-1500 -3500,-1000 -1900,-1100 -10000,-3750 0,0 4000,5666 0
row.5231 minecraft:plains -4500,-1500 -3500,-1000 -1900,-1100 -10000,-3750 10000,10000 4000,5666 0
row.5232 minecraft:snowy_slopes -4500,-1500 -3500,-1000 -1100,300 -10000,-7799 0,0 4000,5666 0
row.5233 minecraft:snowy_slopes -4500,-1500 -3500,-1000 -1100,300 -10000,-7799 10000,10000 4000,5666 0
row.5234 minecraft:frozen_peaks -4500,-1500 -3500,-1000 300,10000 -10000,-7799 0,0 4000,5666 0
row.5235 minecraft:frozen_peaks -4500,-1500 -3500,-1000 300,10000 -10000,-7799 10000,10000 4000,5666 0
row.5236 minecraft:plains -4500,-1500 -3500,-1000 -1100,300 -7799,-3750 0,0 4000,5666 0
row.5237 minecraft:plains -4500,-1500 -3500,-1000 -1100,300 -7799,-3750 10000,10000 4000,5666 0
row.5238 minecraft:snowy_slopes -4500,-1500 -3500,-1000 300,10000 -7799,-3750 0,0 4000,5666 0
row.5239 minecraft:snowy_slopes -4500,-1500 -3500,-1000 300,10000 -7799,-3750 10000,10000 4000,5666 0
row.5240 minecraft:plains -4500,-1500 -3500,-1000 -1900,300 -3750,500 0,0 4000,5666 0
row.5241 minecraft:plains -4500,-1500 -3500,-1000 -1900,300 -3750,500 10000,10000 4000,5666 0
row.5242 minecraft:meadow -4500,-1500 -3500,-1000 300,10000 -3750,-2225 0,0 4000,5666 0
row.5243 minecraft:meadow -4500,-1500 -3500,-1000 300,10000 -3750,-2225 10000,10000 4000,5666 0
row.5244 minecraft:plains -4500,-1500 -3500,-1000 300,3000 -2225,500 0,0 4000,5666 0
row.5245 minecraft:plains -4500,-1500 -3500,-1000 300,3000 -2225,500 10000,10000 4000,5666 0
row.5246 minecraft:meadow -4500,-1500 -3500,-1000 3000,10000 -2225,500 0,0 4000,5666 0
row.5247 minecraft:meadow -4500,-1500 -3500,-1000 3000,10000 -2225,500 10000,10000 4000,5666 0
row.5248 minecraft:plains -4500,-1500 -3500,-1000 -1900,10000 500,4500 0,0 4000,5666 0
row.5249 minecraft:plains -4500,-1500 -3500,-1000 -1900,10000 500,4500 10000,10000 4000,5666 0
row.5250 minecraft:plains -4500,-1500 -3500,-1000 -1900,300 4500,5500 0,0 4000,5666 0
row.5251 minecraft:plains -4500,-1500 -3500,-1000 -1900,300 4500,5500 10000,10000 4000,5666 0
row.5252 minecraft:windswept_gravelly_hills -4500,-1500 -3500,-1000 300,10000 4500,5500 0,0 4000,5666 0
row.5253 minecraft:windswept_gravelly_hills -4500,-1500 -3500,-1000 300,10000 4500,5500 10000,10000 4000,5666 0
row.5254 minecraft:plains -4500,-1500 -3500,-1000 -1900,10000 5500,10000 0,0 4000,5666 0
row.5255 minecraft:plains -4500,-1500 -3500,-1000 -1900,10000 5500,10000 10000,10000 4000,5666 0
row.5256 minecraft:forest -4500,-1500 -1000,1000 -1900,-1100 -10000,-3750 0,0 4000,5666 0
row.5257 minecraft:forest -4500,-1500 -1000,1000 -1900,-1100 -10000,-3750 10000,10000 4000,5666 0
row.5258 minecraft:grove -4500,-1500 -1000,1000 -1100,300 -10000,-7799 0,0 4000,5666 0
row.5259 minecraft:grove -4500,-1500 -1000,1000 -1100,300 -10000,-7799 10000,10000 4000,5666 0
row.5260 minecraft:frozen_peaks -4500,-1500 -1000,1000 300,10000 -10000,-7799 0,0 4000,5666 0
row.5261 minecraft:frozen_peaks -4500,-1500 -1000,1000 300,10000 -10000,-7799 10000,10000 4000,5666 0
row.5262 minecraft:forest -4500,-1500 -1000,1000 -1100,300 -7799,-3750 0,0 4000,5666 0
row.5263 minecraft:forest -4500,-1500 -1000,1000 -1100,300 -7799,-3750 10000,10000 4000,5666 0
row.5264 minecraft:grove -4500,-1500 -1000,1000 300,10000 -7799,-3750 0,0 4000,5666 0
row.5265 minecraft:grove -4500,-1500 -1000,1000 300,10000 -7799,-3750 10000,10000 4000,5666 0
row.5266 minecraft:forest -4500,-1500 -1000,1000 -1900,300 -3750,500 0,0 4000,5666 0
row.5267 minecraft:forest -4500,-1500 -1000,1000 -1900,300 -3750,500 10000,10000 4000,5666 0
row.5268 minecraft:meadow -4500,-1500 -1000,1000 300,10000 -3750,-2225 0,0 4000,5666 0
row.5269 minecraft:meadow -4500,-1500 -1000,1000 300,10000 -3750,-2225 10000,10000 4000,5666 0
row.5270 minecraft:forest -4500,-1500 -1000,1000 300,3000 -2225,500 0,0 4000,5666 0
row.5271 minecraft:forest -4500,-1500 -1000,1000 300,3000 -2225,500 10000,10000 4000,5666 0
row.5272 minecraft:meadow -4500,-1500 -1000,1000 3000,10000 -2225,500 0,0 4000,5666 0
row.5273 minecraft:meadow -4500,-1500 -1000,1000 3000,10000 -2225,500 10000,10000 4000,5666 0
row.5274 minecraft:forest -4500,-1500 -1000,1000 -1900,10000 500,4500 0,0 4000,5666 0
row.5275 minecraft:forest -4500,-1500 -1000,1000 -1900,10000 500,4500 10000,10000 4000,5666 0
row.5276 minecraft:forest -4500,-1500 -1000,1000 -1900,300 4500,5500 0,0 4000,5666 0
row.5277 minecraft:forest -4500,-1500 -1000,1000 -1900,300 4500,5500 10000,10000 4000,5666 0
row.5278 minecraft:windswept_hills -4500,-1500 -1000,1000 300,10000 4500,5500 0,0 4000,5666 0
row.5279 minecraft:windswept_hills -4500,-1500 -1000,1000 300,10000 4500,5500 10000,10000 4000,5666 0
row.5280 minecraft:forest -4500,-1500 -1000,1000 -1900,10000 5500,10000 0,0 4000,5666 0
row.5281 minecraft:forest -4500,-1500 -1000,1000 -1900,10000 5500,10000 10000,10000 4000,5666 0
row.5282 minecraft:taiga -4500,-1500 1000,3000 -1900,-1100 -10000,-3750 0,0 4000,5666 0
row.5283 minecraft:taiga -4500,-1500 1000,3000 -1900,-1100 -10000,-3750 10000,10000 4000,5666 0
row.5284 minecraft:grove -4500,-1500 1000,3000 -1100,300 -10000,-7799 0,0 4000,5666 0
row.5285 minecraft:grove -4500,-1500 1000,3000 -1100,300 -10000,-7799 10000,10000 4000,5666 0
row.5286 minecraft:frozen_peaks -4500,-1500 1000,3000 300,10000 -10000,-7799 0,0 4000,5666 0
row.5287 minecraft:frozen_peaks -4500,-1500 1000,3000 300,10000 -10000,-7799 10000,10000 4000,5666 0
row.5288 minecraft:taiga -4500,-1500 1000,3000 -1100,300 -7799,-3750 0,0 4000,5666 0
row.5289 minecraft:taiga -4500,-1500 1000,3000 -1100,300 -7799,-3750 10000,10000 4000,5666 0
row.5290 minecraft:grove -4500,-1500 1000,3000 300,10000 -7799,-3750 0,0 4000,5666 0
row.5291 minecraft:grove -4500,-1500 1000,3000 300,10000 -7799,-3750 10000,10000 4000,5666 0
row.5292 minecraft:taiga -4500,-1500 1000,3000 -1900,300 -3750,500 0,0 4000,5666 0
row.5293 minecraft:taiga -4500,-1500 1000,3000 -1900,300 -3750,500 10000,10000 4000,5666 0
row.5294 minecraft:meadow -4500,-1500 1000,3000 300,10000 -3750,-2225 0,0 4000,5666 0
row.5295 minecraft:meadow -4500,-1500 1000,3000 300,10000 -3750,-2225 10000,10000 4000,5666 0
row.5296 minecraft:taiga -4500,-1500 1000,3000 300,3000 -2225,500 0,0 4000,5666 0
row.5297 minecraft:taiga -4500,-1500 1000,3000 300,3000 -2225,500 10000,10000 4000,5666 0
row.5298 minecraft:meadow -4500,-1500 1000,3000 3000,10000 -2225,500 0,0 4000,5666 0
row.5299 minecraft:meadow -4500,-1500 1000,3000 3000,10000 -2225,500 10000,10000 4000,5666 0
row.5300 minecraft:taiga -4500,-1500 1000,3000 -1900,10000 500,4500 0,0 4000,5666 0
row.5301 minecraft:taiga -4500,-1500 1000,3000 -1900,10000 500,4500 10000,10000 4000,5666 0
row.5302 minecraft:taiga -4500,-1500 1000,3000 -1900,300 4500,5500 0,0 4000,5666 0
row.5303 minecraft:taiga -4500,-1500 1000,3000 -1900,300 4500,5500 10000,10000 4000,5666 0
row.5304 minecraft:windswept_forest -4500,-1500 1000,3000 300,10000 4500,5500 0,0 4000,5666 0
row.5305 minecraft:windswept_forest -4500,-1500 1000,3000 300,10000 4500,5500 10000,10000 4000,5666 0
row.5306 minecraft:taiga -4500,-1500 1000,3000 -1900,10000 5500,10000 0,0 4000,5666 0
row.5307 minecraft:taiga -4500,-1500 1000,3000 -1900,10000 5500,10000 10000,10000 4000,5666 0
row.5308 minecraft:old_growth_pine_taiga -4500,-1500 3000,10000 -1900,-1100 -10000,-3750 0,0 4000,5666 0
row.5309 minecraft:old_growth_pine_taiga -4500,-1500 3000,10000 -1900,-1100 -10000,-3750 10000,10000 4000,5666 0
row.5310 minecraft:grove -4500,-1500 3000,10000 -1100,300 -10000,-7799 0,0 4000,5666 0
row.5311 minecraft:grove -4500,-1500 3000,10000 -1100,300 -10000,-7799 10000,10000 4000,5666 0
row.5312 minecraft:frozen_peaks -4500,-1500 3000,10000 300,10000 -10000,-7799 0,0 4000,5666 0
row.5313 minecraft:frozen_peaks -4500,-1500 3000,10000 300,10000 -10000,-7799 10000,10000 4000,5666 0
row.5314 minecraft:old_growth_pine_taiga -4500,-1500 3000,10000 -1100,300 -7799,-3750 0,0 4000,5666 0
row.5315 minecraft:old_growth_pine_taiga -4500,-1500 3000,10000 -1100,300 -7799,-3750 10000,10000 4000,5666 0
row.5316 minecraft:grove -4500,-1500 3000,10000 300,10000 -7799,-3750 0,0 4000,5666 0
row.5317 minecraft:grove -4500,-1500 3000,10000 300,10000 -7799,-3750 10000,10000 4000,5666 0
row.5318 minecraft:old_growth_pine_taiga -4500,-1500 3000,10000 -1900,300 -3750,500 0,0 4000,5666 0
row.5319 minecraft:old_growth_pine_taiga -4500,-1500 3000,10000 -1900,300 -3750,500 10000,10000 4000,5666 0
row.5320 minecraft:old_growth_pine_taiga -4500,-1500 3000,10000 300,10000 -3750,-2225 0,0 4000,5666 0
row.5321 minecraft:old_growth_pine_taiga -4500,-1500 3000,10000 300,10000 -3750,-2225 10000,10000 4000,5666 0
row.5322 minecraft:old_growth_pine_taiga -4500,-1500 3000,10000 300,3000 -2225,500 0,0 4000,5666 0
row.5323 minecraft:old_growth_pine_taiga -4500,-1500 3000,10000 300,3000 -2225,500 10000,10000 4000,5666 0
row.5324 minecraft:old_growth_pine_taiga -4500,-1500 3000,10000 3000,10000 -2225,500 0,0 4000,5666 0
row.5325 minecraft:old_growth_pine_taiga -4500,-1500 3000,10000 3000,10000 -2225,500 10000,10000 4000,5666 0
row.5326 minecraft:old_growth_pine_taiga -4500,-1500 3000,10000 -1900,10000 500,4500 0,0 4000,5666 0
row.5327 minecraft:old_growth_pine_taiga -4500,-1500 3000,10000 -1900,10000 500,4500 10000,10000 4000,5666 0
row.5328 minecraft:old_growth_pine_taiga -4500,-1500 3000,10000 -1900,300 4500,5500 0,0 4000,5666 0
row.5329 minecraft:old_growth_pine_taiga -4500,-1500 3000,10000 -1900,300 4500,5500 10000,10000 4000,5666 0
row.5330 minecraft:windswept_forest -4500,-1500 3000,10000 300,10000 4500,5500 0,0 4000,5666 0
row.5331 minecraft:windswept_forest -4500,-1500 3000,10000 300,10000 4500,5500 10000,10000 4000,5666 0
row.5332 minecraft:old_growth_pine_taiga -4500,-1500 3000,10000 -1900,10000 5500,10000 0,0 4000,5666 0
row.5333 minecraft:old_growth_pine_taiga -4500,-1500 3000,10000 -1900,10000 5500,10000 10000,10000 4000,5666 0
row.5334 minecraft:sunflower_plains -1500,2000 -10000,-3500 -1900,-1100 -10000,-3750 0,0 4000,5666 0
row.5335 minecraft:sunflower_plains -1500,2000 -10000,-3500 -1900,-1100 -10000,-3750 10000,10000 4000,5666 0
row.5336 minecraft:snowy_slopes -1500,2000 -10000,-3500 -1100,300 -10000,-7799 0,0 4000,5666 0
row.5337 minecraft:snowy_slopes -1500,2000 -10000,-3500 -1100,300 -10000,-7799 10000,10000 4000,5666 0
row.5338 minecraft:frozen_peaks -1500,2000 -10000,-3500 300,10000 -10000,-7799 0,0 4000,5666 0
row.5339 minecraft:frozen_peaks -1500,2000 -10000,-3500 300,10000 -10000,-7799 10000,10000 4000,5666 0
row.5340 minecraft:sunflower_plains -1500,2000 -10000,-3500 -1100,300 -7799,-3750 0,0 4000,5666 0
row.5341 minecraft:sunflower_plains -1500,2000 -10000,-3500 -1100,300 -7799,-3750 10000,10000 4000,5666 0
row.5342 minecraft:snowy_slopes -1500,2000 -10000,-3500 300,10000 -7799,-3750 0,0 4000,5666 0
row.5343 minecraft:snowy_slopes -1500,2000 -10000,-3500 300,10000 -7799,-3750 10000,10000 4000,5666 0
row.5344 minecraft:sunflower_plains -1500,2000 -10000,-3500 -1900,300 -3750,500 0,0 4000,5666 0
row.5345 minecraft:sunflower_plains -1500,2000 -10000,-3500 -1900,300 -3750,500 10000,10000 4000,5666 0
row.5346 minecraft:cherry_grove -1500,2000 -10000,-3500 300,10000 -3750,-2225 0,0 4000,5666 0
row.5347 minecraft:cherry_grove -1500,2000 -10000,-3500 300,10000 -3750,-2225 10000,10000 4000,5666 0
row.5348 minecraft:sunflower_plains -1500,2000 -10000,-3500 300,3000 -2225,500 0,0 4000,5666 0
row.5349 minecraft:sunflower_plains -1500,2000 -10000,-3500 300,3000 -2225,500 10000,10000 4000,5666 0
row.5350 minecraft:cherry_grove -1500,2000 -10000,-3500 3000,10000 -2225,500 0,0 4000,5666 0
row.5351 minecraft:cherry_grove -1500,2000 -10000,-3500 3000,10000 -2225,500 10000,10000 4000,5666 0
row.5352 minecraft:sunflower_plains -1500,2000 -10000,-3500 -1900,10000 500,4500 0,0 4000,5666 0
row.5353 minecraft:sunflower_plains -1500,2000 -10000,-3500 -1900,10000 500,4500 10000,10000 4000,5666 0
row.5354 minecraft:windswept_savanna -1500,2000 -10000,-3500 -1900,300 4500,5500 0,0 4000,5666 0
row.5355 minecraft:windswept_savanna -1500,2000 -10000,-3500 -1900,300 4500,5500 10000,10000 4000,5666 0
row.5356 minecraft:windswept_hills -1500,2000 -10000,-3500 300,10000 4500,5500 0,0 4000,5666 0
row.5357 minecraft:windswept_hills -1500,2000 -10000,-3500 300,10000 4500,5500 10000,10000 4000,5666 0
row.5358 minecraft:sunflower_plains -1500,2000 -10000,-3500 -1900,10000 5500,10000 0,0 4000,5666 0
row.5359 minecraft:sunflower_plains -1500,2000 -10000,-3500 -1900,10000 5500,10000 10000,10000 4000,5666 0
row.5360 minecraft:plains -1500,2000 -3500,-1000 -1900,-1100 -10000,-3750 0,0 4000,5666 0
row.5361 minecraft:plains -1500,2000 -3500,-1000 -1900,-1100 -10000,-3750 10000,10000 4000,5666 0
row.5362 minecraft:snowy_slopes -1500,2000 -3500,-1000 -1100,300 -10000,-7799 0,0 4000,5666 0
row.5363 minecraft:snowy_slopes -1500,2000 -3500,-1000 -1100,300 -10000,-7799 10000,10000 4000,5666 0
row.5364 minecraft:frozen_peaks -1500,2000 -3500,-1000 300,10000 -10000,-7799 0,0 4000,5666 0
row.5365 minecraft:frozen_peaks -1500,2000 -3500,-1000 300,10000 -10000,-7799 10000,10000 4000,5666 0
row.5366 minecraft:plains -1500,2000 -3500,-1000 -1100,300 -7799,-3750 0,0 4000,5666 0
row.5367 minecraft:plains -1500,2000 -3500,-1000 -1100,300 -7799,-3750 10000,10000 4000,5666 0
row.5368 minecraft:snowy_slopes -1500,2000 -3500,-1000 300,10000 -7799,-3750 0,0 4000,5666 0
row.5369 minecraft:snowy_slopes -1500,2000 -3500,-1000 300,10000 -7799,-3750 10000,10000 4000,5666 0
row.5370 minecraft:plains -1500,2000 -3500,-1000 -1900,300 -3750,500 0,0 4000,5666 0
row.5371 minecraft:plains -1500,2000 -3500,-1000 -1900,300 -3750,500 10000,10000 4000,5666 0
row.5372 minecraft:cherry_grove -1500,2000 -3500,-1000 300,10000 -3750,-2225 0,0 4000,5666 0
row.5373 minecraft:cherry_grove -1500,2000 -3500,-1000 300,10000 -3750,-2225 10000,10000 4000,5666 0
row.5374 minecraft:plains -1500,2000 -3500,-1000 300,3000 -2225,500 0,0 4000,5666 0
row.5375 minecraft:plains -1500,2000 -3500,-1000 300,3000 -2225,500 10000,10000 4000,5666 0
row.5376 minecraft:cherry_grove -1500,2000 -3500,-1000 3000,10000 -2225,500 0,0 4000,5666 0
row.5377 minecraft:cherry_grove -1500,2000 -3500,-1000 3000,10000 -2225,500 10000,10000 4000,5666 0
row.5378 minecraft:plains -1500,2000 -3500,-1000 -1900,10000 500,4500 0,0 4000,5666 0
row.5379 minecraft:plains -1500,2000 -3500,-1000 -1900,10000 500,4500 10000,10000 4000,5666 0
row.5380 minecraft:windswept_savanna -1500,2000 -3500,-1000 -1900,300 4500,5500 0,0 4000,5666 0
row.5381 minecraft:windswept_savanna -1500,2000 -3500,-1000 -1900,300 4500,5500 10000,10000 4000,5666 0
row.5382 minecraft:windswept_hills -1500,2000 -3500,-1000 300,10000 4500,5500 0,0 4000,5666 0
row.5383 minecraft:windswept_hills -1500,2000 -3500,-1000 300,10000 4500,5500 10000,10000 4000,5666 0
row.5384 minecraft:plains -1500,2000 -3500,-1000 -1900,10000 5500,10000 0,0 4000,5666 0
row.5385 minecraft:plains -1500,2000 -3500,-1000 -1900,10000 5500,10000 10000,10000 4000,5666 0
row.5386 minecraft:forest -1500,2000 -1000,1000 -1900,-1100 -10000,-3750 0,0 4000,5666 0
row.5387 minecraft:forest -1500,2000 -1000,1000 -1900,-1100 -10000,-3750 10000,10000 4000,5666 0
row.5388 minecraft:grove -1500,2000 -1000,1000 -1100,300 -10000,-7799 0,0 4000,5666 0
row.5389 minecraft:grove -1500,2000 -1000,1000 -1100,300 -10000,-7799 10000,10000 4000,5666 0
row.5390 minecraft:frozen_peaks -1500,2000 -1000,1000 300,10000 -10000,-7799 0,0 4000,5666 0
row.5391 minecraft:frozen_peaks -1500,2000 -1000,1000 300,10000 -10000,-7799 10000,10000 4000,5666 0
row.5392 minecraft:forest -1500,2000 -1000,1000 -1100,300 -7799,-3750 0,0 4000,5666 0
row.5393 minecraft:forest -1500,2000 -1000,1000 -1100,300 -7799,-3750 10000,10000 4000,5666 0
row.5394 minecraft:grove -1500,2000 -1000,1000 300,10000 -7799,-3750 0,0 4000,5666 0
row.5395 minecraft:grove -1500,2000 -1000,1000 300,10000 -7799,-3750 10000,10000 4000,5666 0
row.5396 minecraft:forest -1500,2000 -1000,1000 -1900,300 -3750,500 0,0 4000,5666 0
row.5397 minecraft:forest -1500,2000 -1000,1000 -1900,300 -3750,500 10000,10000 4000,5666 0
row.5398 minecraft:forest -1500,2000 -1000,1000 300,10000 -3750,-2225 0,0 4000,5666 0
row.5399 minecraft:forest -1500,2000 -1000,1000 300,10000 -3750,-2225 10000,10000 4000,5666 0
row.5400 minecraft:forest -1500,2000 -1000,1000 300,3000 -2225,500 0,0 4000,5666 0
row.5401 minecraft:forest -1500,2000 -1000,1000 300,3000 -2225,500 10000,10000 4000,5666 0
row.5402 minecraft:forest -1500,2000 -1000,1000 3000,10000 -2225,500 0,0 4000,5666 0
row.5403 minecraft:forest -1500,2000 -1000,1000 3000,10000 -2225,500 10000,10000 4000,5666 0
row.5404 minecraft:forest -1500,2000 -1000,1000 -1900,10000 500,4500 0,0 4000,5666 0
row.5405 minecraft:forest -1500,2000 -1000,1000 -1900,10000 500,4500 10000,10000 4000,5666 0
row.5406 minecraft:windswept_savanna -1500,2000 -1000,1000 -1900,300 4500,5500 0,0 4000,5666 0
row.5407 minecraft:windswept_savanna -1500,2000 -1000,1000 -1900,300 4500,5500 10000,10000 4000,5666 0
row.5408 minecraft:windswept_hills -1500,2000 -1000,1000 300,10000 4500,5500 0,0 4000,5666 0
row.5409 minecraft:windswept_hills -1500,2000 -1000,1000 300,10000 4500,5500 10000,10000 4000,5666 0
row.5410 minecraft:forest -1500,2000 -1000,1000 -1900,10000 5500,10000 0,0 4000,5666 0
row.5411 minecraft:forest -1500,2000 -1000,1000 -1900,10000 5500,10000 10000,10000 4000,5666 0
row.5412 minecraft:old_growth_birch_forest -1500,2000 1000,3000 -1900,-1100 -10000,-3750 0,0 4000,5666 0
row.5413 minecraft:old_growth_birch_forest -1500,2000 1000,3000 -1900,-1100 -10000,-3750 10000,10000 4000,5666 0
row.5414 minecraft:grove -1500,2000 1000,3000 -1100,300 -10000,-7799 0,0 4000,5666 0
row.5415 minecraft:grove -1500,2000 1000,3000 -1100,300 -10000,-7799 10000,10000 4000,5666 0
row.5416 minecraft:frozen_peaks -1500,2000 1000,3000 300,10000 -10000,-7799 0,0 4000,5666 0
row.5417 minecraft:frozen_peaks -1500,2000 1000,3000 300,10000 -10000,-7799 10000,10000 4000,5666 0
row.5418 minecraft:old_growth_birch_forest -1500,2000 1000,3000 -1100,300 -7799,-3750 0,0 4000,5666 0
row.5419 minecraft:old_growth_birch_forest -1500,2000 1000,3000 -1100,300 -7799,-3750 10000,10000 4000,5666 0
row.5420 minecraft:grove -1500,2000 1000,3000 300,10000 -7799,-3750 0,0 4000,5666 0
row.5421 minecraft:grove -1500,2000 1000,3000 300,10000 -7799,-3750 10000,10000 4000,5666 0
row.5422 minecraft:old_growth_birch_forest -1500,2000 1000,3000 -1900,300 -3750,500 0,0 4000,5666 0
row.5423 minecraft:old_growth_birch_forest -1500,2000 1000,3000 -1900,300 -3750,500 10000,10000 4000,5666 0
row.5424 minecraft:birch_forest -1500,2000 1000,3000 300,10000 -3750,-2225 0,0 4000,5666 0
row.5425 minecraft:birch_forest -1500,2000 1000,3000 300,10000 -3750,-2225 10000,10000 4000,5666 0
row.5426 minecraft:old_growth_birch_forest -1500,2000 1000,3000 300,3000 -2225,500 0,0 4000,5666 0
row.5427 minecraft:old_growth_birch_forest -1500,2000 1000,3000 300,3000 -2225,500 10000,10000 4000,5666 0
row.5428 minecraft:birch_forest -1500,2000 1000,3000 3000,10000 -2225,500 0,0 4000,5666 0
row.5429 minecraft:birch_forest -1500,2000 1000,3000 3000,10000 -2225,500 10000,10000 4000,5666 0
row.5430 minecraft:old_growth_birch_forest -1500,2000 1000,3000 -1900,10000 500,4500 0,0 4000,5666 0
row.5431 minecraft:old_growth_birch_forest -1500,2000 1000,3000 -1900,10000 500,4500 10000,10000 4000,5666 0
row.5432 minecraft:windswept_savanna -1500,2000 1000,3000 -1900,300 4500,5500 0,0 4000,5666 0
row.5433 minecraft:windswept_savanna -1500,2000 1000,3000 -1900,300 4500,5500 10000,10000 4000,5666 0
row.5434 minecraft:windswept_forest -1500,2000 1000,3000 300,10000 4500,5500 0,0 4000,5666 0
row.5435 minecraft:windswept_forest -1500,2000 1000,3000 300,10000 4500,5500 10000,10000 4000,5666 0
row.5436 minecraft:old_growth_birch_forest -1500,2000 1000,3000 -1900,10000 5500,10000 0,0 4000,5666 0
row.5437 minecraft:old_growth_birch_forest -1500,2000 1000,3000 -1900,10000 5500,10000 10000,10000 4000,5666 0
row.5438 minecraft:dark_forest -1500,2000 3000,10000 -1900,-1100 -10000,-3750 0,0 4000,5666 0
row.5439 minecraft:dark_forest -1500,2000 3000,10000 -1900,-1100 -10000,-3750 10000,10000 4000,5666 0
row.5440 minecraft:grove -1500,2000 3000,10000 -1100,300 -10000,-7799 0,0 4000,5666 0
row.5441 minecraft:grove -1500,2000 3000,10000 -1100,300 -10000,-7799 10000,10000 4000,5666 0
row.5442 minecraft:frozen_peaks -1500,2000 3000,10000 300,10000 -10000,-7799 0,0 4000,5666 0
row.5443 minecraft:frozen_peaks -1500,2000 3000,10000 300,10000 -10000,-7799 10000,10000 4000,5666 0
row.5444 minecraft:dark_forest -1500,2000 3000,10000 -1100,300 -7799,-3750 0,0 4000,5666 0
row.5445 minecraft:dark_forest -1500,2000 3000,10000 -1100,300 -7799,-3750 10000,10000 4000,5666 0
row.5446 minecraft:grove -1500,2000 3000,10000 300,10000 -7799,-3750 0,0 4000,5666 0
row.5447 minecraft:grove -1500,2000 3000,10000 300,10000 -7799,-3750 10000,10000 4000,5666 0
row.5448 minecraft:dark_forest -1500,2000 3000,10000 -1900,300 -3750,500 0,0 4000,5666 0
row.5449 minecraft:dark_forest -1500,2000 3000,10000 -1900,300 -3750,500 10000,10000 4000,5666 0
row.5450 minecraft:pale_garden -1500,2000 3000,10000 300,10000 -3750,-2225 0,0 4000,5666 0
row.5451 minecraft:pale_garden -1500,2000 3000,10000 300,10000 -3750,-2225 10000,10000 4000,5666 0
row.5452 minecraft:dark_forest -1500,2000 3000,10000 300,3000 -2225,500 0,0 4000,5666 0
row.5453 minecraft:dark_forest -1500,2000 3000,10000 300,3000 -2225,500 10000,10000 4000,5666 0
row.5454 minecraft:pale_garden -1500,2000 3000,10000 3000,10000 -2225,500 0,0 4000,5666 0
row.5455 minecraft:pale_garden -1500,2000 3000,10000 3000,10000 -2225,500 10000,10000 4000,5666 0
row.5456 minecraft:dark_forest -1500,2000 3000,10000 -1900,10000 500,4500 0,0 4000,5666 0
row.5457 minecraft:dark_forest -1500,2000 3000,10000 -1900,10000 500,4500 10000,10000 4000,5666 0
row.5458 minecraft:dark_forest -1500,2000 3000,10000 -1900,300 4500,5500 0,0 4000,5666 0
row.5459 minecraft:dark_forest -1500,2000 3000,10000 -1900,300 4500,5500 10000,10000 4000,5666 0
row.5460 minecraft:windswept_forest -1500,2000 3000,10000 300,10000 4500,5500 0,0 4000,5666 0
row.5461 minecraft:windswept_forest -1500,2000 3000,10000 300,10000 4500,5500 10000,10000 4000,5666 0
row.5462 minecraft:dark_forest -1500,2000 3000,10000 -1900,10000 5500,10000 0,0 4000,5666 0
row.5463 minecraft:dark_forest -1500,2000 3000,10000 -1900,10000 5500,10000 10000,10000 4000,5666 0
row.5464 minecraft:savanna 2000,5500 -10000,-3500 -1900,-1100 -10000,-3750 0,0 4000,5666 0
row.5465 minecraft:savanna 2000,5500 -10000,-3500 -1900,-1100 -10000,-3750 10000,10000 4000,5666 0
row.5466 minecraft:savanna_plateau 2000,5500 -10000,-3500 -1100,300 -10000,-7799 0,0 4000,5666 0
row.5467 minecraft:savanna_plateau 2000,5500 -10000,-3500 -1100,300 -10000,-7799 10000,10000 4000,5666 0
row.5468 minecraft:stony_peaks 2000,5500 -10000,-3500 300,10000 -10000,-7799 0,0 4000,5666 0
row.5469 minecraft:stony_peaks 2000,5500 -10000,-3500 300,10000 -10000,-7799 10000,10000 4000,5666 0
row.5470 minecraft:savanna 2000,5500 -10000,-3500 -1100,300 -7799,-3750 0,0 4000,5666 0
row.5471 minecraft:savanna 2000,5500 -10000,-3500 -1100,300 -7799,-3750 10000,10000 4000,5666 0
row.5472 minecraft:savanna_plateau 2000,5500 -10000,-3500 300,10000 -7799,-3750 0,0 4000,5666 0
row.5473 minecraft:savanna_plateau 2000,5500 -10000,-3500 300,10000 -7799,-3750 10000,10000 4000,5666 0
row.5474 minecraft:savanna 2000,5500 -10000,-3500 -1900,300 -3750,500 0,0 4000,5666 0
row.5475 minecraft:savanna 2000,5500 -10000,-3500 -1900,300 -3750,500 10000,10000 4000,5666 0
row.5476 minecraft:savanna_plateau 2000,5500 -10000,-3500 300,10000 -3750,-2225 0,0 4000,5666 0
row.5477 minecraft:savanna_plateau 2000,5500 -10000,-3500 300,10000 -3750,-2225 10000,10000 4000,5666 0
row.5478 minecraft:savanna 2000,5500 -10000,-3500 300,3000 -2225,500 0,0 4000,5666 0
row.5479 minecraft:savanna 2000,5500 -10000,-3500 300,3000 -2225,500 10000,10000 4000,5666 0
row.5480 minecraft:savanna_plateau 2000,5500 -10000,-3500 3000,10000 -2225,500 0,0 4000,5666 0
row.5481 minecraft:savanna_plateau 2000,5500 -10000,-3500 3000,10000 -2225,500 10000,10000 4000,5666 0
row.5482 minecraft:savanna 2000,5500 -10000,-3500 -1900,10000 500,4500 0,0 4000,5666 0
row.5483 minecraft:savanna 2000,5500 -10000,-3500 -1900,10000 500,4500 10000,10000 4000,5666 0
row.5484 minecraft:windswept_savanna 2000,5500 -10000,-3500 -1900,300 4500,5500 0,0 4000,5666 0
row.5485 minecraft:windswept_savanna 2000,5500 -10000,-3500 -1900,300 4500,5500 10000,10000 4000,5666 0
row.5486 minecraft:savanna 2000,5500 -10000,-3500 300,10000 4500,5500 0,0 4000,5666 0
row.5487 minecraft:savanna 2000,5500 -10000,-3500 300,10000 4500,5500 10000,10000 4000,5666 0
row.5488 minecraft:savanna 2000,5500 -10000,-3500 -1900,10000 5500,10000 0,0 4000,5666 0
row.5489 minecraft:savanna 2000,5500 -10000,-3500 -1900,10000 5500,10000 10000,10000 4000,5666 0
row.5490 minecraft:savanna 2000,5500 -3500,-1000 -1900,-1100 -10000,-3750 0,0 4000,5666 0
row.5491 minecraft:savanna 2000,5500 -3500,-1000 -1900,-1100 -10000,-3750 10000,10000 4000,5666 0
row.5492 minecraft:savanna_plateau 2000,5500 -3500,-1000 -1100,300 -10000,-7799 0,0 4000,5666 0
row.5493 minecraft:savanna_plateau 2000,5500 -3500,-1000 -1100,300 -10000,-7799 10000,10000 4000,5666 0
row.5494 minecraft:stony_peaks 2000,5500 -3500,-1000 300,10000 -10000,-7799 0,0 4000,5666 0
row.5495 minecraft:stony_peaks 2000,5500 -3500,-1000 300,10000 -10000,-7799 10000,10000 4000,5666 0
row.5496 minecraft:savanna 2000,5500 -3500,-1000 -1100,300 -7799,-3750 0,0 4000,5666 0
row.5497 minecraft:savanna 2000,5500 -3500,-1000 -1100,300 -7799,-3750 10000,10000 4000,5666 0
row.5498 minecraft:savanna_plateau 2000,5500 -3500,-1000 300,10000 -7799,-3750 0,0 4000,5666 0
row.5499 minecraft:savanna_plateau 2000,5500 -3500,-1000 300,10000 -7799,-3750 10000,10000 4000,5666 0
row.5500 minecraft:savanna 2000,5500 -3500,-1000 -1900,300 -3750,500 0,0 4000,5666 0
row.5501 minecraft:savanna 2000,5500 -3500,-1000 -1900,300 -3750,500 10000,10000 4000,5666 0
row.5502 minecraft:savanna_plateau 2000,5500 -3500,-1000 300,10000 -3750,-2225 0,0 4000,5666 0
row.5503 minecraft:savanna_plateau 2000,5500 -3500,-1000 300,10000 -3750,-2225 10000,10000 4000,5666 0
row.5504 minecraft:savanna 2000,5500 -3500,-1000 300,3000 -2225,500 0,0 4000,5666 0
row.5505 minecraft:savanna 2000,5500 -3500,-1000 300,3000 -2225,500 10000,10000 4000,5666 0
row.5506 minecraft:savanna_plateau 2000,5500 -3500,-1000 3000,10000 -2225,500 0,0 4000,5666 0
row.5507 minecraft:savanna_plateau 2000,5500 -3500,-1000 3000,10000 -2225,500 10000,10000 4000,5666 0
row.5508 minecraft:savanna 2000,5500 -3500,-1000 -1900,10000 500,4500 0,0 4000,5666 0
row.5509 minecraft:savanna 2000,5500 -3500,-1000 -1900,10000 500,4500 10000,10000 4000,5666 0
row.5510 minecraft:windswept_savanna 2000,5500 -3500,-1000 -1900,300 4500,5500 0,0 4000,5666 0
row.5511 minecraft:windswept_savanna 2000,5500 -3500,-1000 -1900,300 4500,5500 10000,10000 4000,5666 0
row.5512 minecraft:savanna 2000,5500 -3500,-1000 300,10000 4500,5500 0,0 4000,5666 0
row.5513 minecraft:savanna 2000,5500 -3500,-1000 300,10000 4500,5500 10000,10000 4000,5666 0
row.5514 minecraft:savanna 2000,5500 -3500,-1000 -1900,10000 5500,10000 0,0 4000,5666 0
row.5515 minecraft:savanna 2000,5500 -3500,-1000 -1900,10000 5500,10000 10000,10000 4000,5666 0
row.5516 minecraft:plains 2000,5500 -1000,1000 -1900,-1100 -10000,-3750 0,0 4000,5666 0
row.5517 minecraft:plains 2000,5500 -1000,1000 -1900,-1100 -10000,-3750 10000,10000 4000,5666 0
row.5518 minecraft:forest 2000,5500 -1000,1000 -1100,300 -10000,-7799 0,0 4000,5666 0
row.5519 minecraft:forest 2000,5500 -1000,1000 -1100,300 -10000,-7799 10000,10000 4000,5666 0
row.5520 minecraft:stony_peaks 2000,5500 -1000,1000 300,10000 -10000,-7799 0,0 4000,5666 0
row.5521 minecraft:stony_peaks 2000,5500 -1000,1000 300,10000 -10000,-7799 10000,10000 4000,5666 0
row.5522 minecraft:plains 2000,5500 -1000,1000 -1100,300 -7799,-3750 0,0 4000,5666 0
row.5523 minecraft:plains 2000,5500 -1000,1000 -1100,300 -7799,-3750 10000,10000 4000,5666 0
row.5524 minecraft:forest 2000,5500 -1000,1000 300,10000 -7799,-3750 0,0 4000,5666 0
row.5525 minecraft:forest 2000,5500 -1000,1000 300,10000 -7799,-3750 10000,10000 4000,5666 0
row.5526 minecraft:plains 2000,5500 -1000,1000 -1900,300 -3750,500 0,0 4000,5666 0
row.5527 minecraft:plains 2000,5500 -1000,1000 -1900,300 -3750,500 10000,10000 4000,5666 0
row.5528 minecraft:forest 2000,5500 -1000,1000 300,10000 -3750,-2225 0,0 4000,5666 0
row.5529 minecraft:forest 2000,5500 -1000,1000 300,10000 -3750,-2225 10000,10000 4000,5666 0
row.5530 minecraft:plains 2000,5500 -1000,1000 300,3000 -2225,500 0,0 4000,5666 0
row.5531 minecraft:plains 2000,5500 -1000,1000 300,3000 -2225,500 10000,10000 4000,5666 0
row.5532 minecraft:forest 2000,5500 -1000,1000 3000,10000 -2225,500 0,0 4000,5666 0
row.5533 minecraft:forest 2000,5500 -1000,1000 3000,10000 -2225,500 10000,10000 4000,5666 0
row.5534 minecraft:plains 2000,5500 -1000,1000 -1900,10000 500,4500 0,0 4000,5666 0
row.5535 minecraft:plains 2000,5500 -1000,1000 -1900,10000 500,4500 10000,10000 4000,5666 0
row.5536 minecraft:windswept_savanna 2000,5500 -1000,1000 -1900,300 4500,5500 0,0 4000,5666 0
row.5537 minecraft:windswept_savanna 2000,5500 -1000,1000 -1900,300 4500,5500 10000,10000 4000,5666 0
row.5538 minecraft:plains 2000,5500 -1000,1000 300,10000 4500,5500 0,0 4000,5666 0
row.5539 minecraft:plains 2000,5500 -1000,1000 300,10000 4500,5500 10000,10000 4000,5666 0
row.5540 minecraft:plains 2000,5500 -1000,1000 -1900,10000 5500,10000 0,0 4000,5666 0
row.5541 minecraft:plains 2000,5500 -1000,1000 -1900,10000 5500,10000 10000,10000 4000,5666 0
row.5542 minecraft:sparse_jungle 2000,5500 1000,3000 -1900,-1100 -10000,-3750 0,0 4000,5666 0
row.5543 minecraft:sparse_jungle 2000,5500 1000,3000 -1900,-1100 -10000,-3750 10000,10000 4000,5666 0
row.5544 minecraft:forest 2000,5500 1000,3000 -1100,300 -10000,-7799 0,0 4000,5666 0
row.5545 minecraft:forest 2000,5500 1000,3000 -1100,300 -10000,-7799 10000,10000 4000,5666 0
row.5546 minecraft:stony_peaks 2000,5500 1000,3000 300,10000 -10000,-7799 0,0 4000,5666 0
row.5547 minecraft:stony_peaks 2000,5500 1000,3000 300,10000 -10000,-7799 10000,10000 4000,5666 0
row.5548 minecraft:sparse_jungle 2000,5500 1000,3000 -1100,300 -7799,-3750 0,0 4000,5666 0
row.5549 minecraft:sparse_jungle 2000,5500 1000,3000 -1100,300 -7799,-3750 10000,10000 4000,5666 0
row.5550 minecraft:forest 2000,5500 1000,3000 300,10000 -7799,-3750 0,0 4000,5666 0
row.5551 minecraft:forest 2000,5500 1000,3000 300,10000 -7799,-3750 10000,10000 4000,5666 0
row.5552 minecraft:sparse_jungle 2000,5500 1000,3000 -1900,300 -3750,500 0,0 4000,5666 0
row.5553 minecraft:sparse_jungle 2000,5500 1000,3000 -1900,300 -3750,500 10000,10000 4000,5666 0
row.5554 minecraft:forest 2000,5500 1000,3000 300,10000 -3750,-2225 0,0 4000,5666 0
row.5555 minecraft:forest 2000,5500 1000,3000 300,10000 -3750,-2225 10000,10000 4000,5666 0
row.5556 minecraft:sparse_jungle 2000,5500 1000,3000 300,3000 -2225,500 0,0 4000,5666 0
row.5557 minecraft:sparse_jungle 2000,5500 1000,3000 300,3000 -2225,500 10000,10000 4000,5666 0
row.5558 minecraft:forest 2000,5500 1000,3000 3000,10000 -2225,500 0,0 4000,5666 0
row.5559 minecraft:forest 2000,5500 1000,3000 3000,10000 -2225,500 10000,10000 4000,5666 0
row.5560 minecraft:sparse_jungle 2000,5500 1000,3000 -1900,10000 500,4500 0,0 4000,5666 0
row.5561 minecraft:sparse_jungle 2000,5500 1000,3000 -1900,10000 500,4500 10000,10000 4000,5666 0
row.5562 minecraft:windswept_savanna 2000,5500 1000,3000 -1900,300 4500,5500 0,0 4000,5666 0
row.5563 minecraft:windswept_savanna 2000,5500 1000,3000 -1900,300 4500,5500 10000,10000 4000,5666 0
row.5564 minecraft:sparse_jungle 2000,5500 1000,3000 300,10000 4500,5500 0,0 4000,5666 0
row.5565 minecraft:sparse_jungle 2000,5500 1000,3000 300,10000 4500,5500 10000,10000 4000,5666 0
row.5566 minecraft:sparse_jungle 2000,5500 1000,3000 -1900,10000 5500,10000 0,0 4000,5666 0
row.5567 minecraft:sparse_jungle 2000,5500 1000,3000 -1900,10000 5500,10000 10000,10000 4000,5666 0
row.5568 minecraft:bamboo_jungle 2000,5500 3000,10000 -1900,-1100 -10000,-3750 0,0 4000,5666 0
row.5569 minecraft:bamboo_jungle 2000,5500 3000,10000 -1900,-1100 -10000,-3750 10000,10000 4000,5666 0
row.5570 minecraft:jungle 2000,5500 3000,10000 -1100,300 -10000,-7799 0,0 4000,5666 0
row.5571 minecraft:jungle 2000,5500 3000,10000 -1100,300 -10000,-7799 10000,10000 4000,5666 0
row.5572 minecraft:stony_peaks 2000,5500 3000,10000 300,10000 -10000,-7799 0,0 4000,5666 0
row.5573 minecraft:stony_peaks 2000,5500 3000,10000 300,10000 -10000,-7799 10000,10000 4000,5666 0
row.5574 minecraft:bamboo_jungle 2000,5500 3000,10000 -1100,300 -7799,-3750 0,0 4000,5666 0
row.5575 minecraft:bamboo_jungle 2000,5500 3000,10000 -1100,300 -7799,-3750 10000,10000 4000,5666 0
row.5576 minecraft:jungle 2000,5500 3000,10000 300,10000 -7799,-3750 0,0 4000,5666 0
row.5577 minecraft:jungle 2000,5500 3000,10000 300,10000 -7799,-3750 10000,10000 4000,5666 0
row.5578 minecraft:bamboo_jungle 2000,5500 3000,10000 -1900,300 -3750,500 0,0 4000,5666 0
row.5579 minecraft:bamboo_jungle 2000,5500 3000,10000 -1900,300 -3750,500 10000,10000 4000,5666 0
row.5580 minecraft:jungle 2000,5500 3000,10000 300,10000 -3750,-2225 0,0 4000,5666 0
row.5581 minecraft:jungle 2000,5500 3000,10000 300,10000 -3750,-2225 10000,10000 4000,5666 0
row.5582 minecraft:bamboo_jungle 2000,5500 3000,10000 300,3000 -2225,500 0,0 4000,5666 0
row.5583 minecraft:bamboo_jungle 2000,5500 3000,10000 300,3000 -2225,500 10000,10000 4000,5666 0
row.5584 minecraft:jungle 2000,5500 3000,10000 3000,10000 -2225,500 0,0 4000,5666 0
row.5585 minecraft:jungle 2000,5500 3000,10000 3000,10000 -2225,500 10000,10000 4000,5666 0
row.5586 minecraft:bamboo_jungle 2000,5500 3000,10000 -1900,10000 500,4500 0,0 4000,5666 0
row.5587 minecraft:bamboo_jungle 2000,5500 3000,10000 -1900,10000 500,4500 10000,10000 4000,5666 0
row.5588 minecraft:bamboo_jungle 2000,5500 3000,10000 -1900,300 4500,5500 0,0 4000,5666 0
row.5589 minecraft:bamboo_jungle 2000,5500 3000,10000 -1900,300 4500,5500 10000,10000 4000,5666 0
row.5590 minecraft:bamboo_jungle 2000,5500 3000,10000 300,10000 4500,5500 0,0 4000,5666 0
row.5591 minecraft:bamboo_jungle 2000,5500 3000,10000 300,10000 4500,5500 10000,10000 4000,5666 0
row.5592 minecraft:bamboo_jungle 2000,5500 3000,10000 -1900,10000 5500,10000 0,0 4000,5666 0
row.5593 minecraft:bamboo_jungle 2000,5500 3000,10000 -1900,10000 5500,10000 10000,10000 4000,5666 0
row.5594 minecraft:desert 5500,10000 -10000,-3500 -1900,-1100 -10000,-3750 0,0 4000,5666 0
row.5595 minecraft:desert 5500,10000 -10000,-3500 -1900,-1100 -10000,-3750 10000,10000 4000,5666 0
row.5596 minecraft:eroded_badlands 5500,10000 -10000,-3500 -1100,300 -10000,-7799 0,0 4000,5666 0
row.5597 minecraft:eroded_badlands 5500,10000 -10000,-3500 -1100,300 -10000,-7799 10000,10000 4000,5666 0
row.5598 minecraft:eroded_badlands 5500,10000 -10000,-3500 300,10000 -10000,-7799 0,0 4000,5666 0
row.5599 minecraft:eroded_badlands 5500,10000 -10000,-3500 300,10000 -10000,-7799 10000,10000 4000,5666 0
row.5600 minecraft:eroded_badlands 5500,10000 -10000,-3500 -1100,300 -7799,-3750 0,0 4000,5666 0
row.5601 minecraft:eroded_badlands 5500,10000 -10000,-3500 -1100,300 -7799,-3750 10000,10000 4000,5666 0
row.5602 minecraft:eroded_badlands 5500,10000 -10000,-3500 300,10000 -7799,-3750 0,0 4000,5666 0
row.5603 minecraft:eroded_badlands 5500,10000 -10000,-3500 300,10000 -7799,-3750 10000,10000 4000,5666 0
row.5604 minecraft:desert 5500,10000 -10000,-3500 -1900,300 -3750,500 0,0 4000,5666 0
row.5605 minecraft:desert 5500,10000 -10000,-3500 -1900,300 -3750,500 10000,10000 4000,5666 0
row.5606 minecraft:eroded_badlands 5500,10000 -10000,-3500 300,10000 -3750,-2225 0,0 4000,5666 0
row.5607 minecraft:eroded_badlands 5500,10000 -10000,-3500 300,10000 -3750,-2225 10000,10000 4000,5666 0
row.5608 minecraft:eroded_badlands 5500,10000 -10000,-3500 300,3000 -2225,500 0,0 4000,5666 0
row.5609 minecraft:eroded_badlands 5500,10000 -10000,-3500 300,3000 -2225,500 10000,10000 4000,5666 0
row.5610 minecraft:eroded_badlands 5500,10000 -10000,-3500 3000,10000 -2225,500 0,0 4000,5666 0
row.5611 minecraft:eroded_badlands 5500,10000 -10000,-3500 3000,10000 -2225,500 10000,10000 4000,5666 0
row.5612 minecraft:desert 5500,10000 -10000,-3500 -1900,10000 500,4500 0,0 4000,5666 0
row.5613 minecraft:desert 5500,10000 -10000,-3500 -1900,10000 500,4500 10000,10000 4000,5666 0
row.5614 minecraft:windswept_savanna 5500,10000 -10000,-3500 -1900,300 4500,5500 0,0 4000,5666 0
row.5615 minecraft:windswept_savanna 5500,10000 -10000,-3500 -1900,300 4500,5500 10000,10000 4000,5666 0
row.5616 minecraft:desert 5500,10000 -10000,-3500 300,10000 4500,5500 0,0 4000,5666 0
row.5617 minecraft:desert 5500,10000 -10000,-3500 300,10000 4500,5500 10000,10000 4000,5666 0
row.5618 minecraft:desert 5500,10000 -10000,-3500 -1900,10000 5500,10000 0,0 4000,5666 0
row.5619 minecraft:desert 5500,10000 -10000,-3500 -1900,10000 5500,10000 10000,10000 4000,5666 0
row.5620 minecraft:desert 5500,10000 -3500,-1000 -1900,-1100 -10000,-3750 0,0 4000,5666 0
row.5621 minecraft:desert 5500,10000 -3500,-1000 -1900,-1100 -10000,-3750 10000,10000 4000,5666 0
row.5622 minecraft:eroded_badlands 5500,10000 -3500,-1000 -1100,300 -10000,-7799 0,0 4000,5666 0
row.5623 minecraft:eroded_badlands 5500,10000 -3500,-1000 -1100,300 -10000,-7799 10000,10000 4000,5666 0
row.5624 minecraft:eroded_badlands 5500,10000 -3500,-1000 300,10000 -10000,-7799 0,0 4000,5666 0
row.5625 minecraft:eroded_badlands 5500,10000 -3500,-1000 300,10000 -10000,-7799 10000,10000 4000,5666 0
row.5626 minecraft:eroded_badlands 5500,10000 -3500,-1000 -1100,300 -7799,-3750 0,0 4000,5666 0
row.5627 minecraft:eroded_badlands 5500,10000 -3500,-1000 -1100,300 -7799,-3750 10000,10000 4000,5666 0
row.5628 minecraft:eroded_badlands 5500,10000 -3500,-1000 300,10000 -7799,-3750 0,0 4000,5666 0
row.5629 minecraft:eroded_badlands 5500,10000 -3500,-1000 300,10000 -7799,-3750 10000,10000 4000,5666 0
row.5630 minecraft:desert 5500,10000 -3500,-1000 -1900,300 -3750,500 0,0 4000,5666 0
row.5631 minecraft:desert 5500,10000 -3500,-1000 -1900,300 -3750,500 10000,10000 4000,5666 0
row.5632 minecraft:eroded_badlands 5500,10000 -3500,-1000 300,10000 -3750,-2225 0,0 4000,5666 0
row.5633 minecraft:eroded_badlands 5500,10000 -3500,-1000 300,10000 -3750,-2225 10000,10000 4000,5666 0
row.5634 minecraft:eroded_badlands 5500,10000 -3500,-1000 300,3000 -2225,500 0,0 4000,5666 0
row.5635 minecraft:eroded_badlands 5500,10000 -3500,-1000 300,3000 -2225,500 10000,10000 4000,5666 0
row.5636 minecraft:eroded_badlands 5500,10000 -3500,-1000 3000,10000 -2225,500 0,0 4000,5666 0
row.5637 minecraft:eroded_badlands 5500,10000 -3500,-1000 3000,10000 -2225,500 10000,10000 4000,5666 0
row.5638 minecraft:desert 5500,10000 -3500,-1000 -1900,10000 500,4500 0,0 4000,5666 0
row.5639 minecraft:desert 5500,10000 -3500,-1000 -1900,10000 500,4500 10000,10000 4000,5666 0
row.5640 minecraft:windswept_savanna 5500,10000 -3500,-1000 -1900,300 4500,5500 0,0 4000,5666 0
row.5641 minecraft:windswept_savanna 5500,10000 -3500,-1000 -1900,300 4500,5500 10000,10000 4000,5666 0
row.5642 minecraft:desert 5500,10000 -3500,-1000 300,10000 4500,5500 0,0 4000,5666 0
row.5643 minecraft:desert 5500,10000 -3500,-1000 300,10000 4500,5500 10000,10000 4000,5666 0
row.5644 minecraft:desert 5500,10000 -3500,-1000 -1900,10000 5500,10000 0,0 4000,5666 0
row.5645 minecraft:desert 5500,10000 -3500,-1000 -1900,10000 5500,10000 10000,10000 4000,5666 0
row.5646 minecraft:desert 5500,10000 -1000,1000 -1900,-1100 -10000,-3750 0,0 4000,5666 0
row.5647 minecraft:desert 5500,10000 -1000,1000 -1900,-1100 -10000,-3750 10000,10000 4000,5666 0
row.5648 minecraft:badlands 5500,10000 -1000,1000 -1100,300 -10000,-7799 0,0 4000,5666 0
row.5649 minecraft:badlands 5500,10000 -1000,1000 -1100,300 -10000,-7799 10000,10000 4000,5666 0
row.5650 minecraft:badlands 5500,10000 -1000,1000 300,10000 -10000,-7799 0,0 4000,5666 0
row.5651 minecraft:badlands 5500,10000 -1000,1000 300,10000 -10000,-7799 10000,10000 4000,5666 0
row.5652 minecraft:badlands 5500,10000 -1000,1000 -1100,300 -7799,-3750 0,0 4000,5666 0
row.5653 minecraft:badlands 5500,10000 -1000,1000 -1100,300 -7799,-3750 10000,10000 4000,5666 0
row.5654 minecraft:badlands 5500,10000 -1000,1000 300,10000 -7799,-3750 0,0 4000,5666 0
row.5655 minecraft:badlands 5500,10000 -1000,1000 300,10000 -7799,-3750 10000,10000 4000,5666 0
row.5656 minecraft:desert 5500,10000 -1000,1000 -1900,300 -3750,500 0,0 4000,5666 0
row.5657 minecraft:desert 5500,10000 -1000,1000 -1900,300 -3750,500 10000,10000 4000,5666 0
row.5658 minecraft:badlands 5500,10000 -1000,1000 300,10000 -3750,-2225 0,0 4000,5666 0
row.5659 minecraft:badlands 5500,10000 -1000,1000 300,10000 -3750,-2225 10000,10000 4000,5666 0
row.5660 minecraft:badlands 5500,10000 -1000,1000 300,3000 -2225,500 0,0 4000,5666 0
row.5661 minecraft:badlands 5500,10000 -1000,1000 300,3000 -2225,500 10000,10000 4000,5666 0
row.5662 minecraft:badlands 5500,10000 -1000,1000 3000,10000 -2225,500 0,0 4000,5666 0
row.5663 minecraft:badlands 5500,10000 -1000,1000 3000,10000 -2225,500 10000,10000 4000,5666 0
row.5664 minecraft:desert 5500,10000 -1000,1000 -1900,10000 500,4500 0,0 4000,5666 0
row.5665 minecraft:desert 5500,10000 -1000,1000 -1900,10000 500,4500 10000,10000 4000,5666 0
row.5666 minecraft:windswept_savanna 5500,10000 -1000,1000 -1900,300 4500,5500 0,0 4000,5666 0
row.5667 minecraft:windswept_savanna 5500,10000 -1000,1000 -1900,300 4500,5500 10000,10000 4000,5666 0
row.5668 minecraft:desert 5500,10000 -1000,1000 300,10000 4500,5500 0,0 4000,5666 0
row.5669 minecraft:desert 5500,10000 -1000,1000 300,10000 4500,5500 10000,10000 4000,5666 0
row.5670 minecraft:desert 5500,10000 -1000,1000 -1900,10000 5500,10000 0,0 4000,5666 0
row.5671 minecraft:desert 5500,10000 -1000,1000 -1900,10000 5500,10000 10000,10000 4000,5666 0
row.5672 minecraft:desert 5500,10000 1000,3000 -1900,-1100 -10000,-3750 0,0 4000,5666 0
row.5673 minecraft:desert 5500,10000 1000,3000 -1900,-1100 -10000,-3750 10000,10000 4000,5666 0
row.5674 minecraft:wooded_badlands 5500,10000 1000,3000 -1100,300 -10000,-7799 0,0 4000,5666 0
row.5675 minecraft:wooded_badlands 5500,10000 1000,3000 -1100,300 -10000,-7799 10000,10000 4000,5666 0
row.5676 minecraft:wooded_badlands 5500,10000 1000,3000 300,10000 -10000,-7799 0,0 4000,5666 0
row.5677 minecraft:wooded_badlands 5500,10000 1000,3000 300,10000 -10000,-7799 10000,10000 4000,5666 0
row.5678 minecraft:wooded_badlands 5500,10000 1000,3000 -1100,300 -7799,-3750 0,0 4000,5666 0
row.5679 minecraft:wooded_badlands 5500,10000 1000,3000 -1100,300 -7799,-3750 10000,10000 4000,5666 0
row.5680 minecraft:wooded_badlands 5500,10000 1000,3000 300,10000 -7799,-3750 0,0 4000,5666 0
row.5681 minecraft:wooded_badlands 5500,10000 1000,3000 300,10000 -7799,-3750 10000,10000 4000,5666 0
row.5682 minecraft:desert 5500,10000 1000,3000 -1900,300 -3750,500 0,0 4000,5666 0
row.5683 minecraft:desert 5500,10000 1000,3000 -1900,300 -3750,500 10000,10000 4000,5666 0
row.5684 minecraft:wooded_badlands 5500,10000 1000,3000 300,10000 -3750,-2225 0,0 4000,5666 0
row.5685 minecraft:wooded_badlands 5500,10000 1000,3000 300,10000 -3750,-2225 10000,10000 4000,5666 0
row.5686 minecraft:wooded_badlands 5500,10000 1000,3000 300,3000 -2225,500 0,0 4000,5666 0
row.5687 minecraft:wooded_badlands 5500,10000 1000,3000 300,3000 -2225,500 10000,10000 4000,5666 0
row.5688 minecraft:wooded_badlands 5500,10000 1000,3000 3000,10000 -2225,500 0,0 4000,5666 0
row.5689 minecraft:wooded_badlands 5500,10000 1000,3000 3000,10000 -2225,500 10000,10000 4000,5666 0
row.5690 minecraft:desert 5500,10000 1000,3000 -1900,10000 500,4500 0,0 4000,5666 0
row.5691 minecraft:desert 5500,10000 1000,3000 -1900,10000 500,4500 10000,10000 4000,5666 0
row.5692 minecraft:windswept_savanna 5500,10000 1000,3000 -1900,300 4500,5500 0,0 4000,5666 0
row.5693 minecraft:windswept_savanna 5500,10000 1000,3000 -1900,300 4500,5500 10000,10000 4000,5666 0
row.5694 minecraft:desert 5500,10000 1000,3000 300,10000 4500,5500 0,0 4000,5666 0
row.5695 minecraft:desert 5500,10000 1000,3000 300,10000 4500,5500 10000,10000 4000,5666 0
row.5696 minecraft:desert 5500,10000 1000,3000 -1900,10000 5500,10000 0,0 4000,5666 0
row.5697 minecraft:desert 5500,10000 1000,3000 -1900,10000 5500,10000 10000,10000 4000,5666 0
row.5698 minecraft:desert 5500,10000 3000,10000 -1900,-1100 -10000,-3750 0,0 4000,5666 0
row.5699 minecraft:desert 5500,10000 3000,10000 -1900,-1100 -10000,-3750 10000,10000 4000,5666 0
row.5700 minecraft:wooded_badlands 5500,10000 3000,10000 -1100,300 -10000,-7799 0,0 4000,5666 0
row.5701 minecraft:wooded_badlands 5500,10000 3000,10000 -1100,300 -10000,-7799 10000,10000 4000,5666 0
row.5702 minecraft:wooded_badlands 5500,10000 3000,10000 300,10000 -10000,-7799 0,0 4000,5666 0
row.5703 minecraft:wooded_badlands 5500,10000 3000,10000 300,10000 -10000,-7799 10000,10000 4000,5666 0
row.5704 minecraft:wooded_badlands 5500,10000 3000,10000 -1100,300 -7799,-3750 0,0 4000,5666 0
row.5705 minecraft:wooded_badlands 5500,10000 3000,10000 -1100,300 -7799,-3750 10000,10000 4000,5666 0
row.5706 minecraft:wooded_badlands 5500,10000 3000,10000 300,10000 -7799,-3750 0,0 4000,5666 0
row.5707 minecraft:wooded_badlands 5500,10000 3000,10000 300,10000 -7799,-3750 10000,10000 4000,5666 0
row.5708 minecraft:desert 5500,10000 3000,10000 -1900,300 -3750,500 0,0 4000,5666 0
row.5709 minecraft:desert 5500,10000 3000,10000 -1900,300 -3750,500 10000,10000 4000,5666 0
row.5710 minecraft:wooded_badlands 5500,10000 3000,10000 300,10000 -3750,-2225 0,0 4000,5666 0
row.5711 minecraft:wooded_badlands 5500,10000 3000,10000 300,10000 -3750,-2225 10000,10000 4000,5666 0
row.5712 minecraft:wooded_badlands 5500,10000 3000,10000 300,3000 -2225,500 0,0 4000,5666 0
row.5713 minecraft:wooded_badlands 5500,10000 3000,10000 300,3000 -2225,500 10000,10000 4000,5666 0
row.5714 minecraft:wooded_badlands 5500,10000 3000,10000 3000,10000 -2225,500 0,0 4000,5666 0
row.5715 minecraft:wooded_badlands 5500,10000 3000,10000 3000,10000 -2225,500 10000,10000 4000,5666 0
row.5716 minecraft:desert 5500,10000 3000,10000 -1900,10000 500,4500 0,0 4000,5666 0
row.5717 minecraft:desert 5500,10000 3000,10000 -1900,10000 500,4500 10000,10000 4000,5666 0
row.5718 minecraft:desert 5500,10000 3000,10000 -1900,300 4500,5500 0,0 4000,5666 0
row.5719 minecraft:desert 5500,10000 3000,10000 -1900,300 4500,5500 10000,10000 4000,5666 0
row.5720 minecraft:desert 5500,10000 3000,10000 300,10000 4500,5500 0,0 4000,5666 0
row.5721 minecraft:desert 5500,10000 3000,10000 300,10000 4500,5500 10000,10000 4000,5666 0
row.5722 minecraft:desert 5500,10000 3000,10000 -1900,10000 5500,10000 0,0 4000,5666 0
row.5723 minecraft:desert 5500,10000 3000,10000 -1900,10000 5500,10000 10000,10000 4000,5666 0
row.5724 minecraft:frozen_peaks -10000,-4500 -10000,-3500 -1900,10000 -10000,-7799 0,0 5666,7666 0
row.5725 minecraft:frozen_peaks -10000,-4500 -10000,-3500 -1900,10000 -10000,-7799 10000,10000 5666,7666 0
row.5726 minecraft:snowy_slopes -10000,-4500 -10000,-3500 -1900,300 -7799,-3750 0,0 5666,7666 0
row.5727 minecraft:snowy_slopes -10000,-4500 -10000,-3500 -1900,300 -7799,-3750 10000,10000 5666,7666 0
row.5728 minecraft:frozen_peaks -10000,-4500 -10000,-3500 300,10000 -7799,-3750 0,0 5666,7666 0
row.5729 minecraft:frozen_peaks -10000,-4500 -10000,-3500 300,10000 -7799,-3750 10000,10000 5666,7666 0
row.5730 minecraft:ice_spikes -10000,-4500 -10000,-3500 -1900,300 -3750,500 0,0 5666,7666 0
row.5731 minecraft:ice_spikes -10000,-4500 -10000,-3500 -1900,300 -3750,500 10000,10000 5666,7666 0
row.5732 minecraft:ice_spikes -10000,-4500 -10000,-3500 300,10000 -3750,-2225 0,0 5666,7666 0
row.5733 minecraft:ice_spikes -10000,-4500 -10000,-3500 300,10000 -3750,-2225 10000,10000 5666,7666 0
row.5734 minecraft:ice_spikes -10000,-4500 -10000,-3500 300,3000 -2225,500 0,0 5666,7666 0
row.5735 minecraft:ice_spikes -10000,-4500 -10000,-3500 300,3000 -2225,500 10000,10000 5666,7666 0
row.5736 minecraft:ice_spikes -10000,-4500 -10000,-3500 3000,10000 -2225,500 0,0 5666,7666 0
row.5737 minecraft:ice_spikes -10000,-4500 -10000,-3500 3000,10000 -2225,500 10000,10000 5666,7666 0
row.5738 minecraft:ice_spikes -10000,-4500 -10000,-3500 -1900,10000 500,4500 0,0 5666,7666 0
row.5739 minecraft:ice_spikes -10000,-4500 -10000,-3500 -1900,10000 500,4500 10000,10000 5666,7666 0
row.5740 minecraft:windswept_gravelly_hills -10000,-4500 -10000,-3500 -1900,300 4500,5500 0,0 5666,7666 0
row.5741 minecraft:windswept_gravelly_hills -10000,-4500 -10000,-3500 -1900,300 4500,5500 10000,10000 5666,7666 0
row.5742 minecraft:windswept_gravelly_hills -10000,-4500 -10000,-3500 300,10000 4500,5500 0,0 5666,7666 0
row.5743 minecraft:windswept_gravelly_hills -10000,-4500 -10000,-3500 300,10000 4500,5500 10000,10000 5666,7666 0
row.5744 minecraft:ice_spikes -10000,-4500 -10000,-3500 -1900,10000 5500,10000 0,0 5666,7666 0
row.5745 minecraft:ice_spikes -10000,-4500 -10000,-3500 -1900,10000 5500,10000 10000,10000 5666,7666 0
row.5746 minecraft:frozen_peaks -10000,-4500 -3500,-1000 -1900,10000 -10000,-7799 0,0 5666,7666 0
row.5747 minecraft:frozen_peaks -10000,-4500 -3500,-1000 -1900,10000 -10000,-7799 10000,10000 5666,7666 0
row.5748 minecraft:snowy_slopes -10000,-4500 -3500,-1000 -1900,300 -7799,-3750 0,0 5666,7666 0
row.5749 minecraft:snowy_slopes -10000,-4500 -3500,-1000 -1900,300 -7799,-3750 10000,10000 5666,7666 0
row.5750 minecraft:frozen_peaks -10000,-4500 -3500,-1000 300,10000 -7799,-3750 0,0 5666,7666 0
row.5751 minecraft:frozen_peaks -10000,-4500 -3500,-1000 300,10000 -7799,-3750 10000,10000 5666,7666 0
row.5752 minecraft:snowy_plains -10000,-4500 -3500,-1000 -1900,300 -3750,500 0,0 5666,7666 0
row.5753 minecraft:snowy_plains -10000,-4500 -3500,-1000 -1900,300 -3750,500 10000,10000 5666,7666 0
row.5754 minecraft:snowy_plains -10000,-4500 -3500,-1000 300,10000 -3750,-2225 0,0 5666,7666 0
row.5755 minecraft:snowy_plains -10000,-4500 -3500,-1000 300,10000 -3750,-2225 10000,10000 5666,7666 0
row.5756 minecraft:snowy_plains -10000,-4500 -3500,-1000 300,3000 -2225,500 0,0 5666,7666 0
row.5757 minecraft:snowy_plains -10000,-4500 -3500,-1000 300,3000 -2225,500 10000,10000 5666,7666 0
row.5758 minecraft:snowy_plains -10000,-4500 -3500,-1000 3000,10000 -2225,500 0,0 5666,7666 0
row.5759 minecraft:snowy_plains -10000,-4500 -3500,-1000 3000,10000 -2225,500 10000,10000 5666,7666 0
row.5760 minecraft:snowy_plains -10000,-4500 -3500,-1000 -1900,10000 500,4500 0,0 5666,7666 0
row.5761 minecraft:snowy_plains -10000,-4500 -3500,-1000 -1900,10000 500,4500 10000,10000 5666,7666 0
row.5762 minecraft:windswept_gravelly_hills -10000,-4500 -3500,-1000 -1900,300 4500,5500 0,0 5666,7666 0
row.5763 minecraft:windswept_gravelly_hills -10000,-4500 -3500,-1000 -1900,300 4500,5500 10000,10000 5666,7666 0
row.5764 minecraft:windswept_gravelly_hills -10000,-4500 -3500,-1000 300,10000 4500,5500 0,0 5666,7666 0
row.5765 minecraft:windswept_gravelly_hills -10000,-4500 -3500,-1000 300,10000 4500,5500 10000,10000 5666,7666 0
row.5766 minecraft:snowy_plains -10000,-4500 -3500,-1000 -1900,10000 5500,10000 0,0 5666,7666 0
row.5767 minecraft:snowy_plains -10000,-4500 -3500,-1000 -1900,10000 5500,10000 10000,10000 5666,7666 0
row.5768 minecraft:frozen_peaks -10000,-4500 -1000,1000 -1900,10000 -10000,-7799 0,0 5666,7666 0
row.5769 minecraft:frozen_peaks -10000,-4500 -1000,1000 -1900,10000 -10000,-7799 10000,10000 5666,7666 0
row.5770 minecraft:grove -10000,-4500 -1000,1000 -1900,300 -7799,-3750 0,0 5666,7666 0
row.5771 minecraft:grove -10000,-4500 -1000,1000 -1900,300 -7799,-3750 10000,10000 5666,7666 0
row.5772 minecraft:frozen_peaks -10000,-4500 -1000,1000 300,10000 -7799,-3750 0,0 5666,7666 0
row.5773 minecraft:frozen_peaks -10000,-4500 -1000,1000 300,10000 -7799,-3750 10000,10000 5666,7666 0
row.5774 minecraft:snowy_taiga -10000,-4500 -1000,1000 -1900,300 -3750,500 0,0 5666,7666 0
row.5775 minecraft:snowy_taiga -10000,-4500 -1000,1000 -1900,300 -3750,500 10000,10000 5666,7666 0
row.5776 minecraft:snowy_plains -10000,-4500 -1000,1000 300,10000 -3750,-2225 0,0 5666,7666 0
row.5777 minecraft:snowy_plains -10000,-4500 -1000,1000 300,10000 -3750,-2225 10000,10000 5666,7666 0
row.5778 minecraft:snowy_taiga -10000,-4500 -1000,1000 300,3000 -2225,500 0,0 5666,7666 0
row.5779 minecraft:snowy_taiga -10000,-4500 -1000,1000 300,3000 -2225,500 10000,10000 5666,7666 0
row.5780 minecraft:snowy_plains -10000,-4500 -1000,1000 3000,10000 -2225,500 0,0 5666,7666 0
row.5781 minecraft:snowy_plains -10000,-4500 -1000,1000 3000,10000 -2225,500 10000,10000 5666,7666 0
row.5782 minecraft:snowy_taiga -10000,-4500 -1000,1000 -1900,10000 500,4500 0,0 5666,7666 0
row.5783 minecraft:snowy_taiga -10000,-4500 -1000,1000 -1900,10000 500,4500 10000,10000 5666,7666 0
row.5784 minecraft:windswept_hills -10000,-4500 -1000,1000 -1900,300 4500,5500 0,0 5666,7666 0
row.5785 minecraft:windswept_hills -10000,-4500 -1000,1000 -1900,300 4500,5500 10000,10000 5666,7666 0
row.5786 minecraft:windswept_hills -10000,-4500 -1000,1000 300,10000 4500,5500 0,0 5666,7666 0
row.5787 minecraft:windswept_hills -10000,-4500 -1000,1000 300,10000 4500,5500 10000,10000 5666,7666 0
row.5788 minecraft:snowy_taiga -10000,-4500 -1000,1000 -1900,10000 5500,10000 0,0 5666,7666 0
row.5789 minecraft:snowy_taiga -10000,-4500 -1000,1000 -1900,10000 5500,10000 10000,10000 5666,7666 0
row.5790 minecraft:frozen_peaks -10000,-4500 1000,3000 -1900,10000 -10000,-7799 0,0 5666,7666 0
row.5791 minecraft:frozen_peaks -10000,-4500 1000,3000 -1900,10000 -10000,-7799 10000,10000 5666,7666 0
row.5792 minecraft:grove -10000,-4500 1000,3000 -1900,300 -7799,-3750 0,0 5666,7666 0
row.5793 minecraft:grove -10000,-4500 1000,3000 -1900,300 -7799,-3750 10000,10000 5666,7666 0
row.5794 minecraft:frozen_peaks -10000,-4500 1000,3000 300,10000 -7799,-3750 0,0 5666,7666 0
row.5795 minecraft:frozen_peaks -10000,-4500 1000,3000 300,10000 -7799,-3750 10000,10000 5666,7666 0
row.5796 minecraft:snowy_taiga -10000,-4500 1000,3000 -1900,300 -3750,500 0,0 5666,7666 0
row.5797 minecraft:snowy_taiga -10000,-4500 1000,3000 -1900,300 -3750,500 10000,10000 5666,7666 0
row.5798 minecraft:snowy_taiga -10000,-4500 1000,3000 300,10000 -3750,-2225 0,0 5666,7666 0
row.5799 minecraft:snowy_taiga -10000,-4500 1000,3000 300,10000 -3750,-2225 10000,10000 5666,7666 0
row.5800 minecraft:snowy_taiga -10000,-4500 1000,3000 300,3000 -2225,500 0,0 5666,7666 0
row.5801 minecraft:snowy_taiga -10000,-4500 1000,3000 300,3000 -2225,500 10000,10000 5666,7666 0
row.5802 minecraft:snowy_taiga -10000,-4500 1000,3000 3000,10000 -2225,500 0,0 5666,7666 0
row.5803 minecraft:snowy_taiga -10000,-4500 1000,3000 3000,10000 -2225,500 10000,10000 5666,7666 0
row.5804 minecraft:snowy_taiga -10000,-4500 1000,3000 -1900,10000 500,4500 0,0 5666,7666 0
row.5805 minecraft:snowy_taiga -10000,-4500 1000,3000 -1900,10000 500,4500 10000,10000 5666,7666 0
row.5806 minecraft:windswept_forest -10000,-4500 1000,3000 -1900,300 4500,5500 0,0 5666,7666 0
row.5807 minecraft:windswept_forest -10000,-4500 1000,3000 -1900,300 4500,5500 10000,10000 5666,7666 0
row.5808 minecraft:windswept_forest -10000,-4500 1000,3000 300,10000 4500,5500 0,0 5666,7666 0
row.5809 minecraft:windswept_forest -10000,-4500 1000,3000 300,10000 4500,5500 10000,10000 5666,7666 0
row.5810 minecraft:snowy_taiga -10000,-4500 1000,3000 -1900,10000 5500,10000 0,0 5666,7666 0
row.5811 minecraft:snowy_taiga -10000,-4500 1000,3000 -1900,10000 5500,10000 10000,10000 5666,7666 0
row.5812 minecraft:frozen_peaks -10000,-4500 3000,10000 -1900,10000 -10000,-7799 0,0 5666,7666 0
row.5813 minecraft:frozen_peaks -10000,-4500 3000,10000 -1900,10000 -10000,-7799 10000,10000 5666,7666 0
row.5814 minecraft:grove -10000,-4500 3000,10000 -1900,300 -7799,-3750 0,0 5666,7666 0
row.5815 minecraft:grove -10000,-4500 3000,10000 -1900,300 -7799,-3750 10000,10000 5666,7666 0
row.5816 minecraft:frozen_peaks -10000,-4500 3000,10000 300,10000 -7799,-3750 0,0 5666,7666 0
row.5817 minecraft:frozen_peaks -10000,-4500 3000,10000 300,10000 -7799,-3750 10000,10000 5666,7666 0
row.5818 minecraft:taiga -10000,-4500 3000,10000 -1900,300 -3750,500 0,0 5666,7666 0
row.5819 minecraft:taiga -10000,-4500 3000,10000 -1900,300 -3750,500 10000,10000 5666,7666 0
row.5820 minecraft:snowy_taiga -10000,-4500 3000,10000 300,10000 -3750,-2225 0,0 5666,7666 0
row.5821 minecraft:snowy_taiga -10000,-4500 3000,10000 300,10000 -3750,-2225 10000,10000 5666,7666 0
row.5822 minecraft:taiga -10000,-4500 3000,10000 300,3000 -2225,500 0,0 5666,7666 0
row.5823 minecraft:taiga -10000,-4500 3000,10000 300,3000 -2225,500 10000,10000 5666,7666 0
row.5824 minecraft:snowy_taiga -10000,-4500 3000,10000 3000,10000 -2225,500 0,0 5666,7666 0
row.5825 minecraft:snowy_taiga -10000,-4500 3000,10000 3000,10000 -2225,500 10000,10000 5666,7666 0
row.5826 minecraft:taiga -10000,-4500 3000,10000 -1900,10000 500,4500 0,0 5666,7666 0
row.5827 minecraft:taiga -10000,-4500 3000,10000 -1900,10000 500,4500 10000,10000 5666,7666 0
row.5828 minecraft:windswept_forest -10000,-4500 3000,10000 -1900,300 4500,5500 0,0 5666,7666 0
row.5829 minecraft:windswept_forest -10000,-4500 3000,10000 -1900,300 4500,5500 10000,10000 5666,7666 0
row.5830 minecraft:windswept_forest -10000,-4500 3000,10000 300,10000 4500,5500 0,0 5666,7666 0
row.5831 minecraft:windswept_forest -10000,-4500 3000,10000 300,10000 4500,5500 10000,10000 5666,7666 0
row.5832 minecraft:taiga -10000,-4500 3000,10000 -1900,10000 5500,10000 0,0 5666,7666 0
row.5833 minecraft:taiga -10000,-4500 3000,10000 -1900,10000 5500,10000 10000,10000 5666,7666 0
row.5834 minecraft:frozen_peaks -4500,-1500 -10000,-3500 -1900,10000 -10000,-7799 0,0 5666,7666 0
row.5835 minecraft:frozen_peaks -4500,-1500 -10000,-3500 -1900,10000 -10000,-7799 10000,10000 5666,7666 0
row.5836 minecraft:plains -4500,-1500 -10000,-3500 -1900,300 -7799,-3750 0,0 5666,7666 0
row.5837 minecraft:plains -4500,-1500 -10000,-3500 -1900,300 -7799,-3750 10000,10000 5666,7666 0
row.5838 minecraft:frozen_peaks -4500,-1500 -10000,-3500 300,10000 -7799,-3750 0,0 5666,7666 0
row.5839 minecraft:frozen_peaks -4500,-1500 -10000,-3500 300,10000 -7799,-3750 10000,10000 5666,7666 0
row.5840 minecraft:plains -4500,-1500 -10000,-3500 -1900,300 -3750,500 0,0 5666,7666 0
row.5841 minecraft:plains -4500,-1500 -10000,-3500 -1900,300 -3750,500 10000,10000 5666,7666 0
row.5842 minecraft:cherry_grove -4500,-1500 -10000,-3500 300,10000 -3750,-2225 0,0 5666,7666 0
row.5843 minecraft:cherry_grove -4500,-1500 -10000,-3500 300,10000 -3750,-2225 10000,10000 5666,7666 0
row.5844 minecraft:plains -4500,-1500 -10000,-3500 300,3000 -2225,500 0,0 5666,7666 0
row.5845 minecraft:plains -4500,-1500 -10000,-3500 300,3000 -2225,500 10000,10000 5666,7666 0
row.5846 minecraft:cherry_grove -4500,-1500 -10000,-3500 3000,10000 -2225,500 0,0 5666,7666 0
row.5847 minecraft:cherry_grove -4500,-1500 -10000,-3500 3000,10000 -2225,500 10000,10000 5666,7666 0
row.5848 minecraft:plains -4500,-1500 -10000,-3500 -1900,10000 500,4500 0,0 5666,7666 0
row.5849 minecraft:plains -4500,-1500 -10000,-3500 -1900,10000 500,4500 10000,10000 5666,7666 0
row.5850 minecraft:windswept_gravelly_hills -4500,-1500 -10000,-3500 -1900,300 4500,5500 0,0 5666,7666 0
row.5851 minecraft:windswept_gravelly_hills -4500,-1500 -10000,-3500 -1900,300 4500,5500 10000,10000 5666,7666 0
row.5852 minecraft:windswept_gravelly_hills -4500,-1500 -10000,-3500 300,10000 4500,5500 0,0 5666,7666 0
row.5853 minecraft:windswept_gravelly_hills -4500,-1500 -10000,-3500 300,10000 4500,5500 10000,10000 5666,7666 0
row.5854 minecraft:plains -4500,-1500 -10000,-3500 -1900,10000 5500,10000 0,0 5666,7666 0
row.5855 minecraft:plains -4500,-1500 -10000,-3500 -1900,10000 5500,10000 10000,10000 5666,7666 0
row.5856 minecraft:frozen_peaks -4500,-1500 -3500,-1000 -1900,10000 -10000,-7799 0,0 5666,7666 0
row.5857 minecraft:frozen_peaks -4500,-1500 -3500,-1000 -1900,10000 -10000,-7799 10000,10000 5666,7666 0
row.5858 minecraft:plains -4500,-1500 -3500,-1000 -1900,300 -7799,-3750 0,0 5666,7666 0
row.5859 minecraft:plains -4500,-1500 -3500,-1000 -1900,300 -7799,-3750 10000,10000 5666,7666 0
row.5860 minecraft:frozen_peaks -4500,-1500 -3500,-1000 300,10000 -7799,-3750 0,0 5666,7666 0
row.5861 minecraft:frozen_peaks -4500,-1500 -3500,-1000 300,10000 -7799,-3750 10000,10000 5666,7666 0
row.5862 minecraft:plains -4500,-1500 -3500,-1000 -1900,300 -3750,500 0,0 5666,7666 0
row.5863 minecraft:plains -4500,-1500 -3500,-1000 -1900,300 -3750,500 10000,10000 5666,7666 0
row.5864 minecraft:meadow -4500,-1500 -3500,-1000 300,10000 -3750,-2225 0,0 5666,7666 0
row.5865 minecraft:meadow -4500,-1500 -3500,-1000 300,10000 -3750,-2225 10000,10000 5666,7666 0
row.5866 minecraft:plains -4500,-1500 -3500,-1000 300,3000 -2225,500 0,0 5666,7666 0
row.5867 minecraft:plains -4500,-1500 -3500,-1000 300,3000 -2225,500 10000,10000 5666,7666 0
row.5868 minecraft:meadow -4500,-1500 -3500,-1000 3000,10000 -2225,500 0,0 5666,7666 0
row.5869 minecraft:meadow -4500,-1500 -3500,-1000 3000,10000 -2225,500 10000,10000 5666,7666 0
row.5870 minecraft:plains -4500,-1500 -3500,-1000 -1900,10000 500,4500 0,0 5666,7666 0
row.5871 minecraft:plains -4500,-1500 -3500,-1000 -1900,10000 500,4500 10000,10000 5666,7666 0
row.5872 minecraft:windswept_gravelly_hills -4500,-1500 -3500,-1000 -1900,300 4500,5500 0,0 5666,7666 0
row.5873 minecraft:windswept_gravelly_hills -4500,-1500 -3500,-1000 -1900,300 4500,5500 10000,10000 5666,7666 0
row.5874 minecraft:windswept_gravelly_hills -4500,-1500 -3500,-1000 300,10000 4500,5500 0,0 5666,7666 0
row.5875 minecraft:windswept_gravelly_hills -4500,-1500 -3500,-1000 300,10000 4500,5500 10000,10000 5666,7666 0
row.5876 minecraft:plains -4500,-1500 -3500,-1000 -1900,10000 5500,10000 0,0 5666,7666 0
row.5877 minecraft:plains -4500,-1500 -3500,-1000 -1900,10000 5500,10000 10000,10000 5666,7666 0
row.5878 minecraft:frozen_peaks -4500,-1500 -1000,1000 -1900,10000 -10000,-7799 0,0 5666,7666 0
row.5879 minecraft:frozen_peaks -4500,-1500 -1000,1000 -1900,10000 -10000,-7799 10000,10000 5666,7666 0
row.5880 minecraft:forest -4500,-1500 -1000,1000 -1900,300 -7799,-3750 0,0 5666,7666 0
row.5881 minecraft:forest -4500,-1500 -1000,1000 -1900,300 -7799,-3750 10000,10000 5666,7666 0
row.5882 minecraft:frozen_peaks -4500,-1500 -1000,1000 300,10000 -7799,-3750 0,0 5666,7666 0
row.5883 minecraft:frozen_peaks -4500,-1500 -1000,1000 300,10000 -7799,-3750 10000,10000 5666,7666 0
row.5884 minecraft:forest -4500,-1500 -1000,1000 -1900,300 -3750,500 0,0 5666,7666 0
row.5885 minecraft:forest -4500,-1500 -1000,1000 -1900,300 -3750,500 10000,10000 5666,7666 0
row.5886 minecraft:meadow -4500,-1500 -1000,1000 300,10000 -3750,-2225 0,0 5666,7666 0
row.5887 minecraft:meadow -4500,-1500 -1000,1000 300,10000 -3750,-2225 10000,10000 5666,7666 0
row.5888 minecraft:forest -4500,-1500 -1000,1000 300,3000 -2225,500 0,0 5666,7666 0
row.5889 minecraft:forest -4500,-1500 -1000,1000 300,3000 -2225,500 10000,10000 5666,7666 0
row.5890 minecraft:meadow -4500,-1500 -1000,1000 3000,10000 -2225,500 0,0 5666,7666 0
row.5891 minecraft:meadow -4500,-1500 -1000,1000 3000,10000 -2225,500 10000,10000 5666,7666 0
row.5892 minecraft:forest -4500,-1500 -1000,1000 -1900,10000 500,4500 0,0 5666,7666 0
row.5893 minecraft:forest -4500,-1500 -1000,1000 -1900,10000 500,4500 10000,10000 5666,7666 0
row.5894 minecraft:windswept_hills -4500,-1500 -1000,1000 -1900,300 4500,5500 0,0 5666,7666 0
row.5895 minecraft:windswept_hills -4500,-1500 -1000,1000 -1900,300 4500,5500 10000,10000 5666,7666 0
row.5896 minecraft:windswept_hills -4500,-1500 -1000,1000 300,10000 4500,5500 0,0 5666,7666 0
row.5897 minecraft:windswept_hills -4500,-1500 -1000,1000 300,10000 4500,5500 10000,10000 5666,7666 0
row.5898 minecraft:forest -4500,-1500 -1000,1000 -1900,10000 5500,10000 0,0 5666,7666 0
row.5899 minecraft:forest -4500,-1500 -1000,1000 -1900,10000 5500,10000 10000,10000 5666,7666 0
row.5900 minecraft:frozen_peaks -4500,-1500 1000,3000 -1900,10000 -10000,-7799 0,0 5666,7666 0
row.5901 minecraft:frozen_peaks -4500,-1500 1000,3000 -1900,10000 -10000,-7799 10000,10000 5666,7666 0
row.5902 minecraft:taiga -4500,-1500 1000,3000 -1900,300 -7799,-3750 0,0 5666,7666 0
row.5903 minecraft:taiga -4500,-1500 1000,3000 -1900,300 -7799,-3750 10000,10000 5666,7666 0
row.5904 minecraft:frozen_peaks -4500,-1500 1000,3000 300,10000 -7799,-3750 0,0 5666,7666 0
row.5905 minecraft:frozen_peaks -4500,-1500 1000,3000 300,10000 -7799,-3750 10000,10000 5666,7666 0
row.5906 minecraft:taiga -4500,-1500 1000,3000 -1900,300 -3750,500 0,0 5666,7666 0
row.5907 minecraft:taiga -4500,-1500 1000,3000 -1900,300 -3750,500 10000,10000 5666,7666 0
row.5908 minecraft:meadow -4500,-1500 1000,3000 300,10000 -3750,-2225 0,0 5666,7666 0
row.5909 minecraft:meadow -4500,-1500 1000,3000 300,10000 -3750,-2225 10000,10000 5666,7666 0
row.5910 minecraft:taiga -4500,-1500 1000,3000 300,3000 -2225,500 0,0 5666,7666 0
row.5911 minecraft:taiga -4500,-1500 1000,3000 300,3000 -2225,500 10000,10000 5666,7666 0
row.5912 minecraft:meadow -4500,-1500 1000,3000 3000,10000 -2225,500 0,0 5666,7666 0
row.5913 minecraft:meadow -4500,-1500 1000,3000 3000,10000 -2225,500 10000,10000 5666,7666 0
row.5914 minecraft:taiga -4500,-1500 1000,3000 -1900,10000 500,4500 0,0 5666,7666 0
row.5915 minecraft:taiga -4500,-1500 1000,3000 -1900,10000 500,4500 10000,10000 5666,7666 0
row.5916 minecraft:windswept_forest -4500,-1500 1000,3000 -1900,300 4500,5500 0,0 5666,7666 0
row.5917 minecraft:windswept_forest -4500,-1500 1000,3000 -1900,300 4500,5500 10000,10000 5666,7666 0
row.5918 minecraft:windswept_forest -4500,-1500 1000,3000 300,10000 4500,5500 0,0 5666,7666 0
row.5919 minecraft:windswept_forest -4500,-1500 1000,3000 300,10000 4500,5500 10000,10000 5666,7666 0
row.5920 minecraft:taiga -4500,-1500 1000,3000 -1900,10000 5500,10000 0,0 5666,7666 0
row.5921 minecraft:taiga -4500,-1500 1000,3000 -1900,10000 5500,10000 10000,10000 5666,7666 0
row.5922 minecraft:frozen_peaks -4500,-1500 3000,10000 -1900,10000 -10000,-7799 0,0 5666,7666 0
row.5923 minecraft:frozen_peaks -4500,-1500 3000,10000 -1900,10000 -10000,-7799 10000,10000 5666,7666 0
row.5924 minecraft:old_growth_pine_taiga -4500,-1500 3000,10000 -1900,300 -7799,-3750 0,0 5666,7666 0
row.5925 minecraft:old_growth_pine_taiga -4500,-1500 3000,10000 -1900,300 -7799,-3750 10000,10000 5666,7666 0
row.5926 minecraft:frozen_peaks -4500,-1500 3000,10000 300,10000 -7799,-3750 0,0 5666,7666 0
row.5927 minecraft:frozen_peaks -4500,-1500 3000,10000 300,10000 -7799,-3750 10000,10000 5666,7666 0
row.5928 minecraft:old_growth_pine_taiga -4500,-1500 3000,10000 -1900,300 -3750,500 0,0 5666,7666 0
row.5929 minecraft:old_growth_pine_taiga -4500,-1500 3000,10000 -1900,300 -3750,500 10000,10000 5666,7666 0
row.5930 minecraft:old_growth_pine_taiga -4500,-1500 3000,10000 300,10000 -3750,-2225 0,0 5666,7666 0
row.5931 minecraft:old_growth_pine_taiga -4500,-1500 3000,10000 300,10000 -3750,-2225 10000,10000 5666,7666 0
row.5932 minecraft:old_growth_pine_taiga -4500,-1500 3000,10000 300,3000 -2225,500 0,0 5666,7666 0
row.5933 minecraft:old_growth_pine_taiga -4500,-1500 3000,10000 300,3000 -2225,500 10000,10000 5666,7666 0
row.5934 minecraft:old_growth_pine_taiga -4500,-1500 3000,10000 3000,10000 -2225,500 0,0 5666,7666 0
row.5935 minecraft:old_growth_pine_taiga -4500,-1500 3000,10000 3000,10000 -2225,500 10000,10000 5666,7666 0
row.5936 minecraft:old_growth_pine_taiga -4500,-1500 3000,10000 -1900,10000 500,4500 0,0 5666,7666 0
row.5937 minecraft:old_growth_pine_taiga -4500,-1500 3000,10000 -1900,10000 500,4500 10000,10000 5666,7666 0
row.5938 minecraft:windswept_forest -4500,-1500 3000,10000 -1900,300 4500,5500 0,0 5666,7666 0
row.5939 minecraft:windswept_forest -4500,-1500 3000,10000 -1900,300 4500,5500 10000,10000 5666,7666 0
row.5940 minecraft:windswept_forest -4500,-1500 3000,10000 300,10000 4500,5500 0,0 5666,7666 0
row.5941 minecraft:windswept_forest -4500,-1500 3000,10000 300,10000 4500,5500 10000,10000 5666,7666 0
row.5942 minecraft:old_growth_pine_taiga -4500,-1500 3000,10000 -1900,10000 5500,10000 0,0 5666,7666 0
row.5943 minecraft:old_growth_pine_taiga -4500,-1500 3000,10000 -1900,10000 5500,10000 10000,10000 5666,7666 0
row.5944 minecraft:frozen_peaks -1500,2000 -10000,-3500 -1900,10000 -10000,-7799 0,0 5666,7666 0
row.5945 minecraft:frozen_peaks -1500,2000 -10000,-3500 -1900,10000 -10000,-7799 10000,10000 5666,7666 0
row.5946 minecraft:sunflower_plains -1500,2000 -10000,-3500 -1900,300 -7799,-3750 0,0 5666,7666 0
row.5947 minecraft:sunflower_plains -1500,2000 -10000,-3500 -1900,300 -7799,-3750 10000,10000 5666,7666 0
row.5948 minecraft:frozen_peaks -1500,2000 -10000,-3500 300,10000 -7799,-3750 0,0 5666,7666 0
row.5949 minecraft:frozen_peaks -1500,2000 -10000,-3500 300,10000 -7799,-3750 10000,10000 5666,7666 0
row.5950 minecraft:sunflower_plains -1500,2000 -10000,-3500 -1900,300 -3750,500 0,0 5666,7666 0
row.5951 minecraft:sunflower_plains -1500,2000 -10000,-3500 -1900,300 -3750,500 10000,10000 5666,7666 0
row.5952 minecraft:cherry_grove -1500,2000 -10000,-3500 300,10000 -3750,-2225 0,0 5666,7666 0
row.5953 minecraft:cherry_grove -1500,2000 -10000,-3500 300,10000 -3750,-2225 10000,10000 5666,7666 0
row.5954 minecraft:sunflower_plains -1500,2000 -10000,-3500 300,3000 -2225,500 0,0 5666,7666 0
row.5955 minecraft:sunflower_plains -1500,2000 -10000,-3500 300,3000 -2225,500 10000,10000 5666,7666 0
row.5956 minecraft:cherry_grove -1500,2000 -10000,-3500 3000,10000 -2225,500 0,0 5666,7666 0
row.5957 minecraft:cherry_grove -1500,2000 -10000,-3500 3000,10000 -2225,500 10000,10000 5666,7666 0
row.5958 minecraft:sunflower_plains -1500,2000 -10000,-3500 -1900,10000 500,4500 0,0 5666,7666 0
row.5959 minecraft:sunflower_plains -1500,2000 -10000,-3500 -1900,10000 500,4500 10000,10000 5666,7666 0
row.5960 minecraft:windswept_savanna -1500,2000 -10000,-3500 -1900,300 4500,5500 0,0 5666,7666 0
row.5961 minecraft:windswept_savanna -1500,2000 -10000,-3500 -1900,300 4500,5500 10000,10000 5666,7666 0
row.5962 minecraft:windswept_hills -1500,2000 -10000,-3500 300,10000 4500,5500 0,0 5666,7666 0
row.5963 minecraft:windswept_hills -1500,2000 -10000,-3500 300,10000 4500,5500 10000,10000 5666,7666 0
row.5964 minecraft:sunflower_plains -1500,2000 -10000,-3500 -1900,10000 5500,10000 0,0 5666,7666 0
row.5965 minecraft:sunflower_plains -1500,2000 -10000,-3500 -1900,10000 5500,10000 10000,10000 5666,7666 0
row.5966 minecraft:frozen_peaks -1500,2000 -3500,-1000 -1900,10000 -10000,-7799 0,0 5666,7666 0
row.5967 minecraft:frozen_peaks -1500,2000 -3500,-1000 -1900,10000 -10000,-7799 10000,10000 5666,7666 0
row.5968 minecraft:plains -1500,2000 -3500,-1000 -1900,300 -7799,-3750 0,0 5666,7666 0
row.5969 minecraft:plains -1500,2000 -3500,-1000 -1900,300 -7799,-3750 10000,10000 5666,7666 0
row.5970 minecraft:frozen_peaks -1500,2000 -3500,-1000 300,10000 -7799,-3750 0,0 5666,7666 0
row.5971 minecraft:frozen_peaks -1500,2000 -3500,-1000 300,10000 -7799,-3750 10000,10000 5666,7666 0
row.5972 minecraft:plains -1500,2000 -3500,-1000 -1900,300 -3750,500 0,0 5666,7666 0
row.5973 minecraft:plains -1500,2000 -3500,-1000 -1900,300 -3750,500 10000,10000 5666,7666 0
row.5974 minecraft:cherry_grove -1500,2000 -3500,-1000 300,10000 -3750,-2225 0,0 5666,7666 0
row.5975 minecraft:cherry_grove -1500,2000 -3500,-1000 300,10000 -3750,-2225 10000,10000 5666,7666 0
row.5976 minecraft:plains -1500,2000 -3500,-1000 300,3000 -2225,500 0,0 5666,7666 0
row.5977 minecraft:plains -1500,2000 -3500,-1000 300,3000 -2225,500 10000,10000 5666,7666 0
row.5978 minecraft:cherry_grove -1500,2000 -3500,-1000 3000,10000 -2225,500 0,0 5666,7666 0
row.5979 minecraft:cherry_grove -1500,2000 -3500,-1000 3000,10000 -2225,500 10000,10000 5666,7666 0
row.5980 minecraft:plains -1500,2000 -3500,-1000 -1900,10000 500,4500 0,0 5666,7666 0
row.5981 minecraft:plains -1500,2000 -3500,-1000 -1900,10000 500,4500 10000,10000 5666,7666 0
row.5982 minecraft:windswept_savanna -1500,2000 -3500,-1000 -1900,300 4500,5500 0,0 5666,7666 0
row.5983 minecraft:windswept_savanna -1500,2000 -3500,-1000 -1900,300 4500,5500 10000,10000 5666,7666 0
row.5984 minecraft:windswept_hills -1500,2000 -3500,-1000 300,10000 4500,5500 0,0 5666,7666 0
row.5985 minecraft:windswept_hills -1500,2000 -3500,-1000 300,10000 4500,5500 10000,10000 5666,7666 0
row.5986 minecraft:plains -1500,2000 -3500,-1000 -1900,10000 5500,10000 0,0 5666,7666 0
row.5987 minecraft:plains -1500,2000 -3500,-1000 -1900,10000 5500,10000 10000,10000 5666,7666 0
row.5988 minecraft:frozen_peaks -1500,2000 -1000,1000 -1900,10000 -10000,-7799 0,0 5666,7666 0
row.5989 minecraft:frozen_peaks -1500,2000 -1000,1000 -1900,10000 -10000,-7799 10000,10000 5666,7666 0
row.5990 minecraft:forest -1500,2000 -1000,1000 -1900,300 -7799,-3750 0,0 5666,7666 0
row.5991 minecraft:forest -1500,2000 -1000,1000 -1900,300 -7799,-3750 10000,10000 5666,7666 0
row.5992 minecraft:frozen_peaks -1500,2000 -1000,1000 300,10000 -7799,-3750 0,0 5666,7666 0
row.5993 minecraft:frozen_peaks -1500,2000 -1000,1000 300,10000 -7799,-3750 10000,10000 5666,7666 0
row.5994 minecraft:forest -1500,2000 -1000,1000 -1900,300 -3750,500 0,0 5666,7666 0
row.5995 minecraft:forest -1500,2000 -1000,1000 -1900,300 -3750,500 10000,10000 5666,7666 0
row.5996 minecraft:forest -1500,2000 -1000,1000 300,10000 -3750,-2225 0,0 5666,7666 0
row.5997 minecraft:forest -1500,2000 -1000,1000 300,10000 -3750,-2225 10000,10000 5666,7666 0
row.5998 minecraft:forest -1500,2000 -1000,1000 300,3000 -2225,500 0,0 5666,7666 0
row.5999 minecraft:forest -1500,2000 -1000,1000 300,3000 -2225,500 10000,10000 5666,7666 0
row.6000 minecraft:forest -1500,2000 -1000,1000 3000,10000 -2225,500 0,0 5666,7666 0
row.6001 minecraft:forest -1500,2000 -1000,1000 3000,10000 -2225,500 10000,10000 5666,7666 0
row.6002 minecraft:forest -1500,2000 -1000,1000 -1900,10000 500,4500 0,0 5666,7666 0
row.6003 minecraft:forest -1500,2000 -1000,1000 -1900,10000 500,4500 10000,10000 5666,7666 0
row.6004 minecraft:windswept_savanna -1500,2000 -1000,1000 -1900,300 4500,5500 0,0 5666,7666 0
row.6005 minecraft:windswept_savanna -1500,2000 -1000,1000 -1900,300 4500,5500 10000,10000 5666,7666 0
row.6006 minecraft:windswept_hills -1500,2000 -1000,1000 300,10000 4500,5500 0,0 5666,7666 0
row.6007 minecraft:windswept_hills -1500,2000 -1000,1000 300,10000 4500,5500 10000,10000 5666,7666 0
row.6008 minecraft:forest -1500,2000 -1000,1000 -1900,10000 5500,10000 0,0 5666,7666 0
row.6009 minecraft:forest -1500,2000 -1000,1000 -1900,10000 5500,10000 10000,10000 5666,7666 0
row.6010 minecraft:frozen_peaks -1500,2000 1000,3000 -1900,10000 -10000,-7799 0,0 5666,7666 0
row.6011 minecraft:frozen_peaks -1500,2000 1000,3000 -1900,10000 -10000,-7799 10000,10000 5666,7666 0
row.6012 minecraft:old_growth_birch_forest -1500,2000 1000,3000 -1900,300 -7799,-3750 0,0 5666,7666 0
row.6013 minecraft:old_growth_birch_forest -1500,2000 1000,3000 -1900,300 -7799,-3750 10000,10000 5666,7666 0
row.6014 minecraft:frozen_peaks -1500,2000 1000,3000 300,10000 -7799,-3750 0,0 5666,7666 0
row.6015 minecraft:frozen_peaks -1500,2000 1000,3000 300,10000 -7799,-3750 10000,10000 5666,7666 0
row.6016 minecraft:old_growth_birch_forest -1500,2000 1000,3000 -1900,300 -3750,500 0,0 5666,7666 0
row.6017 minecraft:old_growth_birch_forest -1500,2000 1000,3000 -1900,300 -3750,500 10000,10000 5666,7666 0
row.6018 minecraft:birch_forest -1500,2000 1000,3000 300,10000 -3750,-2225 0,0 5666,7666 0
row.6019 minecraft:birch_forest -1500,2000 1000,3000 300,10000 -3750,-2225 10000,10000 5666,7666 0
row.6020 minecraft:old_growth_birch_forest -1500,2000 1000,3000 300,3000 -2225,500 0,0 5666,7666 0
row.6021 minecraft:old_growth_birch_forest -1500,2000 1000,3000 300,3000 -2225,500 10000,10000 5666,7666 0
row.6022 minecraft:birch_forest -1500,2000 1000,3000 3000,10000 -2225,500 0,0 5666,7666 0
row.6023 minecraft:birch_forest -1500,2000 1000,3000 3000,10000 -2225,500 10000,10000 5666,7666 0
row.6024 minecraft:old_growth_birch_forest -1500,2000 1000,3000 -1900,10000 500,4500 0,0 5666,7666 0
row.6025 minecraft:old_growth_birch_forest -1500,2000 1000,3000 -1900,10000 500,4500 10000,10000 5666,7666 0
row.6026 minecraft:windswept_savanna -1500,2000 1000,3000 -1900,300 4500,5500 0,0 5666,7666 0
row.6027 minecraft:windswept_savanna -1500,2000 1000,3000 -1900,300 4500,5500 10000,10000 5666,7666 0
row.6028 minecraft:windswept_forest -1500,2000 1000,3000 300,10000 4500,5500 0,0 5666,7666 0
row.6029 minecraft:windswept_forest -1500,2000 1000,3000 300,10000 4500,5500 10000,10000 5666,7666 0
row.6030 minecraft:old_growth_birch_forest -1500,2000 1000,3000 -1900,10000 5500,10000 0,0 5666,7666 0
row.6031 minecraft:old_growth_birch_forest -1500,2000 1000,3000 -1900,10000 5500,10000 10000,10000 5666,7666 0
row.6032 minecraft:frozen_peaks -1500,2000 3000,10000 -1900,10000 -10000,-7799 0,0 5666,7666 0
row.6033 minecraft:frozen_peaks -1500,2000 3000,10000 -1900,10000 -10000,-7799 10000,10000 5666,7666 0
row.6034 minecraft:dark_forest -1500,2000 3000,10000 -1900,300 -7799,-3750 0,0 5666,7666 0
row.6035 minecraft:dark_forest -1500,2000 3000,10000 -1900,300 -7799,-3750 10000,10000 5666,7666 0
row.6036 minecraft:frozen_peaks -1500,2000 3000,10000 300,10000 -7799,-3750 0,0 5666,7666 0
row.6037 minecraft:frozen_peaks -1500,2000 3000,10000 300,10000 -7799,-3750 10000,10000 5666,7666 0
row.6038 minecraft:dark_forest -1500,2000 3000,10000 -1900,300 -3750,500 0,0 5666,7666 0
row.6039 minecraft:dark_forest -1500,2000 3000,10000 -1900,300 -3750,500 10000,10000 5666,7666 0
row.6040 minecraft:pale_garden -1500,2000 3000,10000 300,10000 -3750,-2225 0,0 5666,7666 0
row.6041 minecraft:pale_garden -1500,2000 3000,10000 300,10000 -3750,-2225 10000,10000 5666,7666 0
row.6042 minecraft:dark_forest -1500,2000 3000,10000 300,3000 -2225,500 0,0 5666,7666 0
row.6043 minecraft:dark_forest -1500,2000 3000,10000 300,3000 -2225,500 10000,10000 5666,7666 0
row.6044 minecraft:pale_garden -1500,2000 3000,10000 3000,10000 -2225,500 0,0 5666,7666 0
row.6045 minecraft:pale_garden -1500,2000 3000,10000 3000,10000 -2225,500 10000,10000 5666,7666 0
row.6046 minecraft:dark_forest -1500,2000 3000,10000 -1900,10000 500,4500 0,0 5666,7666 0
row.6047 minecraft:dark_forest -1500,2000 3000,10000 -1900,10000 500,4500 10000,10000 5666,7666 0
row.6048 minecraft:windswept_forest -1500,2000 3000,10000 -1900,300 4500,5500 0,0 5666,7666 0
row.6049 minecraft:windswept_forest -1500,2000 3000,10000 -1900,300 4500,5500 10000,10000 5666,7666 0
row.6050 minecraft:windswept_forest -1500,2000 3000,10000 300,10000 4500,5500 0,0 5666,7666 0
row.6051 minecraft:windswept_forest -1500,2000 3000,10000 300,10000 4500,5500 10000,10000 5666,7666 0
row.6052 minecraft:dark_forest -1500,2000 3000,10000 -1900,10000 5500,10000 0,0 5666,7666 0
row.6053 minecraft:dark_forest -1500,2000 3000,10000 -1900,10000 5500,10000 10000,10000 5666,7666 0
row.6054 minecraft:stony_peaks 2000,5500 -10000,-3500 -1900,10000 -10000,-7799 0,0 5666,7666 0
row.6055 minecraft:stony_peaks 2000,5500 -10000,-3500 -1900,10000 -10000,-7799 10000,10000 5666,7666 0
row.6056 minecraft:savanna 2000,5500 -10000,-3500 -1900,300 -7799,-3750 0,0 5666,7666 0
row.6057 minecraft:savanna 2000,5500 -10000,-3500 -1900,300 -7799,-3750 10000,10000 5666,7666 0
row.6058 minecraft:stony_peaks 2000,5500 -10000,-3500 300,10000 -7799,-3750 0,0 5666,7666 0
row.6059 minecraft:stony_peaks 2000,5500 -10000,-3500 300,10000 -7799,-3750 10000,10000 5666,7666 0
row.6060 minecraft:savanna 2000,5500 -10000,-3500 -1900,300 -3750,500 0,0 5666,7666 0
row.6061 minecraft:savanna 2000,5500 -10000,-3500 -1900,300 -3750,500 10000,10000 5666,7666 0
row.6062 minecraft:savanna_plateau 2000,5500 -10000,-3500 300,10000 -3750,-2225 0,0 5666,7666 0
row.6063 minecraft:savanna_plateau 2000,5500 -10000,-3500 300,10000 -3750,-2225 10000,10000 5666,7666 0
row.6064 minecraft:savanna 2000,5500 -10000,-3500 300,3000 -2225,500 0,0 5666,7666 0
row.6065 minecraft:savanna 2000,5500 -10000,-3500 300,3000 -2225,500 10000,10000 5666,7666 0
row.6066 minecraft:savanna_plateau 2000,5500 -10000,-3500 3000,10000 -2225,500 0,0 5666,7666 0
row.6067 minecraft:savanna_plateau 2000,5500 -10000,-3500 3000,10000 -2225,500 10000,10000 5666,7666 0
row.6068 minecraft:savanna 2000,5500 -10000,-3500 -1900,10000 500,4500 0,0 5666,7666 0
row.6069 minecraft:savanna 2000,5500 -10000,-3500 -1900,10000 500,4500 10000,10000 5666,7666 0
row.6070 minecraft:windswept_savanna 2000,5500 -10000,-3500 -1900,300 4500,5500 0,0 5666,7666 0
row.6071 minecraft:windswept_savanna 2000,5500 -10000,-3500 -1900,300 4500,5500 10000,10000 5666,7666 0
row.6072 minecraft:savanna 2000,5500 -10000,-3500 300,10000 4500,5500 0,0 5666,7666 0
row.6073 minecraft:savanna 2000,5500 -10000,-3500 300,10000 4500,5500 10000,10000 5666,7666 0
row.6074 minecraft:savanna 2000,5500 -10000,-3500 -1900,10000 5500,10000 0,0 5666,7666 0
row.6075 minecraft:savanna 2000,5500 -10000,-3500 -1900,10000 5500,10000 10000,10000 5666,7666 0
row.6076 minecraft:stony_peaks 2000,5500 -3500,-1000 -1900,10000 -10000,-7799 0,0 5666,7666 0
row.6077 minecraft:stony_peaks 2000,5500 -3500,-1000 -1900,10000 -10000,-7799 10000,10000 5666,7666 0
row.6078 minecraft:savanna 2000,5500 -3500,-1000 -1900,300 -7799,-3750 0,0 5666,7666 0
row.6079 minecraft:savanna 2000,5500 -3500,-1000 -1900,300 -7799,-3750 10000,10000 5666,7666 0
row.6080 minecraft:stony_peaks 2000,5500 -3500,-1000 300,10000 -7799,-3750 0,0 5666,7666 0
row.6081 minecraft:stony_peaks 2000,5500 -3500,-1000 300,10000 -7799,-3750 10000,10000 5666,7666 0
row.6082 minecraft:savanna 2000,5500 -3500,-1000 -1900,300 -3750,500 0,0 5666,7666 0
row.6083 minecraft:savanna 2000,5500 -3500,-1000 -1900,300 -3750,500 10000,10000 5666,7666 0
row.6084 minecraft:savanna_plateau 2000,5500 -3500,-1000 300,10000 -3750,-2225 0,0 5666,7666 0
row.6085 minecraft:savanna_plateau 2000,5500 -3500,-1000 300,10000 -3750,-2225 10000,10000 5666,7666 0
row.6086 minecraft:savanna 2000,5500 -3500,-1000 300,3000 -2225,500 0,0 5666,7666 0
row.6087 minecraft:savanna 2000,5500 -3500,-1000 300,3000 -2225,500 10000,10000 5666,7666 0
row.6088 minecraft:savanna_plateau 2000,5500 -3500,-1000 3000,10000 -2225,500 0,0 5666,7666 0
row.6089 minecraft:savanna_plateau 2000,5500 -3500,-1000 3000,10000 -2225,500 10000,10000 5666,7666 0
row.6090 minecraft:savanna 2000,5500 -3500,-1000 -1900,10000 500,4500 0,0 5666,7666 0
row.6091 minecraft:savanna 2000,5500 -3500,-1000 -1900,10000 500,4500 10000,10000 5666,7666 0
row.6092 minecraft:windswept_savanna 2000,5500 -3500,-1000 -1900,300 4500,5500 0,0 5666,7666 0
row.6093 minecraft:windswept_savanna 2000,5500 -3500,-1000 -1900,300 4500,5500 10000,10000 5666,7666 0
row.6094 minecraft:savanna 2000,5500 -3500,-1000 300,10000 4500,5500 0,0 5666,7666 0
row.6095 minecraft:savanna 2000,5500 -3500,-1000 300,10000 4500,5500 10000,10000 5666,7666 0
row.6096 minecraft:savanna 2000,5500 -3500,-1000 -1900,10000 5500,10000 0,0 5666,7666 0
row.6097 minecraft:savanna 2000,5500 -3500,-1000 -1900,10000 5500,10000 10000,10000 5666,7666 0
row.6098 minecraft:stony_peaks 2000,5500 -1000,1000 -1900,10000 -10000,-7799 0,0 5666,7666 0
row.6099 minecraft:stony_peaks 2000,5500 -1000,1000 -1900,10000 -10000,-7799 10000,10000 5666,7666 0
row.6100 minecraft:plains 2000,5500 -1000,1000 -1900,300 -7799,-3750 0,0 5666,7666 0
row.6101 minecraft:plains 2000,5500 -1000,1000 -1900,300 -7799,-3750 10000,10000 5666,7666 0
row.6102 minecraft:stony_peaks 2000,5500 -1000,1000 300,10000 -7799,-3750 0,0 5666,7666 0
row.6103 minecraft:stony_peaks 2000,5500 -1000,1000 300,10000 -7799,-3750 10000,10000 5666,7666 0
row.6104 minecraft:plains 2000,5500 -1000,1000 -1900,300 -3750,500 0,0 5666,7666 0
row.6105 minecraft:plains 2000,5500 -1000,1000 -1900,300 -3750,500 10000,10000 5666,7666 0
row.6106 minecraft:forest 2000,5500 -1000,1000 300,10000 -3750,-2225 0,0 5666,7666 0
row.6107 minecraft:forest 2000,5500 -1000,1000 300,10000 -3750,-2225 10000,10000 5666,7666 0
row.6108 minecraft:plains 2000,5500 -1000,1000 300,3000 -2225,500 0,0 5666,7666 0
row.6109 minecraft:plains 2000,5500 -1000,1000 300,3000 -2225,500 10000,10000 5666,7666 0
row.6110 minecraft:forest 2000,5500 -1000,1000 3000,10000 -2225,500 0,0 5666,7666 0
row.6111 minecraft:forest 2000,5500 -1000,1000 3000,10000 -2225,500 10000,10000 5666,7666 0
row.6112 minecraft:plains 2000,5500 -1000,1000 -1900,10000 500,4500 0,0 5666,7666 0
row.6113 minecraft:plains 2000,5500 -1000,1000 -1900,10000 500,4500 10000,10000 5666,7666 0
row.6114 minecraft:windswept_savanna 2000,5500 -1000,1000 -1900,300 4500,5500 0,0 5666,7666 0
row.6115 minecraft:windswept_savanna 2000,5500 -1000,1000 -1900,300 4500,5500 10000,10000 5666,7666 0
row.6116 minecraft:plains 2000,5500 -1000,1000 300,10000 4500,5500 0,0 5666,7666 0
row.6117 minecraft:plains 2000,5500 -1000,1000 300,10000 4500,5500 10000,10000 5666,7666 0
row.6118 minecraft:plains 2000,5500 -1000,1000 -1900,10000 5500,10000 0,0 5666,7666 0
row.6119 minecraft:plains 2000,5500 -1000,1000 -1900,10000 5500,10000 10000,10000 5666,7666 0
row.6120 minecraft:stony_peaks 2000,5500 1000,3000 -1900,10000 -10000,-7799 0,0 5666,7666 0
row.6121 minecraft:stony_peaks 2000,5500 1000,3000 -1900,10000 -10000,-7799 10000,10000 5666,7666 0
row.6122 minecraft:sparse_jungle 2000,5500 1000,3000 -1900,300 -7799,-3750 0,0 5666,7666 0
row.6123 minecraft:sparse_jungle 2000,5500 1000,3000 -1900,300 -7799,-3750 10000,10000 5666,7666 0
row.6124 minecraft:stony_peaks 2000,5500 1000,3000 300,10000 -7799,-3750 0,0 5666,7666 0
row.6125 minecraft:stony_peaks 2000,5500 1000,3000 300,10000 -7799,-3750 10000,10000 5666,7666 0
row.6126 minecraft:sparse_jungle 2000,5500 1000,3000 -1900,300 -3750,500 0,0 5666,7666 0
row.6127 minecraft:sparse_jungle 2000,5500 1000,3000 -1900,300 -3750,500 10000,10000 5666,7666 0
row.6128 minecraft:forest 2000,5500 1000,3000 300,10000 -3750,-2225 0,0 5666,7666 0
row.6129 minecraft:forest 2000,5500 1000,3000 300,10000 -3750,-2225 10000,10000 5666,7666 0
row.6130 minecraft:sparse_jungle 2000,5500 1000,3000 300,3000 -2225,500 0,0 5666,7666 0
row.6131 minecraft:sparse_jungle 2000,5500 1000,3000 300,3000 -2225,500 10000,10000 5666,7666 0
row.6132 minecraft:forest 2000,5500 1000,3000 3000,10000 -2225,500 0,0 5666,7666 0
row.6133 minecraft:forest 2000,5500 1000,3000 3000,10000 -2225,500 10000,10000 5666,7666 0
row.6134 minecraft:sparse_jungle 2000,5500 1000,3000 -1900,10000 500,4500 0,0 5666,7666 0
row.6135 minecraft:sparse_jungle 2000,5500 1000,3000 -1900,10000 500,4500 10000,10000 5666,7666 0
row.6136 minecraft:windswept_savanna 2000,5500 1000,3000 -1900,300 4500,5500 0,0 5666,7666 0
row.6137 minecraft:windswept_savanna 2000,5500 1000,3000 -1900,300 4500,5500 10000,10000 5666,7666 0
row.6138 minecraft:sparse_jungle 2000,5500 1000,3000 300,10000 4500,5500 0,0 5666,7666 0
row.6139 minecraft:sparse_jungle 2000,5500 1000,3000 300,10000 4500,5500 10000,10000 5666,7666 0
row.6140 minecraft:sparse_jungle 2000,5500 1000,3000 -1900,10000 5500,10000 0,0 5666,7666 0
row.6141 minecraft:sparse_jungle 2000,5500 1000,3000 -1900,10000 5500,10000 10000,10000 5666,7666 0
row.6142 minecraft:stony_peaks 2000,5500 3000,10000 -1900,10000 -10000,-7799 0,0 5666,7666 0
row.6143 minecraft:stony_peaks 2000,5500 3000,10000 -1900,10000 -10000,-7799 10000,10000 5666,7666 0
row.6144 minecraft:bamboo_jungle 2000,5500 3000,10000 -1900,300 -7799,-3750 0,0 5666,7666 0
row.6145 minecraft:bamboo_jungle 2000,5500 3000,10000 -1900,300 -7799,-3750 10000,10000 5666,7666 0
row.6146 minecraft:stony_peaks 2000,5500 3000,10000 300,10000 -7799,-3750 0,0 5666,7666 0
row.6147 minecraft:stony_peaks 2000,5500 3000,10000 300,10000 -7799,-3750 10000,10000 5666,7666 0
row.6148 minecraft:bamboo_jungle 2000,5500 3000,10000 -1900,300 -3750,500 0,0 5666,7666 0
row.6149 minecraft:bamboo_jungle 2000,5500 3000,10000 -1900,300 -3750,500 10000,10000 5666,7666 0
row.6150 minecraft:jungle 2000,5500 3000,10000 300,10000 -3750,-2225 0,0 5666,7666 0
row.6151 minecraft:jungle 2000,5500 3000,10000 300,10000 -3750,-2225 10000,10000 5666,7666 0
row.6152 minecraft:bamboo_jungle 2000,5500 3000,10000 300,3000 -2225,500 0,0 5666,7666 0
row.6153 minecraft:bamboo_jungle 2000,5500 3000,10000 300,3000 -2225,500 10000,10000 5666,7666 0
row.6154 minecraft:jungle 2000,5500 3000,10000 3000,10000 -2225,500 0,0 5666,7666 0
row.6155 minecraft:jungle 2000,5500 3000,10000 3000,10000 -2225,500 10000,10000 5666,7666 0
row.6156 minecraft:bamboo_jungle 2000,5500 3000,10000 -1900,10000 500,4500 0,0 5666,7666 0
row.6157 minecraft:bamboo_jungle 2000,5500 3000,10000 -1900,10000 500,4500 10000,10000 5666,7666 0
row.6158 minecraft:bamboo_jungle 2000,5500 3000,10000 -1900,300 4500,5500 0,0 5666,7666 0
row.6159 minecraft:bamboo_jungle 2000,5500 3000,10000 -1900,300 4500,5500 10000,10000 5666,7666 0
row.6160 minecraft:bamboo_jungle 2000,5500 3000,10000 300,10000 4500,5500 0,0 5666,7666 0
row.6161 minecraft:bamboo_jungle 2000,5500 3000,10000 300,10000 4500,5500 10000,10000 5666,7666 0
row.6162 minecraft:bamboo_jungle 2000,5500 3000,10000 -1900,10000 5500,10000 0,0 5666,7666 0
row.6163 minecraft:bamboo_jungle 2000,5500 3000,10000 -1900,10000 5500,10000 10000,10000 5666,7666 0
row.6164 minecraft:eroded_badlands 5500,10000 -10000,-3500 -1900,10000 -10000,-7799 0,0 5666,7666 0
row.6165 minecraft:eroded_badlands 5500,10000 -10000,-3500 -1900,10000 -10000,-7799 10000,10000 5666,7666 0
row.6166 minecraft:eroded_badlands 5500,10000 -10000,-3500 -1900,300 -7799,-3750 0,0 5666,7666 0
row.6167 minecraft:eroded_badlands 5500,10000 -10000,-3500 -1900,300 -7799,-3750 10000,10000 5666,7666 0
row.6168 minecraft:eroded_badlands 5500,10000 -10000,-3500 300,10000 -7799,-3750 0,0 5666,7666 0
row.6169 minecraft:eroded_badlands 5500,10000 -10000,-3500 300,10000 -7799,-3750 10000,10000 5666,7666 0
row.6170 minecraft:desert 5500,10000 -10000,-3500 -1900,300 -3750,500 0,0 5666,7666 0
row.6171 minecraft:desert 5500,10000 -10000,-3500 -1900,300 -3750,500 10000,10000 5666,7666 0
row.6172 minecraft:eroded_badlands 5500,10000 -10000,-3500 300,10000 -3750,-2225 0,0 5666,7666 0
row.6173 minecraft:eroded_badlands 5500,10000 -10000,-3500 300,10000 -3750,-2225 10000,10000 5666,7666 0
row.6174 minecraft:eroded_badlands 5500,10000 -10000,-3500 300,3000 -2225,500 0,0 5666,7666 0
row.6175 minecraft:eroded_badlands 5500,10000 -10000,-3500 300,3000 -2225,500 10000,10000 5666,7666 0
row.6176 minecraft:eroded_badlands 5500,10000 -10000,-3500 3000,10000 -2225,500 0,0 5666,7666 0
row.6177 minecraft:eroded_badlands 5500,10000 -10000,-3500 3000,10000 -2225,500 10000,10000 5666,7666 0
row.6178 minecraft:desert 5500,10000 -10000,-3500 -1900,10000 500,4500 0,0 5666,7666 0
row.6179 minecraft:desert 5500,10000 -10000,-3500 -1900,10000 500,4500 10000,10000 5666,7666 0
row.6180 minecraft:windswept_savanna 5500,10000 -10000,-3500 -1900,300 4500,5500 0,0 5666,7666 0
row.6181 minecraft:windswept_savanna 5500,10000 -10000,-3500 -1900,300 4500,5500 10000,10000 5666,7666 0
row.6182 minecraft:desert 5500,10000 -10000,-3500 300,10000 4500,5500 0,0 5666,7666 0
row.6183 minecraft:desert 5500,10000 -10000,-3500 300,10000 4500,5500 10000,10000 5666,7666 0
row.6184 minecraft:desert 5500,10000 -10000,-3500 -1900,10000 5500,10000 0,0 5666,7666 0
row.6185 minecraft:desert 5500,10000 -10000,-3500 -1900,10000 5500,10000 10000,10000 5666,7666 0
row.6186 minecraft:eroded_badlands 5500,10000 -3500,-1000 -1900,10000 -10000,-7799 0,0 5666,7666 0
row.6187 minecraft:eroded_badlands 5500,10000 -3500,-1000 -1900,10000 -10000,-7799 10000,10000 5666,7666 0
row.6188 minecraft:eroded_badlands 5500,10000 -3500,-1000 -1900,300 -7799,-3750 0,0 5666,7666 0
row.6189 minecraft:eroded_badlands 5500,10000 -3500,-1000 -1900,300 -7799,-3750 10000,10000 5666,7666 0
row.6190 minecraft:eroded_badlands 5500,10000 -3500,-1000 300,10000 -7799,-3750 0,0 5666,7666 0
row.6191 minecraft:eroded_badlands 5500,10000 -3500,-1000 300,10000 -7799,-3750 10000,10000 5666,7666 0
row.6192 minecraft:desert 5500,10000 -3500,-1000 -1900,300 -3750,500 0,0 5666,7666 0
row.6193 minecraft:desert 5500,10000 -3500,-1000 -1900,300 -3750,500 10000,10000 5666,7666 0
row.6194 minecraft:eroded_badlands 5500,10000 -3500,-1000 300,10000 -3750,-2225 0,0 5666,7666 0
row.6195 minecraft:eroded_badlands 5500,10000 -3500,-1000 300,10000 -3750,-2225 10000,10000 5666,7666 0
row.6196 minecraft:eroded_badlands 5500,10000 -3500,-1000 300,3000 -2225,500 0,0 5666,7666 0
row.6197 minecraft:eroded_badlands 5500,10000 -3500,-1000 300,3000 -2225,500 10000,10000 5666,7666 0
row.6198 minecraft:eroded_badlands 5500,10000 -3500,-1000 3000,10000 -2225,500 0,0 5666,7666 0
row.6199 minecraft:eroded_badlands 5500,10000 -3500,-1000 3000,10000 -2225,500 10000,10000 5666,7666 0
row.6200 minecraft:desert 5500,10000 -3500,-1000 -1900,10000 500,4500 0,0 5666,7666 0
row.6201 minecraft:desert 5500,10000 -3500,-1000 -1900,10000 500,4500 10000,10000 5666,7666 0
row.6202 minecraft:windswept_savanna 5500,10000 -3500,-1000 -1900,300 4500,5500 0,0 5666,7666 0
row.6203 minecraft:windswept_savanna 5500,10000 -3500,-1000 -1900,300 4500,5500 10000,10000 5666,7666 0
row.6204 minecraft:desert 5500,10000 -3500,-1000 300,10000 4500,5500 0,0 5666,7666 0
row.6205 minecraft:desert 5500,10000 -3500,-1000 300,10000 4500,5500 10000,10000 5666,7666 0
row.6206 minecraft:desert 5500,10000 -3500,-1000 -1900,10000 5500,10000 0,0 5666,7666 0
row.6207 minecraft:desert 5500,10000 -3500,-1000 -1900,10000 5500,10000 10000,10000 5666,7666 0
row.6208 minecraft:badlands 5500,10000 -1000,1000 -1900,10000 -10000,-7799 0,0 5666,7666 0
row.6209 minecraft:badlands 5500,10000 -1000,1000 -1900,10000 -10000,-7799 10000,10000 5666,7666 0
row.6210 minecraft:badlands 5500,10000 -1000,1000 -1900,300 -7799,-3750 0,0 5666,7666 0
row.6211 minecraft:badlands 5500,10000 -1000,1000 -1900,300 -7799,-3750 10000,10000 5666,7666 0
row.6212 minecraft:badlands 5500,10000 -1000,1000 300,10000 -7799,-3750 0,0 5666,7666 0
row.6213 minecraft:badlands 5500,10000 -1000,1000 300,10000 -7799,-3750 10000,10000 5666,7666 0
row.6214 minecraft:desert 5500,10000 -1000,1000 -1900,300 -3750,500 0,0 5666,7666 0
row.6215 minecraft:desert 5500,10000 -1000,1000 -1900,300 -3750,500 10000,10000 5666,7666 0
row.6216 minecraft:badlands 5500,10000 -1000,1000 300,10000 -3750,-2225 0,0 5666,7666 0
row.6217 minecraft:badlands 5500,10000 -1000,1000 300,10000 -3750,-2225 10000,10000 5666,7666 0
row.6218 minecraft:badlands 5500,10000 -1000,1000 300,3000 -2225,500 0,0 5666,7666 0
row.6219 minecraft:badlands 5500,10000 -1000,1000 300,3000 -2225,500 10000,10000 5666,7666 0
row.6220 minecraft:badlands 5500,10000 -1000,1000 3000,10000 -2225,500 0,0 5666,7666 0
row.6221 minecraft:badlands 5500,10000 -1000,1000 3000,10000 -2225,500 10000,10000 5666,7666 0
row.6222 minecraft:desert 5500,10000 -1000,1000 -1900,10000 500,4500 0,0 5666,7666 0
row.6223 minecraft:desert 5500,10000 -1000,1000 -1900,10000 500,4500 10000,10000 5666,7666 0
row.6224 minecraft:windswept_savanna 5500,10000 -1000,1000 -1900,300 4500,5500 0,0 5666,7666 0
row.6225 minecraft:windswept_savanna 5500,10000 -1000,1000 -1900,300 4500,5500 10000,10000 5666,7666 0
row.6226 minecraft:desert 5500,10000 -1000,1000 300,10000 4500,5500 0,0 5666,7666 0
row.6227 minecraft:desert 5500,10000 -1000,1000 300,10000 4500,5500 10000,10000 5666,7666 0
row.6228 minecraft:desert 5500,10000 -1000,1000 -1900,10000 5500,10000 0,0 5666,7666 0
row.6229 minecraft:desert 5500,10000 -1000,1000 -1900,10000 5500,10000 10000,10000 5666,7666 0
row.6230 minecraft:wooded_badlands 5500,10000 1000,3000 -1900,10000 -10000,-7799 0,0 5666,7666 0
row.6231 minecraft:wooded_badlands 5500,10000 1000,3000 -1900,10000 -10000,-7799 10000,10000 5666,7666 0
row.6232 minecraft:wooded_badlands 5500,10000 1000,3000 -1900,300 -7799,-3750 0,0 5666,7666 0
row.6233 minecraft:wooded_badlands 5500,10000 1000,3000 -1900,300 -7799,-3750 10000,10000 5666,7666 0
row.6234 minecraft:wooded_badlands 5500,10000 1000,3000 300,10000 -7799,-3750 0,0 5666,7666 0
row.6235 minecraft:wooded_badlands 5500,10000 1000,3000 300,10000 -7799,-3750 10000,10000 5666,7666 0
row.6236 minecraft:desert 5500,10000 1000,3000 -1900,300 -3750,500 0,0 5666,7666 0
row.6237 minecraft:desert 5500,10000 1000,3000 -1900,300 -3750,500 10000,10000 5666,7666 0
row.6238 minecraft:wooded_badlands 5500,10000 1000,3000 300,10000 -3750,-2225 0,0 5666,7666 0
row.6239 minecraft:wooded_badlands 5500,10000 1000,3000 300,10000 -3750,-2225 10000,10000 5666,7666 0
row.6240 minecraft:wooded_badlands 5500,10000 1000,3000 300,3000 -2225,500 0,0 5666,7666 0
row.6241 minecraft:wooded_badlands 5500,10000 1000,3000 300,3000 -2225,500 10000,10000 5666,7666 0
row.6242 minecraft:wooded_badlands 5500,10000 1000,3000 3000,10000 -2225,500 0,0 5666,7666 0
row.6243 minecraft:wooded_badlands 5500,10000 1000,3000 3000,10000 -2225,500 10000,10000 5666,7666 0
row.6244 minecraft:desert 5500,10000 1000,3000 -1900,10000 500,4500 0,0 5666,7666 0
row.6245 minecraft:desert 5500,10000 1000,3000 -1900,10000 500,4500 10000,10000 5666,7666 0
row.6246 minecraft:windswept_savanna 5500,10000 1000,3000 -1900,300 4500,5500 0,0 5666,7666 0
row.6247 minecraft:windswept_savanna 5500,10000 1000,3000 -1900,300 4500,5500 10000,10000 5666,7666 0
row.6248 minecraft:desert 5500,10000 1000,3000 300,10000 4500,5500 0,0 5666,7666 0
row.6249 minecraft:desert 5500,10000 1000,3000 300,10000 4500,5500 10000,10000 5666,7666 0
row.6250 minecraft:desert 5500,10000 1000,3000 -1900,10000 5500,10000 0,0 5666,7666 0
row.6251 minecraft:desert 5500,10000 1000,3000 -1900,10000 5500,10000 10000,10000 5666,7666 0
row.6252 minecraft:wooded_badlands 5500,10000 3000,10000 -1900,10000 -10000,-7799 0,0 5666,7666 0
row.6253 minecraft:wooded_badlands 5500,10000 3000,10000 -1900,10000 -10000,-7799 10000,10000 5666,7666 0
row.6254 minecraft:wooded_badlands 5500,10000 3000,10000 -1900,300 -7799,-3750 0,0 5666,7666 0
row.6255 minecraft:wooded_badlands 5500,10000 3000,10000 -1900,300 -7799,-3750 10000,10000 5666,7666 0
row.6256 minecraft:wooded_badlands 5500,10000 3000,10000 300,10000 -7799,-3750 0,0 5666,7666 0
row.6257 minecraft:wooded_badlands 5500,10000 3000,10000 300,10000 -7799,-3750 10000,10000 5666,7666 0
row.6258 minecraft:desert 5500,10000 3000,10000 -1900,300 -3750,500 0,0 5666,7666 0
row.6259 minecraft:desert 5500,10000 3000,10000 -1900,300 -3750,500 10000,10000 5666,7666 0
row.6260 minecraft:wooded_badlands 5500,10000 3000,10000 300,10000 -3750,-2225 0,0 5666,7666 0
row.6261 minecraft:wooded_badlands 5500,10000 3000,10000 300,10000 -3750,-2225 10000,10000 5666,7666 0
row.6262 minecraft:wooded_badlands 5500,10000 3000,10000 300,3000 -2225,500 0,0 5666,7666 0
row.6263 minecraft:wooded_badlands 5500,10000 3000,10000 300,3000 -2225,500 10000,10000 5666,7666 0
row.6264 minecraft:wooded_badlands 5500,10000 3000,10000 3000,10000 -2225,500 0,0 5666,7666 0
row.6265 minecraft:wooded_badlands 5500,10000 3000,10000 3000,10000 -2225,500 10000,10000 5666,7666 0
row.6266 minecraft:desert 5500,10000 3000,10000 -1900,10000 500,4500 0,0 5666,7666 0
row.6267 minecraft:desert 5500,10000 3000,10000 -1900,10000 500,4500 10000,10000 5666,7666 0
row.6268 minecraft:desert 5500,10000 3000,10000 -1900,300 4500,5500 0,0 5666,7666 0
row.6269 minecraft:desert 5500,10000 3000,10000 -1900,300 4500,5500 10000,10000 5666,7666 0
row.6270 minecraft:desert 5500,10000 3000,10000 300,10000 4500,5500 0,0 5666,7666 0
row.6271 minecraft:desert 5500,10000 3000,10000 300,10000 4500,5500 10000,10000 5666,7666 0
row.6272 minecraft:desert 5500,10000 3000,10000 -1900,10000 5500,10000 0,0 5666,7666 0
row.6273 minecraft:desert 5500,10000 3000,10000 -1900,10000 5500,10000 10000,10000 5666,7666 0
row.6274 minecraft:ice_spikes -10000,-4500 -10000,-3500 -1900,-1100 -10000,-3750 0,0 7666,9333 0
row.6275 minecraft:ice_spikes -10000,-4500 -10000,-3500 -1900,-1100 -10000,-3750 10000,10000 7666,9333 0
row.6276 minecraft:snowy_slopes -10000,-4500 -10000,-3500 -1100,300 -10000,-7799 0,0 7666,9333 0
row.6277 minecraft:snowy_slopes -10000,-4500 -10000,-3500 -1100,300 -10000,-7799 10000,10000 7666,9333 0
row.6278 minecraft:frozen_peaks -10000,-4500 -10000,-3500 300,10000 -10000,-7799 0,0 7666,9333 0
row.6279 minecraft:frozen_peaks -10000,-4500 -10000,-3500 300,10000 -10000,-7799 10000,10000 7666,9333 0
row.6280 minecraft:snowy_slopes -10000,-4500 -10000,-3500 -1100,300 -7799,-3750 0,0 7666,9333 0
row.6281 minecraft:snowy_slopes -10000,-4500 -10000,-3500 -1100,300 -7799,-3750 10000,10000 7666,9333 0
row.6282 minecraft:snowy_slopes -10000,-4500 -10000,-3500 300,10000 -7799,-3750 0,0 7666,9333 0
row.6283 minecraft:snowy_slopes -10000,-4500 -10000,-3500 300,10000 -7799,-3750 10000,10000 7666,9333 0
row.6284 minecraft:ice_spikes -10000,-4500 -10000,-3500 -1900,300 -3750,500 0,0 7666,9333 0
row.6285 minecraft:ice_spikes -10000,-4500 -10000,-3500 -1900,300 -3750,500 10000,10000 7666,9333 0
row.6286 minecraft:ice_spikes -10000,-4500 -10000,-3500 300,10000 -3750,-2225 0,0 7666,9333 0
row.6287 minecraft:ice_spikes -10000,-4500 -10000,-3500 300,10000 -3750,-2225 10000,10000 7666,9333 0
row.6288 minecraft:ice_spikes -10000,-4500 -10000,-3500 300,3000 -2225,500 0,0 7666,9333 0
row.6289 minecraft:ice_spikes -10000,-4500 -10000,-3500 300,3000 -2225,500 10000,10000 7666,9333 0
row.6290 minecraft:ice_spikes -10000,-4500 -10000,-3500 3000,10000 -2225,500 0,0 7666,9333 0
row.6291 minecraft:ice_spikes -10000,-4500 -10000,-3500 3000,10000 -2225,500 10000,10000 7666,9333 0
row.6292 minecraft:ice_spikes -10000,-4500 -10000,-3500 -1900,10000 500,4500 0,0 7666,9333 0
row.6293 minecraft:ice_spikes -10000,-4500 -10000,-3500 -1900,10000 500,4500 10000,10000 7666,9333 0
row.6294 minecraft:ice_spikes -10000,-4500 -10000,-3500 -1900,300 4500,5500 0,0 7666,9333 0
row.6295 minecraft:ice_spikes -10000,-4500 -10000,-3500 -1900,300 4500,5500 10000,10000 7666,9333 0
row.6296 minecraft:windswept_gravelly_hills -10000,-4500 -10000,-3500 300,10000 4500,5500 0,0 7666,9333 0
row.6297 minecraft:windswept_gravelly_hills -10000,-4500 -10000,-3500 300,10000 4500,5500 10000,10000 7666,9333 0
row.6298 minecraft:ice_spikes -10000,-4500 -10000,-3500 -1900,10000 5500,10000 0,0 7666,9333 0
row.6299 minecraft:ice_spikes -10000,-4500 -10000,-3500 -1900,10000 5500,10000 10000,10000 7666,9333 0
row.6300 minecraft:snowy_plains -10000,-4500 -3500,-1000 -1900,-1100 -10000,-3750 0,0 7666,9333 0
row.6301 minecraft:snowy_plains -10000,-4500 -3500,-1000 -1900,-1100 -10000,-3750 10000,10000 7666,9333 0
row.6302 minecraft:snowy_slopes -10000,-4500 -3500,-1000 -1100,300 -10000,-7799 0,0 7666,9333 0
row.6303 minecraft:snowy_slopes -10000,-4500 -3500,-1000 -1100,300 -10000,-7799 10000,10000 7666,9333 0
row.6304 minecraft:frozen_peaks -10000,-4500 -3500,-1000 300,10000 -10000,-7799 0,0 7666,9333 0
row.6305 minecraft:frozen_peaks -10000,-4500 -3500,-1000 300,10000 -10000,-7799 10000,10000 7666,9333 0
row.6306 minecraft:snowy_slopes -10000,-4500 -3500,-1000 -1100,300 -7799,-3750 0,0 7666,9333 0
row.6307 minecraft:snowy_slopes -10000,-4500 -3500,-1000 -1100,300 -7799,-3750 10000,10000 7666,9333 0
row.6308 minecraft:snowy_slopes -10000,-4500 -3500,-1000 300,10000 -7799,-3750 0,0 7666,9333 0
row.6309 minecraft:snowy_slopes -10000,-4500 -3500,-1000 300,10000 -7799,-3750 10000,10000 7666,9333 0
row.6310 minecraft:snowy_plains -10000,-4500 -3500,-1000 -1900,300 -3750,500 0,0 7666,9333 0
row.6311 minecraft:snowy_plains -10000,-4500 -3500,-1000 -1900,300 -3750,500 10000,10000 7666,9333 0
row.6312 minecraft:snowy_plains -10000,-4500 -3500,-1000 300,10000 -3750,-2225 0,0 7666,9333 0
row.6313 minecraft:snowy_plains -10000,-4500 -3500,-1000 300,10000 -3750,-2225 10000,10000 7666,9333 0
row.6314 minecraft:snowy_plains -10000,-4500 -3500,-1000 300,3000 -2225,500 0,0 7666,9333 0
row.6315 minecraft:snowy_plains -10000,-4500 -3500,-1000 300,3000 -2225,500 10000,10000 7666,9333 0
row.6316 minecraft:snowy_plains -10000,-4500 -3500,-1000 3000,10000 -2225,500 0,0 7666,9333 0
row.6317 minecraft:snowy_plains -10000,-4500 -3500,-1000 3000,10000 -2225,500 10000,10000 7666,9333 0
row.6318 minecraft:snowy_plains -10000,-4500 -3500,-1000 -1900,10000 500,4500 0,0 7666,9333 0
row.6319 minecraft:snowy_plains -10000,-4500 -3500,-1000 -1900,10000 500,4500 10000,10000 7666,9333 0
row.6320 minecraft:snowy_plains -10000,-4500 -3500,-1000 -1900,300 4500,5500 0,0 7666,9333 0
row.6321 minecraft:snowy_plains -10000,-4500 -3500,-1000 -1900,300 4500,5500 10000,10000 7666,9333 0
row.6322 minecraft:windswept_gravelly_hills -10000,-4500 -3500,-1000 300,10000 4500,5500 0,0 7666,9333 0
row.6323 minecraft:windswept_gravelly_hills -10000,-4500 -3500,-1000 300,10000 4500,5500 10000,10000 7666,9333 0
row.6324 minecraft:snowy_plains -10000,-4500 -3500,-1000 -1900,10000 5500,10000 0,0 7666,9333 0
row.6325 minecraft:snowy_plains -10000,-4500 -3500,-1000 -1900,10000 5500,10000 10000,10000 7666,9333 0
row.6326 minecraft:snowy_taiga -10000,-4500 -1000,1000 -1900,-1100 -10000,-3750 0,0 7666,9333 0
row.6327 minecraft:snowy_taiga -10000,-4500 -1000,1000 -1900,-1100 -10000,-3750 10000,10000 7666,9333 0
row.6328 minecraft:grove -10000,-4500 -1000,1000 -1100,300 -10000,-7799 0,0 7666,9333 0
row.6329 minecraft:grove -10000,-4500 -1000,1000 -1100,300 -10000,-7799 10000,10000 7666,9333 0
row.6330 minecraft:frozen_peaks -10000,-4500 -1000,1000 300,10000 -10000,-7799 0,0 7666,9333 0
row.6331 minecraft:frozen_peaks -10000,-4500 -1000,1000 300,10000 -10000,-7799 10000,10000 7666,9333 0
row.6332 minecraft:grove -10000,-4500 -1000,1000 -1100,300 -7799,-3750 0,0 7666,9333 0
row.6333 minecraft:grove -10000,-4500 -1000,1000 -1100,300 -7799,-3750 10000,10000 7666,9333 0
row.6334 minecraft:grove -10000,-4500 -1000,1000 300,10000 -7799,-3750 0,0 7666,9333 0
row.6335 minecraft:grove -10000,-4500 -1000,1000 300,10000 -7799,-3750 10000,10000 7666,9333 0
row.6336 minecraft:snowy_taiga -10000,-4500 -1000,1000 -1900,300 -3750,500 0,0 7666,9333 0
row.6337 minecraft:snowy_taiga -10000,-4500 -1000,1000 -1900,300 -3750,500 10000,10000 7666,9333 0
row.6338 minecraft:snowy_plains -10000,-4500 -1000,1000 300,10000 -3750,-2225 0,0 7666,9333 0
row.6339 minecraft:snowy_plains -10000,-4500 -1000,1000 300,10000 -3750,-2225 10000,10000 7666,9333 0
row.6340 minecraft:snowy_taiga -10000,-4500 -1000,1000 300,3000 -2225,500 0,0 7666,9333 0
row.6341 minecraft:snowy_taiga -10000,-4500 -1000,1000 300,3000 -2225,500 10000,10000 7666,9333 0
row.6342 minecraft:snowy_plains -10000,-4500 -1000,1000 3000,10000 -2225,500 0,0 7666,9333 0
row.6343 minecraft:snowy_plains -10000,-4500 -1000,1000 3000,10000 -2225,500 10000,10000 7666,9333 0
row.6344 minecraft:snowy_taiga -10000,-4500 -1000,1000 -1900,10000 500,4500 0,0 7666,9333 0
row.6345 minecraft:snowy_taiga -10000,-4500 -1000,1000 -1900,10000 500,4500 10000,10000 7666,9333 0
row.6346 minecraft:snowy_taiga -10000,-4500 -1000,1000 -1900,300 4500,5500 0,0 7666,9333 0
row.6347 minecraft:snowy_taiga -10000,-4500 -1000,1000 -1900,300 4500,5500 10000,10000 7666,9333 0
row.6348 minecraft:windswept_hills -10000,-4500 -1000,1000 300,10000 4500,5500 0,0 7666,9333 0
row.6349 minecraft:windswept_hills -10000,-4500 -1000,1000 300,10000 4500,5500 10000,10000 7666,9333 0
row.6350 minecraft:snowy_taiga -10000,-4500 -1000,1000 -1900,10000 5500,10000 0,0 7666,9333 0
row.6351 minecraft:snowy_taiga -10000,-4500 -1000,1000 -1900,10000 5500,10000 10000,10000 7666,9333 0
row.6352 minecraft:snowy_taiga -10000,-4500 1000,3000 -1900,-1100 -10000,-3750 0,0 7666,9333 0
row.6353 minecraft:snowy_taiga -10000,-4500 1000,3000 -1900,-1100 -10000,-3750 10000,10000 7666,9333 0
row.6354 minecraft:grove -10000,-4500 1000,3000 -1100,300 -10000,-7799 0,0 7666,9333 0
row.6355 minecraft:grove -10000,-4500 1000,3000 -1100,300 -10000,-7799 10000,10000 7666,9333 0
row.6356 minecraft:frozen_peaks -10000,-4500 1000,3000 300,10000 -10000,-7799 0,0 7666,9333 0
row.6357 minecraft:frozen_peaks -10000,-4500 1000,3000 300,10000 -10000,-7799 10000,10000 7666,9333 0
row.6358 minecraft:grove -10000,-4500 1000,3000 -1100,300 -7799,-3750 0,0 7666,9333 0
row.6359 minecraft:grove -10000,-4500 1000,3000 -1100,300 -7799,-3750 10000,10000 7666,9333 0
row.6360 minecraft:grove -10000,-4500 1000,3000 300,10000 -7799,-3750 0,0 7666,9333 0
row.6361 minecraft:grove -10000,-4500 1000,3000 300,10000 -7799,-3750 10000,10000 7666,9333 0
row.6362 minecraft:snowy_taiga -10000,-4500 1000,3000 -1900,300 -3750,500 0,0 7666,9333 0
row.6363 minecraft:snowy_taiga -10000,-4500 1000,3000 -1900,300 -3750,500 10000,10000 7666,9333 0
row.6364 minecraft:snowy_taiga -10000,-4500 1000,3000 300,10000 -3750,-2225 0,0 7666,9333 0
row.6365 minecraft:snowy_taiga -10000,-4500 1000,3000 300,10000 -3750,-2225 10000,10000 7666,9333 0
row.6366 minecraft:snowy_taiga -10000,-4500 1000,3000 300,3000 -2225,500 0,0 7666,9333 0
row.6367 minecraft:snowy_taiga -10000,-4500 1000,3000 300,3000 -2225,500 10000,10000 7666,9333 0
row.6368 minecraft:snowy_taiga -10000,-4500 1000,3000 3000,10000 -2225,500 0,0 7666,9333 0
row.6369 minecraft:snowy_taiga -10000,-4500 1000,3000 3000,10000 -2225,500 10000,10000 7666,9333 0
row.6370 minecraft:snowy_taiga -10000,-4500 1000,3000 -1900,10000 500,4500 0,0 7666,9333 0
row.6371 minecraft:snowy_taiga -10000,-4500 1000,3000 -1900,10000 500,4500 10000,10000 7666,9333 0
row.6372 minecraft:snowy_taiga -10000,-4500 1000,3000 -1900,300 4500,5500 0,0 7666,9333 0
row.6373 minecraft:snowy_taiga -10000,-4500 1000,3000 -1900,300 4500,5500 10000,10000 7666,9333 0
row.6374 minecraft:windswept_forest -10000,-4500 1000,3000 300,10000 4500,5500 0,0 7666,9333 0
row.6375 minecraft:windswept_forest -10000,-4500 1000,3000 300,10000 4500,5500 10000,10000 7666,9333 0
row.6376 minecraft:snowy_taiga -10000,-4500 1000,3000 -1900,10000 5500,10000 0,0 7666,9333 0
row.6377 minecraft:snowy_taiga -10000,-4500 1000,3000 -1900,10000 5500,10000 10000,10000 7666,9333 0
row.6378 minecraft:taiga -10000,-4500 3000,10000 -1900,-1100 -10000,-3750 0,0 7666,9333 0
row.6379 minecraft:taiga -10000,-4500 3000,10000 -1900,-1100 -10000,-3750 10000,10000 7666,9333 0
row.6380 minecraft:grove -10000,-4500 3000,10000 -1100,300 -10000,-7799 0,0 7666,9333 0
row.6381 minecraft:grove -10000,-4500 3000,10000 -1100,300 -10000,-7799 10000,10000 7666,9333 0
row.6382 minecraft:frozen_peaks -10000,-4500 3000,10000 300,10000 -10000,-7799 0,0 7666,9333 0
row.6383 minecraft:frozen_peaks -10000,-4500 3000,10000 300,10000 -10000,-7799 10000,10000 7666,9333 0
row.6384 minecraft:grove -10000,-4500 3000,10000 -1100,300 -7799,-3750 0,0 7666,9333 0
row.6385 minecraft:grove -10000,-4500 3000,10000 -1100,300 -7799,-3750 10000,10000 7666,9333 0
row.6386 minecraft:grove -10000,-4500 3000,10000 300,10000 -7799,-3750 0,0 7666,9333 0
row.6387 minecraft:grove -10000,-4500 3000,10000 300,10000 -7799,-3750 10000,10000 7666,9333 0
row.6388 minecraft:taiga -10000,-4500 3000,10000 -1900,300 -3750,500 0,0 7666,9333 0
row.6389 minecraft:taiga -10000,-4500 3000,10000 -1900,300 -3750,500 10000,10000 7666,9333 0
row.6390 minecraft:snowy_taiga -10000,-4500 3000,10000 300,10000 -3750,-2225 0,0 7666,9333 0
row.6391 minecraft:snowy_taiga -10000,-4500 3000,10000 300,10000 -3750,-2225 10000,10000 7666,9333 0
row.6392 minecraft:taiga -10000,-4500 3000,10000 300,3000 -2225,500 0,0 7666,9333 0
row.6393 minecraft:taiga -10000,-4500 3000,10000 300,3000 -2225,500 10000,10000 7666,9333 0
row.6394 minecraft:snowy_taiga -10000,-4500 3000,10000 3000,10000 -2225,500 0,0 7666,9333 0
row.6395 minecraft:snowy_taiga -10000,-4500 3000,10000 3000,10000 -2225,500 10000,10000 7666,9333 0
row.6396 minecraft:taiga -10000,-4500 3000,10000 -1900,10000 500,4500 0,0 7666,9333 0
row.6397 minecraft:taiga -10000,-4500 3000,10000 -1900,10000 500,4500 10000,10000 7666,9333 0
row.6398 minecraft:taiga -10000,-4500 3000,10000 -1900,300 4500,5500 0,0 7666,9333 0
row.6399 minecraft:taiga -10000,-4500 3000,10000 -1900,300 4500,5500 10000,10000 7666,9333 0
row.6400 minecraft:windswept_forest -10000,-4500 3000,10000 300,10000 4500,5500 0,0 7666,9333 0
row.6401 minecraft:windswept_forest -10000,-4500 3000,10000 300,10000 4500,5500 10000,10000 7666,9333 0
row.6402 minecraft:taiga -10000,-4500 3000,10000 -1900,10000 5500,10000 0,0 7666,9333 0
row.6403 minecraft:taiga -10000,-4500 3000,10000 -1900,10000 5500,10000 10000,10000 7666,9333 0
row.6404 minecraft:plains -4500,-1500 -10000,-3500 -1900,-1100 -10000,-3750 0,0 7666,9333 0
row.6405 minecraft:plains -4500,-1500 -10000,-3500 -1900,-1100 -10000,-3750 10000,10000 7666,9333 0
row.6406 minecraft:snowy_slopes -4500,-1500 -10000,-3500 -1100,300 -10000,-7799 0,0 7666,9333 0
row.6407 minecraft:snowy_slopes -4500,-1500 -10000,-3500 -1100,300 -10000,-7799 10000,10000 7666,9333 0
row.6408 minecraft:frozen_peaks -4500,-1500 -10000,-3500 300,10000 -10000,-7799 0,0 7666,9333 0
row.6409 minecraft:frozen_peaks -4500,-1500 -10000,-3500 300,10000 -10000,-7799 10000,10000 7666,9333 0
row.6410 minecraft:plains -4500,-1500 -10000,-3500 -1100,300 -7799,-3750 0,0 7666,9333 0
row.6411 minecraft:plains -4500,-1500 -10000,-3500 -1100,300 -7799,-3750 10000,10000 7666,9333 0
row.6412 minecraft:snowy_slopes -4500,-1500 -10000,-3500 300,10000 -7799,-3750 0,0 7666,9333 0
row.6413 minecraft:snowy_slopes -4500,-1500 -10000,-3500 300,10000 -7799,-3750 10000,10000 7666,9333 0
row.6414 minecraft:plains -4500,-1500 -10000,-3500 -1900,300 -3750,500 0,0 7666,9333 0
row.6415 minecraft:plains -4500,-1500 -10000,-3500 -1900,300 -3750,500 10000,10000 7666,9333 0
row.6416 minecraft:cherry_grove -4500,-1500 -10000,-3500 300,10000 -3750,-2225 0,0 7666,9333 0
row.6417 minecraft:cherry_grove -4500,-1500 -10000,-3500 300,10000 -3750,-2225 10000,10000 7666,9333 0
row.6418 minecraft:plains -4500,-1500 -10000,-3500 300,3000 -2225,500 0,0 7666,9333 0
row.6419 minecraft:plains -4500,-1500 -10000,-3500 300,3000 -2225,500 10000,10000 7666,9333 0
row.6420 minecraft:cherry_grove -4500,-1500 -10000,-3500 3000,10000 -2225,500 0,0 7666,9333 0
row.6421 minecraft:cherry_grove -4500,-1500 -10000,-3500 3000,10000 -2225,500 10000,10000 7666,9333 0
row.6422 minecraft:plains -4500,-1500 -10000,-3500 -1900,10000 500,4500 0,0 7666,9333 0
row.6423 minecraft:plains -4500,-1500 -10000,-3500 -1900,10000 500,4500 10000,10000 7666,9333 0
row.6424 minecraft:plains -4500,-1500 -10000,-3500 -1900,300 4500,5500 0,0 7666,9333 0
row.6425 minecraft:plains -4500,-1500 -10000,-3500 -1900,300 4500,5500 10000,10000 7666,9333 0
row.6426 minecraft:windswept_gravelly_hills -4500,-1500 -10000,-3500 300,10000 4500,5500 0,0 7666,9333 0
row.6427 minecraft:windswept_gravelly_hills -4500,-1500 -10000,-3500 300,10000 4500,5500 10000,10000 7666,9333 0
row.6428 minecraft:plains -4500,-1500 -10000,-3500 -1900,10000 5500,10000 0,0 7666,9333 0
row.6429 minecraft:plains -4500,-1500 -10000,-3500 -1900,10000 5500,10000 10000,10000 7666,9333 0
row.6430 minecraft:plains -4500,-1500 -3500,-1000 -1900,-1100 -10000,-3750 0,0 7666,9333 0
row.6431 minecraft:plains -4500,-1500 -3500,-1000 -1900,-1100 -10000,-3750 10000,10000 7666,9333 0
row.6432 minecraft:snowy_slopes -4500,-1500 -3500,-1000 -1100,300 -10000,-7799 0,0 7666,9333 0
row.6433 minecraft:snowy_slopes -4500,-1500 -3500,-1000 -1100,300 -10000,-7799 10000,10000 7666,9333 0
row.6434 minecraft:frozen_peaks -4500,-1500 -3500,-1000 300,10000 -10000,-7799 0,0 7666,9333 0
row.6435 minecraft:frozen_peaks -4500,-1500 -3500,-1000 300,10000 -10000,-7799 10000,10000 7666,9333 0
row.6436 minecraft:plains -4500,-1500 -3500,-1000 -1100,300 -7799,-3750 0,0 7666,9333 0
row.6437 minecraft:plains -4500,-1500 -3500,-1000 -1100,300 -7799,-3750 10000,10000 7666,9333 0
row.6438 minecraft:snowy_slopes -4500,-1500 -3500,-1000 300,10000 -7799,-3750 0,0 7666,9333 0
row.6439 minecraft:snowy_slopes -4500,-1500 -3500,-1000 300,10000 -7799,-3750 10000,10000 7666,9333 0
row.6440 minecraft:plains -4500,-1500 -3500,-1000 -1900,300 -3750,500 0,0 7666,9333 0
row.6441 minecraft:plains -4500,-1500 -3500,-1000 -1900,300 -3750,500 10000,10000 7666,9333 0
row.6442 minecraft:meadow -4500,-1500 -3500,-1000 300,10000 -3750,-2225 0,0 7666,9333 0
row.6443 minecraft:meadow -4500,-1500 -3500,-1000 300,10000 -3750,-2225 10000,10000 7666,9333 0
row.6444 minecraft:plains -4500,-1500 -3500,-1000 300,3000 -2225,500 0,0 7666,9333 0
row.6445 minecraft:plains -4500,-1500 -3500,-1000 300,3000 -2225,500 10000,10000 7666,9333 0
row.6446 minecraft:meadow -4500,-1500 -3500,-1000 3000,10000 -2225,500 0,0 7666,9333 0
row.6447 minecraft:meadow -4500,-1500 -3500,-1000 3000,10000 -2225,500 10000,10000 7666,9333 0
row.6448 minecraft:plains -4500,-1500 -3500,-1000 -1900,10000 500,4500 0,0 7666,9333 0
row.6449 minecraft:plains -4500,-1500 -3500,-1000 -1900,10000 500,4500 10000,10000 7666,9333 0
row.6450 minecraft:plains -4500,-1500 -3500,-1000 -1900,300 4500,5500 0,0 7666,9333 0
row.6451 minecraft:plains -4500,-1500 -3500,-1000 -1900,300 4500,5500 10000,10000 7666,9333 0
row.6452 minecraft:windswept_gravelly_hills -4500,-1500 -3500,-1000 300,10000 4500,5500 0,0 7666,9333 0
row.6453 minecraft:windswept_gravelly_hills -4500,-1500 -3500,-1000 300,10000 4500,5500 10000,10000 7666,9333 0
row.6454 minecraft:plains -4500,-1500 -3500,-1000 -1900,10000 5500,10000 0,0 7666,9333 0
row.6455 minecraft:plains -4500,-1500 -3500,-1000 -1900,10000 5500,10000 10000,10000 7666,9333 0
row.6456 minecraft:forest -4500,-1500 -1000,1000 -1900,-1100 -10000,-3750 0,0 7666,9333 0
row.6457 minecraft:forest -4500,-1500 -1000,1000 -1900,-1100 -10000,-3750 10000,10000 7666,9333 0
row.6458 minecraft:grove -4500,-1500 -1000,1000 -1100,300 -10000,-7799 0,0 7666,9333 0
row.6459 minecraft:grove -4500,-1500 -1000,1000 -1100,300 -10000,-7799 10000,10000 7666,9333 0
row.6460 minecraft:frozen_peaks -4500,-1500 -1000,1000 300,10000 -10000,-7799 0,0 7666,9333 0
row.6461 minecraft:frozen_peaks -4500,-1500 -1000,1000 300,10000 -10000,-7799 10000,10000 7666,9333 0
row.6462 minecraft:forest -4500,-1500 -1000,1000 -1100,300 -7799,-3750 0,0 7666,9333 0
row.6463 minecraft:forest -4500,-1500 -1000,1000 -1100,300 -7799,-3750 10000,10000 7666,9333 0
row.6464 minecraft:grove -4500,-1500 -1000,1000 300,10000 -7799,-3750 0,0 7666,9333 0
row.6465 minecraft:grove -4500,-1500 -1000,1000 300,10000 -7799,-3750 10000,10000 7666,9333 0
row.6466 minecraft:forest -4500,-1500 -1000,1000 -1900,300 -3750,500 0,0 7666,9333 0
row.6467 minecraft:forest -4500,-1500 -1000,1000 -1900,300 -3750,500 10000,10000 7666,9333 0
row.6468 minecraft:meadow -4500,-1500 -1000,1000 300,10000 -3750,-2225 0,0 7666,9333 0
row.6469 minecraft:meadow -4500,-1500 -1000,1000 300,10000 -3750,-2225 10000,10000 7666,9333 0
row.6470 minecraft:forest -4500,-1500 -1000,1000 300,3000 -2225,500 0,0 7666,9333 0
row.6471 minecraft:forest -4500,-1500 -1000,1000 300,3000 -2225,500 10000,10000 7666,9333 0
row.6472 minecraft:meadow -4500,-1500 -1000,1000 3000,10000 -2225,500 0,0 7666,9333 0
row.6473 minecraft:meadow -4500,-1500 -1000,1000 3000,10000 -2225,500 10000,10000 7666,9333 0
row.6474 minecraft:forest -4500,-1500 -1000,1000 -1900,10000 500,4500 0,0 7666,9333 0
row.6475 minecraft:forest -4500,-1500 -1000,1000 -1900,10000 500,4500 10000,10000 7666,9333 0
row.6476 minecraft:forest -4500,-1500 -1000,1000 -1900,300 4500,5500 0,0 7666,9333 0
row.6477 minecraft:forest -4500,-1500 -1000,1000 -1900,300 4500,5500 10000,10000 7666,9333 0
row.6478 minecraft:windswept_hills -4500,-1500 -1000,1000 300,10000 4500,5500 0,0 7666,9333 0
row.6479 minecraft:windswept_hills -4500,-1500 -1000,1000 300,10000 4500,5500 10000,10000 7666,9333 0
row.6480 minecraft:forest -4500,-1500 -1000,1000 -1900,10000 5500,10000 0,0 7666,9333 0
row.6481 minecraft:forest -4500,-1500 -1000,1000 -1900,10000 5500,10000 10000,10000 7666,9333 0
row.6482 minecraft:taiga -4500,-1500 1000,3000 -1900,-1100 -10000,-3750 0,0 7666,9333 0
row.6483 minecraft:taiga -4500,-1500 1000,3000 -1900,-1100 -10000,-3750 10000,10000 7666,9333 0
row.6484 minecraft:grove -4500,-1500 1000,3000 -1100,300 -10000,-7799 0,0 7666,9333 0
row.6485 minecraft:grove -4500,-1500 1000,3000 -1100,300 -10000,-7799 10000,10000 7666,9333 0
row.6486 minecraft:frozen_peaks -4500,-1500 1000,3000 300,10000 -10000,-7799 0,0 7666,9333 0
row.6487 minecraft:frozen_peaks -4500,-1500 1000,3000 300,10000 -10000,-7799 10000,10000 7666,9333 0
row.6488 minecraft:taiga -4500,-1500 1000,3000 -1100,300 -7799,-3750 0,0 7666,9333 0
row.6489 minecraft:taiga -4500,-1500 1000,3000 -1100,300 -7799,-3750 10000,10000 7666,9333 0
row.6490 minecraft:grove -4500,-1500 1000,3000 300,10000 -7799,-3750 0,0 7666,9333 0
row.6491 minecraft:grove -4500,-1500 1000,3000 300,10000 -7799,-3750 10000,10000 7666,9333 0
row.6492 minecraft:taiga -4500,-1500 1000,3000 -1900,300 -3750,500 0,0 7666,9333 0
row.6493 minecraft:taiga -4500,-1500 1000,3000 -1900,300 -3750,500 10000,10000 7666,9333 0
row.6494 minecraft:meadow -4500,-1500 1000,3000 300,10000 -3750,-2225 0,0 7666,9333 0
row.6495 minecraft:meadow -4500,-1500 1000,3000 300,10000 -3750,-2225 10000,10000 7666,9333 0
row.6496 minecraft:taiga -4500,-1500 1000,3000 300,3000 -2225,500 0,0 7666,9333 0
row.6497 minecraft:taiga -4500,-1500 1000,3000 300,3000 -2225,500 10000,10000 7666,9333 0
row.6498 minecraft:meadow -4500,-1500 1000,3000 3000,10000 -2225,500 0,0 7666,9333 0
row.6499 minecraft:meadow -4500,-1500 1000,3000 3000,10000 -2225,500 10000,10000 7666,9333 0
row.6500 minecraft:taiga -4500,-1500 1000,3000 -1900,10000 500,4500 0,0 7666,9333 0
row.6501 minecraft:taiga -4500,-1500 1000,3000 -1900,10000 500,4500 10000,10000 7666,9333 0
row.6502 minecraft:taiga -4500,-1500 1000,3000 -1900,300 4500,5500 0,0 7666,9333 0
row.6503 minecraft:taiga -4500,-1500 1000,3000 -1900,300 4500,5500 10000,10000 7666,9333 0
row.6504 minecraft:windswept_forest -4500,-1500 1000,3000 300,10000 4500,5500 0,0 7666,9333 0
row.6505 minecraft:windswept_forest -4500,-1500 1000,3000 300,10000 4500,5500 10000,10000 7666,9333 0
row.6506 minecraft:taiga -4500,-1500 1000,3000 -1900,10000 5500,10000 0,0 7666,9333 0
row.6507 minecraft:taiga -4500,-1500 1000,3000 -1900,10000 5500,10000 10000,10000 7666,9333 0
row.6508 minecraft:old_growth_pine_taiga -4500,-1500 3000,10000 -1900,-1100 -10000,-3750 0,0 7666,9333 0
row.6509 minecraft:old_growth_pine_taiga -4500,-1500 3000,10000 -1900,-1100 -10000,-3750 10000,10000 7666,9333 0
row.6510 minecraft:grove -4500,-1500 3000,10000 -1100,300 -10000,-7799 0,0 7666,9333 0
row.6511 minecraft:grove -4500,-1500 3000,10000 -1100,300 -10000,-7799 10000,10000 7666,9333 0
row.6512 minecraft:frozen_peaks -4500,-1500 3000,10000 300,10000 -10000,-7799 0,0 7666,9333 0
row.6513 minecraft:frozen_peaks -4500,-1500 3000,10000 300,10000 -10000,-7799 10000,10000 7666,9333 0
row.6514 minecraft:old_growth_pine_taiga -4500,-1500 3000,10000 -1100,300 -7799,-3750 0,0 7666,9333 0
row.6515 minecraft:old_growth_pine_taiga -4500,-1500 3000,10000 -1100,300 -7799,-3750 10000,10000 7666,9333 0
row.6516 minecraft:grove -4500,-1500 3000,10000 300,10000 -7799,-3750 0,0 7666,9333 0
row.6517 minecraft:grove -4500,-1500 3000,10000 300,10000 -7799,-3750 10000,10000 7666,9333 0
row.6518 minecraft:old_growth_pine_taiga -4500,-1500 3000,10000 -1900,300 -3750,500 0,0 7666,9333 0
row.6519 minecraft:old_growth_pine_taiga -4500,-1500 3000,10000 -1900,300 -3750,500 10000,10000 7666,9333 0
row.6520 minecraft:old_growth_pine_taiga -4500,-1500 3000,10000 300,10000 -3750,-2225 0,0 7666,9333 0
row.6521 minecraft:old_growth_pine_taiga -4500,-1500 3000,10000 300,10000 -3750,-2225 10000,10000 7666,9333 0
row.6522 minecraft:old_growth_pine_taiga -4500,-1500 3000,10000 300,3000 -2225,500 0,0 7666,9333 0
row.6523 minecraft:old_growth_pine_taiga -4500,-1500 3000,10000 300,3000 -2225,500 10000,10000 7666,9333 0
row.6524 minecraft:old_growth_pine_taiga -4500,-1500 3000,10000 3000,10000 -2225,500 0,0 7666,9333 0
row.6525 minecraft:old_growth_pine_taiga -4500,-1500 3000,10000 3000,10000 -2225,500 10000,10000 7666,9333 0
row.6526 minecraft:old_growth_pine_taiga -4500,-1500 3000,10000 -1900,10000 500,4500 0,0 7666,9333 0
row.6527 minecraft:old_growth_pine_taiga -4500,-1500 3000,10000 -1900,10000 500,4500 10000,10000 7666,9333 0
row.6528 minecraft:old_growth_pine_taiga -4500,-1500 3000,10000 -1900,300 4500,5500 0,0 7666,9333 0
row.6529 minecraft:old_growth_pine_taiga -4500,-1500 3000,10000 -1900,300 4500,5500 10000,10000 7666,9333 0
row.6530 minecraft:windswept_forest -4500,-1500 3000,10000 300,10000 4500,5500 0,0 7666,9333 0
row.6531 minecraft:windswept_forest -4500,-1500 3000,10000 300,10000 4500,5500 10000,10000 7666,9333 0
row.6532 minecraft:old_growth_pine_taiga -4500,-1500 3000,10000 -1900,10000 5500,10000 0,0 7666,9333 0
row.6533 minecraft:old_growth_pine_taiga -4500,-1500 3000,10000 -1900,10000 5500,10000 10000,10000 7666,9333 0
row.6534 minecraft:sunflower_plains -1500,2000 -10000,-3500 -1900,-1100 -10000,-3750 0,0 7666,9333 0
row.6535 minecraft:sunflower_plains -1500,2000 -10000,-3500 -1900,-1100 -10000,-3750 10000,10000 7666,9333 0
row.6536 minecraft:snowy_slopes -1500,2000 -10000,-3500 -1100,300 -10000,-7799 0,0 7666,9333 0
row.6537 minecraft:snowy_slopes -1500,2000 -10000,-3500 -1100,300 -10000,-7799 10000,10000 7666,9333 0
row.6538 minecraft:frozen_peaks -1500,2000 -10000,-3500 300,10000 -10000,-7799 0,0 7666,9333 0
row.6539 minecraft:frozen_peaks -1500,2000 -10000,-3500 300,10000 -10000,-7799 10000,10000 7666,9333 0
row.6540 minecraft:sunflower_plains -1500,2000 -10000,-3500 -1100,300 -7799,-3750 0,0 7666,9333 0
row.6541 minecraft:sunflower_plains -1500,2000 -10000,-3500 -1100,300 -7799,-3750 10000,10000 7666,9333 0
row.6542 minecraft:snowy_slopes -1500,2000 -10000,-3500 300,10000 -7799,-3750 0,0 7666,9333 0
row.6543 minecraft:snowy_slopes -1500,2000 -10000,-3500 300,10000 -7799,-3750 10000,10000 7666,9333 0
row.6544 minecraft:sunflower_plains -1500,2000 -10000,-3500 -1900,300 -3750,500 0,0 7666,9333 0
row.6545 minecraft:sunflower_plains -1500,2000 -10000,-3500 -1900,300 -3750,500 10000,10000 7666,9333 0
row.6546 minecraft:cherry_grove -1500,2000 -10000,-3500 300,10000 -3750,-2225 0,0 7666,9333 0
row.6547 minecraft:cherry_grove -1500,2000 -10000,-3500 300,10000 -3750,-2225 10000,10000 7666,9333 0
row.6548 minecraft:sunflower_plains -1500,2000 -10000,-3500 300,3000 -2225,500 0,0 7666,9333 0
row.6549 minecraft:sunflower_plains -1500,2000 -10000,-3500 300,3000 -2225,500 10000,10000 7666,9333 0
row.6550 minecraft:cherry_grove -1500,2000 -10000,-3500 3000,10000 -2225,500 0,0 7666,9333 0
row.6551 minecraft:cherry_grove -1500,2000 -10000,-3500 3000,10000 -2225,500 10000,10000 7666,9333 0
row.6552 minecraft:sunflower_plains -1500,2000 -10000,-3500 -1900,10000 500,4500 0,0 7666,9333 0
row.6553 minecraft:sunflower_plains -1500,2000 -10000,-3500 -1900,10000 500,4500 10000,10000 7666,9333 0
row.6554 minecraft:windswept_savanna -1500,2000 -10000,-3500 -1900,300 4500,5500 0,0 7666,9333 0
row.6555 minecraft:windswept_savanna -1500,2000 -10000,-3500 -1900,300 4500,5500 10000,10000 7666,9333 0
row.6556 minecraft:windswept_hills -1500,2000 -10000,-3500 300,10000 4500,5500 0,0 7666,9333 0
row.6557 minecraft:windswept_hills -1500,2000 -10000,-3500 300,10000 4500,5500 10000,10000 7666,9333 0
row.6558 minecraft:sunflower_plains -1500,2000 -10000,-3500 -1900,10000 5500,10000 0,0 7666,9333 0
row.6559 minecraft:sunflower_plains -1500,2000 -10000,-3500 -1900,10000 5500,10000 10000,10000 7666,9333 0
row.6560 minecraft:plains -1500,2000 -3500,-1000 -1900,-1100 -10000,-3750 0,0 7666,9333 0
row.6561 minecraft:plains -1500,2000 -3500,-1000 -1900,-1100 -10000,-3750 10000,10000 7666,9333 0
row.6562 minecraft:snowy_slopes -1500,2000 -3500,-1000 -1100,300 -10000,-7799 0,0 7666,9333 0
row.6563 minecraft:snowy_slopes -1500,2000 -3500,-1000 -1100,300 -10000,-7799 10000,10000 7666,9333 0
row.6564 minecraft:frozen_peaks -1500,2000 -3500,-1000 300,10000 -10000,-7799 0,0 7666,9333 0
row.6565 minecraft:frozen_peaks -1500,2000 -3500,-1000 300,10000 -10000,-7799 10000,10000 7666,9333 0
row.6566 minecraft:plains -1500,2000 -3500,-1000 -1100,300 -7799,-3750 0,0 7666,9333 0
row.6567 minecraft:plains -1500,2000 -3500,-1000 -1100,300 -7799,-3750 10000,10000 7666,9333 0
row.6568 minecraft:snowy_slopes -1500,2000 -3500,-1000 300,10000 -7799,-3750 0,0 7666,9333 0
row.6569 minecraft:snowy_slopes -1500,2000 -3500,-1000 300,10000 -7799,-3750 10000,10000 7666,9333 0
row.6570 minecraft:plains -1500,2000 -3500,-1000 -1900,300 -3750,500 0,0 7666,9333 0
row.6571 minecraft:plains -1500,2000 -3500,-1000 -1900,300 -3750,500 10000,10000 7666,9333 0
row.6572 minecraft:cherry_grove -1500,2000 -3500,-1000 300,10000 -3750,-2225 0,0 7666,9333 0
row.6573 minecraft:cherry_grove -1500,2000 -3500,-1000 300,10000 -3750,-2225 10000,10000 7666,9333 0
row.6574 minecraft:plains -1500,2000 -3500,-1000 300,3000 -2225,500 0,0 7666,9333 0
row.6575 minecraft:plains -1500,2000 -3500,-1000 300,3000 -2225,500 10000,10000 7666,9333 0
row.6576 minecraft:cherry_grove -1500,2000 -3500,-1000 3000,10000 -2225,500 0,0 7666,9333 0
row.6577 minecraft:cherry_grove -1500,2000 -3500,-1000 3000,10000 -2225,500 10000,10000 7666,9333 0
row.6578 minecraft:plains -1500,2000 -3500,-1000 -1900,10000 500,4500 0,0 7666,9333 0
row.6579 minecraft:plains -1500,2000 -3500,-1000 -1900,10000 500,4500 10000,10000 7666,9333 0
row.6580 minecraft:windswept_savanna -1500,2000 -3500,-1000 -1900,300 4500,5500 0,0 7666,9333 0
row.6581 minecraft:windswept_savanna -1500,2000 -3500,-1000 -1900,300 4500,5500 10000,10000 7666,9333 0
row.6582 minecraft:windswept_hills -1500,2000 -3500,-1000 300,10000 4500,5500 0,0 7666,9333 0
row.6583 minecraft:windswept_hills -1500,2000 -3500,-1000 300,10000 4500,5500 10000,10000 7666,9333 0
row.6584 minecraft:plains -1500,2000 -3500,-1000 -1900,10000 5500,10000 0,0 7666,9333 0
row.6585 minecraft:plains -1500,2000 -3500,-1000 -1900,10000 5500,10000 10000,10000 7666,9333 0
row.6586 minecraft:forest -1500,2000 -1000,1000 -1900,-1100 -10000,-3750 0,0 7666,9333 0
row.6587 minecraft:forest -1500,2000 -1000,1000 -1900,-1100 -10000,-3750 10000,10000 7666,9333 0
row.6588 minecraft:grove -1500,2000 -1000,1000 -1100,300 -10000,-7799 0,0 7666,9333 0
row.6589 minecraft:grove -1500,2000 -1000,1000 -1100,300 -10000,-7799 10000,10000 7666,9333 0
row.6590 minecraft:frozen_peaks -1500,2000 -1000,1000 300,10000 -10000,-7799 0,0 7666,9333 0
row.6591 minecraft:frozen_peaks -1500,2000 -1000,1000 300,10000 -10000,-7799 10000,10000 7666,9333 0
row.6592 minecraft:forest -1500,2000 -1000,1000 -1100,300 -7799,-3750 0,0 7666,9333 0
row.6593 minecraft:forest -1500,2000 -1000,1000 -1100,300 -7799,-3750 10000,10000 7666,9333 0
row.6594 minecraft:grove -1500,2000 -1000,1000 300,10000 -7799,-3750 0,0 7666,9333 0
row.6595 minecraft:grove -1500,2000 -1000,1000 300,10000 -7799,-3750 10000,10000 7666,9333 0
row.6596 minecraft:forest -1500,2000 -1000,1000 -1900,300 -3750,500 0,0 7666,9333 0
row.6597 minecraft:forest -1500,2000 -1000,1000 -1900,300 -3750,500 10000,10000 7666,9333 0
row.6598 minecraft:forest -1500,2000 -1000,1000 300,10000 -3750,-2225 0,0 7666,9333 0
row.6599 minecraft:forest -1500,2000 -1000,1000 300,10000 -3750,-2225 10000,10000 7666,9333 0
row.6600 minecraft:forest -1500,2000 -1000,1000 300,3000 -2225,500 0,0 7666,9333 0
row.6601 minecraft:forest -1500,2000 -1000,1000 300,3000 -2225,500 10000,10000 7666,9333 0
row.6602 minecraft:forest -1500,2000 -1000,1000 3000,10000 -2225,500 0,0 7666,9333 0
row.6603 minecraft:forest -1500,2000 -1000,1000 3000,10000 -2225,500 10000,10000 7666,9333 0
row.6604 minecraft:forest -1500,2000 -1000,1000 -1900,10000 500,4500 0,0 7666,9333 0
row.6605 minecraft:forest -1500,2000 -1000,1000 -1900,10000 500,4500 10000,10000 7666,9333 0
row.6606 minecraft:windswept_savanna -1500,2000 -1000,1000 -1900,300 4500,5500 0,0 7666,9333 0
row.6607 minecraft:windswept_savanna -1500,2000 -1000,1000 -1900,300 4500,5500 10000,10000 7666,9333 0
row.6608 minecraft:windswept_hills -1500,2000 -1000,1000 300,10000 4500,5500 0,0 7666,9333 0
row.6609 minecraft:windswept_hills -1500,2000 -1000,1000 300,10000 4500,5500 10000,10000 7666,9333 0
row.6610 minecraft:forest -1500,2000 -1000,1000 -1900,10000 5500,10000 0,0 7666,9333 0
row.6611 minecraft:forest -1500,2000 -1000,1000 -1900,10000 5500,10000 10000,10000 7666,9333 0
row.6612 minecraft:old_growth_birch_forest -1500,2000 1000,3000 -1900,-1100 -10000,-3750 0,0 7666,9333 0
row.6613 minecraft:old_growth_birch_forest -1500,2000 1000,3000 -1900,-1100 -10000,-3750 10000,10000 7666,9333 0
row.6614 minecraft:grove -1500,2000 1000,3000 -1100,300 -10000,-7799 0,0 7666,9333 0
row.6615 minecraft:grove -1500,2000 1000,3000 -1100,300 -10000,-7799 10000,10000 7666,9333 0
row.6616 minecraft:frozen_peaks -1500,2000 1000,3000 300,10000 -10000,-7799 0,0 7666,9333 0
row.6617 minecraft:frozen_peaks -1500,2000 1000,3000 300,10000 -10000,-7799 10000,10000 7666,9333 0
row.6618 minecraft:old_growth_birch_forest -1500,2000 1000,3000 -1100,300 -7799,-3750 0,0 7666,9333 0
row.6619 minecraft:old_growth_birch_forest -1500,2000 1000,3000 -1100,300 -7799,-3750 10000,10000 7666,9333 0
row.6620 minecraft:grove -1500,2000 1000,3000 300,10000 -7799,-3750 0,0 7666,9333 0
row.6621 minecraft:grove -1500,2000 1000,3000 300,10000 -7799,-3750 10000,10000 7666,9333 0
row.6622 minecraft:old_growth_birch_forest -1500,2000 1000,3000 -1900,300 -3750,500 0,0 7666,9333 0
row.6623 minecraft:old_growth_birch_forest -1500,2000 1000,3000 -1900,300 -3750,500 10000,10000 7666,9333 0
row.6624 minecraft:birch_forest -1500,2000 1000,3000 300,10000 -3750,-2225 0,0 7666,9333 0
row.6625 minecraft:birch_forest -1500,2000 1000,3000 300,10000 -3750,-2225 10000,10000 7666,9333 0
row.6626 minecraft:old_growth_birch_forest -1500,2000 1000,3000 300,3000 -2225,500 0,0 7666,9333 0
row.6627 minecraft:old_growth_birch_forest -1500,2000 1000,3000 300,3000 -2225,500 10000,10000 7666,9333 0
row.6628 minecraft:birch_forest -1500,2000 1000,3000 3000,10000 -2225,500 0,0 7666,9333 0
row.6629 minecraft:birch_forest -1500,2000 1000,3000 3000,10000 -2225,500 10000,10000 7666,9333 0
row.6630 minecraft:old_growth_birch_forest -1500,2000 1000,3000 -1900,10000 500,4500 0,0 7666,9333 0
row.6631 minecraft:old_growth_birch_forest -1500,2000 1000,3000 -1900,10000 500,4500 10000,10000 7666,9333 0
row.6632 minecraft:windswept_savanna -1500,2000 1000,3000 -1900,300 4500,5500 0,0 7666,9333 0
row.6633 minecraft:windswept_savanna -1500,2000 1000,3000 -1900,300 4500,5500 10000,10000 7666,9333 0
row.6634 minecraft:windswept_forest -1500,2000 1000,3000 300,10000 4500,5500 0,0 7666,9333 0
row.6635 minecraft:windswept_forest -1500,2000 1000,3000 300,10000 4500,5500 10000,10000 7666,9333 0
row.6636 minecraft:old_growth_birch_forest -1500,2000 1000,3000 -1900,10000 5500,10000 0,0 7666,9333 0
row.6637 minecraft:old_growth_birch_forest -1500,2000 1000,3000 -1900,10000 5500,10000 10000,10000 7666,9333 0
row.6638 minecraft:dark_forest -1500,2000 3000,10000 -1900,-1100 -10000,-3750 0,0 7666,9333 0
row.6639 minecraft:dark_forest -1500,2000 3000,10000 -1900,-1100 -10000,-3750 10000,10000 7666,9333 0
row.6640 minecraft:grove -1500,2000 3000,10000 -1100,300 -10000,-7799 0,0 7666,9333 0
row.6641 minecraft:grove -1500,2000 3000,10000 -1100,300 -10000,-7799 10000,10000 7666,9333 0
row.6642 minecraft:frozen_peaks -1500,2000 3000,10000 300,10000 -10000,-7799 0,0 7666,9333 0
row.6643 minecraft:frozen_peaks -1500,2000 3000,10000 300,10000 -10000,-7799 10000,10000 7666,9333 0
row.6644 minecraft:dark_forest -1500,2000 3000,10000 -1100,300 -7799,-3750 0,0 7666,9333 0
row.6645 minecraft:dark_forest -1500,2000 3000,10000 -1100,300 -7799,-3750 10000,10000 7666,9333 0
row.6646 minecraft:grove -1500,2000 3000,10000 300,10000 -7799,-3750 0,0 7666,9333 0
row.6647 minecraft:grove -1500,2000 3000,10000 300,10000 -7799,-3750 10000,10000 7666,9333 0
row.6648 minecraft:dark_forest -1500,2000 3000,10000 -1900,300 -3750,500 0,0 7666,9333 0
row.6649 minecraft:dark_forest -1500,2000 3000,10000 -1900,300 -3750,500 10000,10000 7666,9333 0
row.6650 minecraft:pale_garden -1500,2000 3000,10000 300,10000 -3750,-2225 0,0 7666,9333 0
row.6651 minecraft:pale_garden -1500,2000 3000,10000 300,10000 -3750,-2225 10000,10000 7666,9333 0
row.6652 minecraft:dark_forest -1500,2000 3000,10000 300,3000 -2225,500 0,0 7666,9333 0
row.6653 minecraft:dark_forest -1500,2000 3000,10000 300,3000 -2225,500 10000,10000 7666,9333 0
row.6654 minecraft:pale_garden -1500,2000 3000,10000 3000,10000 -2225,500 0,0 7666,9333 0
row.6655 minecraft:pale_garden -1500,2000 3000,10000 3000,10000 -2225,500 10000,10000 7666,9333 0
row.6656 minecraft:dark_forest -1500,2000 3000,10000 -1900,10000 500,4500 0,0 7666,9333 0
row.6657 minecraft:dark_forest -1500,2000 3000,10000 -1900,10000 500,4500 10000,10000 7666,9333 0
row.6658 minecraft:dark_forest -1500,2000 3000,10000 -1900,300 4500,5500 0,0 7666,9333 0
row.6659 minecraft:dark_forest -1500,2000 3000,10000 -1900,300 4500,5500 10000,10000 7666,9333 0
row.6660 minecraft:windswept_forest -1500,2000 3000,10000 300,10000 4500,5500 0,0 7666,9333 0
row.6661 minecraft:windswept_forest -1500,2000 3000,10000 300,10000 4500,5500 10000,10000 7666,9333 0
row.6662 minecraft:dark_forest -1500,2000 3000,10000 -1900,10000 5500,10000 0,0 7666,9333 0
row.6663 minecraft:dark_forest -1500,2000 3000,10000 -1900,10000 5500,10000 10000,10000 7666,9333 0
row.6664 minecraft:savanna 2000,5500 -10000,-3500 -1900,-1100 -10000,-3750 0,0 7666,9333 0
row.6665 minecraft:savanna 2000,5500 -10000,-3500 -1900,-1100 -10000,-3750 10000,10000 7666,9333 0
row.6666 minecraft:savanna_plateau 2000,5500 -10000,-3500 -1100,300 -10000,-7799 0,0 7666,9333 0
row.6667 minecraft:savanna_plateau 2000,5500 -10000,-3500 -1100,300 -10000,-7799 10000,10000 7666,9333 0
row.6668 minecraft:stony_peaks 2000,5500 -10000,-3500 300,10000 -10000,-7799 0,0 7666,9333 0
row.6669 minecraft:stony_peaks 2000,5500 -10000,-3500 300,10000 -10000,-7799 10000,10000 7666,9333 0
row.6670 minecraft:savanna 2000,5500 -10000,-3500 -1100,300 -7799,-3750 0,0 7666,9333 0
row.6671 minecraft:savanna 2000,5500 -10000,-3500 -1100,300 -7799,-3750 10000,10000 7666,9333 0
row.6672 minecraft:savanna_plateau 2000,5500 -10000,-3500 300,10000 -7799,-3750 0,0 7666,9333 0
row.6673 minecraft:savanna_plateau 2000,5500 -10000,-3500 300,10000 -7799,-3750 10000,10000 7666,9333 0
row.6674 minecraft:savanna 2000,5500 -10000,-3500 -1900,300 -3750,500 0,0 7666,9333 0
row.6675 minecraft:savanna 2000,5500 -10000,-3500 -1900,300 -3750,500 10000,10000 7666,9333 0
row.6676 minecraft:savanna_plateau 2000,5500 -10000,-3500 300,10000 -3750,-2225 0,0 7666,9333 0
row.6677 minecraft:savanna_plateau 2000,5500 -10000,-3500 300,10000 -3750,-2225 10000,10000 7666,9333 0
row.6678 minecraft:savanna 2000,5500 -10000,-3500 300,3000 -2225,500 0,0 7666,9333 0
row.6679 minecraft:savanna 2000,5500 -10000,-3500 300,3000 -2225,500 10000,10000 7666,9333 0
row.6680 minecraft:savanna_plateau 2000,5500 -10000,-3500 3000,10000 -2225,500 0,0 7666,9333 0
row.6681 minecraft:savanna_plateau 2000,5500 -10000,-3500 3000,10000 -2225,500 10000,10000 7666,9333 0
row.6682 minecraft:savanna 2000,5500 -10000,-3500 -1900,10000 500,4500 0,0 7666,9333 0
row.6683 minecraft:savanna 2000,5500 -10000,-3500 -1900,10000 500,4500 10000,10000 7666,9333 0
row.6684 minecraft:windswept_savanna 2000,5500 -10000,-3500 -1900,300 4500,5500 0,0 7666,9333 0
row.6685 minecraft:windswept_savanna 2000,5500 -10000,-3500 -1900,300 4500,5500 10000,10000 7666,9333 0
row.6686 minecraft:savanna 2000,5500 -10000,-3500 300,10000 4500,5500 0,0 7666,9333 0
row.6687 minecraft:savanna 2000,5500 -10000,-3500 300,10000 4500,5500 10000,10000 7666,9333 0
row.6688 minecraft:savanna 2000,5500 -10000,-3500 -1900,10000 5500,10000 0,0 7666,9333 0
row.6689 minecraft:savanna 2000,5500 -10000,-3500 -1900,10000 5500,10000 10000,10000 7666,9333 0
row.6690 minecraft:savanna 2000,5500 -3500,-1000 -1900,-1100 -10000,-3750 0,0 7666,9333 0
row.6691 minecraft:savanna 2000,5500 -3500,-1000 -1900,-1100 -10000,-3750 10000,10000 7666,9333 0
row.6692 minecraft:savanna_plateau 2000,5500 -3500,-1000 -1100,300 -10000,-7799 0,0 7666,9333 0
row.6693 minecraft:savanna_plateau 2000,5500 -3500,-1000 -1100,300 -10000,-7799 10000,10000 7666,9333 0
row.6694 minecraft:stony_peaks 2000,5500 -3500,-1000 300,10000 -10000,-7799 0,0 7666,9333 0
row.6695 minecraft:stony_peaks 2000,5500 -3500,-1000 300,10000 -10000,-7799 10000,10000 7666,9333 0
row.6696 minecraft:savanna 2000,5500 -3500,-1000 -1100,300 -7799,-3750 0,0 7666,9333 0
row.6697 minecraft:savanna 2000,5500 -3500,-1000 -1100,300 -7799,-3750 10000,10000 7666,9333 0
row.6698 minecraft:savanna_plateau 2000,5500 -3500,-1000 300,10000 -7799,-3750 0,0 7666,9333 0
row.6699 minecraft:savanna_plateau 2000,5500 -3500,-1000 300,10000 -7799,-3750 10000,10000 7666,9333 0
row.6700 minecraft:savanna 2000,5500 -3500,-1000 -1900,300 -3750,500 0,0 7666,9333 0
row.6701 minecraft:savanna 2000,5500 -3500,-1000 -1900,300 -3750,500 10000,10000 7666,9333 0
row.6702 minecraft:savanna_plateau 2000,5500 -3500,-1000 300,10000 -3750,-2225 0,0 7666,9333 0
row.6703 minecraft:savanna_plateau 2000,5500 -3500,-1000 300,10000 -3750,-2225 10000,10000 7666,9333 0
row.6704 minecraft:savanna 2000,5500 -3500,-1000 300,3000 -2225,500 0,0 7666,9333 0
row.6705 minecraft:savanna 2000,5500 -3500,-1000 300,3000 -2225,500 10000,10000 7666,9333 0
row.6706 minecraft:savanna_plateau 2000,5500 -3500,-1000 3000,10000 -2225,500 0,0 7666,9333 0
row.6707 minecraft:savanna_plateau 2000,5500 -3500,-1000 3000,10000 -2225,500 10000,10000 7666,9333 0
row.6708 minecraft:savanna 2000,5500 -3500,-1000 -1900,10000 500,4500 0,0 7666,9333 0
row.6709 minecraft:savanna 2000,5500 -3500,-1000 -1900,10000 500,4500 10000,10000 7666,9333 0
row.6710 minecraft:windswept_savanna 2000,5500 -3500,-1000 -1900,300 4500,5500 0,0 7666,9333 0
row.6711 minecraft:windswept_savanna 2000,5500 -3500,-1000 -1900,300 4500,5500 10000,10000 7666,9333 0
row.6712 minecraft:savanna 2000,5500 -3500,-1000 300,10000 4500,5500 0,0 7666,9333 0
row.6713 minecraft:savanna 2000,5500 -3500,-1000 300,10000 4500,5500 10000,10000 7666,9333 0
row.6714 minecraft:savanna 2000,5500 -3500,-1000 -1900,10000 5500,10000 0,0 7666,9333 0
row.6715 minecraft:savanna 2000,5500 -3500,-1000 -1900,10000 5500,10000 10000,10000 7666,9333 0
row.6716 minecraft:plains 2000,5500 -1000,1000 -1900,-1100 -10000,-3750 0,0 7666,9333 0
row.6717 minecraft:plains 2000,5500 -1000,1000 -1900,-1100 -10000,-3750 10000,10000 7666,9333 0
row.6718 minecraft:forest 2000,5500 -1000,1000 -1100,300 -10000,-7799 0,0 7666,9333 0
row.6719 minecraft:forest 2000,5500 -1000,1000 -1100,300 -10000,-7799 10000,10000 7666,9333 0
row.6720 minecraft:stony_peaks 2000,5500 -1000,1000 300,10000 -10000,-7799 0,0 7666,9333 0
row.6721 minecraft:stony_peaks 2000,5500 -1000,1000 300,10000 -10000,-7799 10000,10000 7666,9333 0
row.6722 minecraft:plains 2000,5500 -1000,1000 -1100,300 -7799,-3750 0,0 7666,9333 0
row.6723 minecraft:plains 2000,5500 -1000,1000 -1100,300 -7799,-3750 10000,10000 7666,9333 0
row.6724 minecraft:forest 2000,5500 -1000,1000 300,10000 -7799,-3750 0,0 7666,9333 0
row.6725 minecraft:forest 2000,5500 -1000,1000 300,10000 -7799,-3750 10000,10000 7666,9333 0
row.6726 minecraft:plains 2000,5500 -1000,1000 -1900,300 -3750,500 0,0 7666,9333 0
row.6727 minecraft:plains 2000,5500 -1000,1000 -1900,300 -3750,500 10000,10000 7666,9333 0
row.6728 minecraft:forest 2000,5500 -1000,1000 300,10000 -3750,-2225 0,0 7666,9333 0
row.6729 minecraft:forest 2000,5500 -1000,1000 300,10000 -3750,-2225 10000,10000 7666,9333 0
row.6730 minecraft:plains 2000,5500 -1000,1000 300,3000 -2225,500 0,0 7666,9333 0
row.6731 minecraft:plains 2000,5500 -1000,1000 300,3000 -2225,500 10000,10000 7666,9333 0
row.6732 minecraft:forest 2000,5500 -1000,1000 3000,10000 -2225,500 0,0 7666,9333 0
row.6733 minecraft:forest 2000,5500 -1000,1000 3000,10000 -2225,500 10000,10000 7666,9333 0
row.6734 minecraft:plains 2000,5500 -1000,1000 -1900,10000 500,4500 0,0 7666,9333 0
row.6735 minecraft:plains 2000,5500 -1000,1000 -1900,10000 500,4500 10000,10000 7666,9333 0
row.6736 minecraft:windswept_savanna 2000,5500 -1000,1000 -1900,300 4500,5500 0,0 7666,9333 0
row.6737 minecraft:windswept_savanna 2000,5500 -1000,1000 -1900,300 4500,5500 10000,10000 7666,9333 0
row.6738 minecraft:plains 2000,5500 -1000,1000 300,10000 4500,5500 0,0 7666,9333 0
row.6739 minecraft:plains 2000,5500 -1000,1000 300,10000 4500,5500 10000,10000 7666,9333 0
row.6740 minecraft:plains 2000,5500 -1000,1000 -1900,10000 5500,10000 0,0 7666,9333 0
row.6741 minecraft:plains 2000,5500 -1000,1000 -1900,10000 5500,10000 10000,10000 7666,9333 0
row.6742 minecraft:sparse_jungle 2000,5500 1000,3000 -1900,-1100 -10000,-3750 0,0 7666,9333 0
row.6743 minecraft:sparse_jungle 2000,5500 1000,3000 -1900,-1100 -10000,-3750 10000,10000 7666,9333 0
row.6744 minecraft:forest 2000,5500 1000,3000 -1100,300 -10000,-7799 0,0 7666,9333 0
row.6745 minecraft:forest 2000,5500 1000,3000 -1100,300 -10000,-7799 10000,10000 7666,9333 0
row.6746 minecraft:stony_peaks 2000,5500 1000,3000 300,10000 -10000,-7799 0,0 7666,9333 0
row.6747 minecraft:stony_peaks 2000,5500 1000,3000 300,10000 -10000,-7799 10000,10000 7666,9333 0
row.6748 minecraft:sparse_jungle 2000,5500 1000,3000 -1100,300 -7799,-3750 0,0 7666,9333 0
row.6749 minecraft:sparse_jungle 2000,5500 1000,3000 -1100,300 -7799,-3750 10000,10000 7666,9333 0
row.6750 minecraft:forest 2000,5500 1000,3000 300,10000 -7799,-3750 0,0 7666,9333 0
row.6751 minecraft:forest 2000,5500 1000,3000 300,10000 -7799,-3750 10000,10000 7666,9333 0
row.6752 minecraft:sparse_jungle 2000,5500 1000,3000 -1900,300 -3750,500 0,0 7666,9333 0
row.6753 minecraft:sparse_jungle 2000,5500 1000,3000 -1900,300 -3750,500 10000,10000 7666,9333 0
row.6754 minecraft:forest 2000,5500 1000,3000 300,10000 -3750,-2225 0,0 7666,9333 0
row.6755 minecraft:forest 2000,5500 1000,3000 300,10000 -3750,-2225 10000,10000 7666,9333 0
row.6756 minecraft:sparse_jungle 2000,5500 1000,3000 300,3000 -2225,500 0,0 7666,9333 0
row.6757 minecraft:sparse_jungle 2000,5500 1000,3000 300,3000 -2225,500 10000,10000 7666,9333 0
row.6758 minecraft:forest 2000,5500 1000,3000 3000,10000 -2225,500 0,0 7666,9333 0
row.6759 minecraft:forest 2000,5500 1000,3000 3000,10000 -2225,500 10000,10000 7666,9333 0
row.6760 minecraft:sparse_jungle 2000,5500 1000,3000 -1900,10000 500,4500 0,0 7666,9333 0
row.6761 minecraft:sparse_jungle 2000,5500 1000,3000 -1900,10000 500,4500 10000,10000 7666,9333 0
row.6762 minecraft:windswept_savanna 2000,5500 1000,3000 -1900,300 4500,5500 0,0 7666,9333 0
row.6763 minecraft:windswept_savanna 2000,5500 1000,3000 -1900,300 4500,5500 10000,10000 7666,9333 0
row.6764 minecraft:sparse_jungle 2000,5500 1000,3000 300,10000 4500,5500 0,0 7666,9333 0
row.6765 minecraft:sparse_jungle 2000,5500 1000,3000 300,10000 4500,5500 10000,10000 7666,9333 0
row.6766 minecraft:sparse_jungle 2000,5500 1000,3000 -1900,10000 5500,10000 0,0 7666,9333 0
row.6767 minecraft:sparse_jungle 2000,5500 1000,3000 -1900,10000 5500,10000 10000,10000 7666,9333 0
row.6768 minecraft:bamboo_jungle 2000,5500 3000,10000 -1900,-1100 -10000,-3750 0,0 7666,9333 0
row.6769 minecraft:bamboo_jungle 2000,5500 3000,10000 -1900,-1100 -10000,-3750 10000,10000 7666,9333 0
row.6770 minecraft:jungle 2000,5500 3000,10000 -1100,300 -10000,-7799 0,0 7666,9333 0
row.6771 minecraft:jungle 2000,5500 3000,10000 -1100,300 -10000,-7799 10000,10000 7666,9333 0
row.6772 minecraft:stony_peaks 2000,5500 3000,10000 300,10000 -10000,-7799 0,0 7666,9333 0
row.6773 minecraft:stony_peaks 2000,5500 3000,10000 300,10000 -10000,-7799 10000,10000 7666,9333 0
row.6774 minecraft:bamboo_jungle 2000,5500 3000,10000 -1100,300 -7799,-3750 0,0 7666,9333 0
row.6775 minecraft:bamboo_jungle 2000,5500 3000,10000 -1100,300 -7799,-3750 10000,10000 7666,9333 0
row.6776 minecraft:jungle 2000,5500 3000,10000 300,10000 -7799,-3750 0,0 7666,9333 0
row.6777 minecraft:jungle 2000,5500 3000,10000 300,10000 -7799,-3750 10000,10000 7666,9333 0
row.6778 minecraft:bamboo_jungle 2000,5500 3000,10000 -1900,300 -3750,500 0,0 7666,9333 0
row.6779 minecraft:bamboo_jungle 2000,5500 3000,10000 -1900,300 -3750,500 10000,10000 7666,9333 0
row.6780 minecraft:jungle 2000,5500 3000,10000 300,10000 -3750,-2225 0,0 7666,9333 0
row.6781 minecraft:jungle 2000,5500 3000,10000 300,10000 -3750,-2225 10000,10000 7666,9333 0
row.6782 minecraft:bamboo_jungle 2000,5500 3000,10000 300,3000 -2225,500 0,0 7666,9333 0
row.6783 minecraft:bamboo_jungle 2000,5500 3000,10000 300,3000 -2225,500 10000,10000 7666,9333 0
row.6784 minecraft:jungle 2000,5500 3000,10000 3000,10000 -2225,500 0,0 7666,9333 0
row.6785 minecraft:jungle 2000,5500 3000,10000 3000,10000 -2225,500 10000,10000 7666,9333 0
row.6786 minecraft:bamboo_jungle 2000,5500 3000,10000 -1900,10000 500,4500 0,0 7666,9333 0
row.6787 minecraft:bamboo_jungle 2000,5500 3000,10000 -1900,10000 500,4500 10000,10000 7666,9333 0
row.6788 minecraft:bamboo_jungle 2000,5500 3000,10000 -1900,300 4500,5500 0,0 7666,9333 0
row.6789 minecraft:bamboo_jungle 2000,5500 3000,10000 -1900,300 4500,5500 10000,10000 7666,9333 0
row.6790 minecraft:bamboo_jungle 2000,5500 3000,10000 300,10000 4500,5500 0,0 7666,9333 0
row.6791 minecraft:bamboo_jungle 2000,5500 3000,10000 300,10000 4500,5500 10000,10000 7666,9333 0
row.6792 minecraft:bamboo_jungle 2000,5500 3000,10000 -1900,10000 5500,10000 0,0 7666,9333 0
row.6793 minecraft:bamboo_jungle 2000,5500 3000,10000 -1900,10000 5500,10000 10000,10000 7666,9333 0
row.6794 minecraft:desert 5500,10000 -10000,-3500 -1900,-1100 -10000,-3750 0,0 7666,9333 0
row.6795 minecraft:desert 5500,10000 -10000,-3500 -1900,-1100 -10000,-3750 10000,10000 7666,9333 0
row.6796 minecraft:eroded_badlands 5500,10000 -10000,-3500 -1100,300 -10000,-7799 0,0 7666,9333 0
row.6797 minecraft:eroded_badlands 5500,10000 -10000,-3500 -1100,300 -10000,-7799 10000,10000 7666,9333 0
row.6798 minecraft:eroded_badlands 5500,10000 -10000,-3500 300,10000 -10000,-7799 0,0 7666,9333 0
row.6799 minecraft:eroded_badlands 5500,10000 -10000,-3500 300,10000 -10000,-7799 10000,10000 7666,9333 0
row.6800 minecraft:eroded_badlands 5500,10000 -10000,-3500 -1100,300 -7799,-3750 0,0 7666,9333 0
row.6801 minecraft:eroded_badlands 5500,10000 -10000,-3500 -1100,300 -7799,-3750 10000,10000 7666,9333 0
row.6802 minecraft:eroded_badlands 5500,10000 -10000,-3500 300,10000 -7799,-3750 0,0 7666,9333 0
row.6803 minecraft:eroded_badlands 5500,10000 -10000,-3500 300,10000 -7799,-3750 10000,10000 7666,9333 0
row.6804 minecraft:desert 5500,10000 -10000,-3500 -1900,300 -3750,500 0,0 7666,9333 0
row.6805 minecraft:desert 5500,10000 -10000,-3500 -1900,300 -3750,500 10000,10000 7666,9333 0
row.6806 minecraft:eroded_badlands 5500,10000 -10000,-3500 300,10000 -3750,-2225 0,0 7666,9333 0
row.6807 minecraft:eroded_badlands 5500,10000 -10000,-3500 300,10000 -3750,-2225 10000,10000 7666,9333 0
row.6808 minecraft:eroded_badlands 5500,10000 -10000,-3500 300,3000 -2225,500 0,0 7666,9333 0
row.6809 minecraft:eroded_badlands 5500,10000 -10000,-3500 300,3000 -2225,500 10000,10000 7666,9333 0
row.6810 minecraft:eroded_badlands 5500,10000 -10000,-3500 3000,10000 -2225,500 0,0 7666,9333 0
row.6811 minecraft:eroded_badlands 5500,10000 -10000,-3500 3000,10000 -2225,500 10000,10000 7666,9333 0
row.6812 minecraft:desert 5500,10000 -10000,-3500 -1900,10000 500,4500 0,0 7666,9333 0
row.6813 minecraft:desert 5500,10000 -10000,-3500 -1900,10000 500,4500 10000,10000 7666,9333 0
row.6814 minecraft:windswept_savanna 5500,10000 -10000,-3500 -1900,300 4500,5500 0,0 7666,9333 0
row.6815 minecraft:windswept_savanna 5500,10000 -10000,-3500 -1900,300 4500,5500 10000,10000 7666,9333 0
row.6816 minecraft:desert 5500,10000 -10000,-3500 300,10000 4500,5500 0,0 7666,9333 0
row.6817 minecraft:desert 5500,10000 -10000,-3500 300,10000 4500,5500 10000,10000 7666,9333 0
row.6818 minecraft:desert 5500,10000 -10000,-3500 -1900,10000 5500,10000 0,0 7666,9333 0
row.6819 minecraft:desert 5500,10000 -10000,-3500 -1900,10000 5500,10000 10000,10000 7666,9333 0
row.6820 minecraft:desert 5500,10000 -3500,-1000 -1900,-1100 -10000,-3750 0,0 7666,9333 0
row.6821 minecraft:desert 5500,10000 -3500,-1000 -1900,-1100 -10000,-3750 10000,10000 7666,9333 0
row.6822 minecraft:eroded_badlands 5500,10000 -3500,-1000 -1100,300 -10000,-7799 0,0 7666,9333 0
row.6823 minecraft:eroded_badlands 5500,10000 -3500,-1000 -1100,300 -10000,-7799 10000,10000 7666,9333 0
row.6824 minecraft:eroded_badlands 5500,10000 -3500,-1000 300,10000 -10000,-7799 0,0 7666,9333 0
row.6825 minecraft:eroded_badlands 5500,10000 -3500,-1000 300,10000 -10000,-7799 10000,10000 7666,9333 0
row.6826 minecraft:eroded_badlands 5500,10000 -3500,-1000 -1100,300 -7799,-3750 0,0 7666,9333 0
row.6827 minecraft:eroded_badlands 5500,10000 -3500,-1000 -1100,300 -7799,-3750 10000,10000 7666,9333 0
row.6828 minecraft:eroded_badlands 5500,10000 -3500,-1000 300,10000 -7799,-3750 0,0 7666,9333 0
row.6829 minecraft:eroded_badlands 5500,10000 -3500,-1000 300,10000 -7799,-3750 10000,10000 7666,9333 0
row.6830 minecraft:desert 5500,10000 -3500,-1000 -1900,300 -3750,500 0,0 7666,9333 0
row.6831 minecraft:desert 5500,10000 -3500,-1000 -1900,300 -3750,500 10000,10000 7666,9333 0
row.6832 minecraft:eroded_badlands 5500,10000 -3500,-1000 300,10000 -3750,-2225 0,0 7666,9333 0
row.6833 minecraft:eroded_badlands 5500,10000 -3500,-1000 300,10000 -3750,-2225 10000,10000 7666,9333 0
row.6834 minecraft:eroded_badlands 5500,10000 -3500,-1000 300,3000 -2225,500 0,0 7666,9333 0
row.6835 minecraft:eroded_badlands 5500,10000 -3500,-1000 300,3000 -2225,500 10000,10000 7666,9333 0
row.6836 minecraft:eroded_badlands 5500,10000 -3500,-1000 3000,10000 -2225,500 0,0 7666,9333 0
row.6837 minecraft:eroded_badlands 5500,10000 -3500,-1000 3000,10000 -2225,500 10000,10000 7666,9333 0
row.6838 minecraft:desert 5500,10000 -3500,-1000 -1900,10000 500,4500 0,0 7666,9333 0
row.6839 minecraft:desert 5500,10000 -3500,-1000 -1900,10000 500,4500 10000,10000 7666,9333 0
row.6840 minecraft:windswept_savanna 5500,10000 -3500,-1000 -1900,300 4500,5500 0,0 7666,9333 0
row.6841 minecraft:windswept_savanna 5500,10000 -3500,-1000 -1900,300 4500,5500 10000,10000 7666,9333 0
row.6842 minecraft:desert 5500,10000 -3500,-1000 300,10000 4500,5500 0,0 7666,9333 0
row.6843 minecraft:desert 5500,10000 -3500,-1000 300,10000 4500,5500 10000,10000 7666,9333 0
row.6844 minecraft:desert 5500,10000 -3500,-1000 -1900,10000 5500,10000 0,0 7666,9333 0
row.6845 minecraft:desert 5500,10000 -3500,-1000 -1900,10000 5500,10000 10000,10000 7666,9333 0
row.6846 minecraft:desert 5500,10000 -1000,1000 -1900,-1100 -10000,-3750 0,0 7666,9333 0
row.6847 minecraft:desert 5500,10000 -1000,1000 -1900,-1100 -10000,-3750 10000,10000 7666,9333 0
row.6848 minecraft:badlands 5500,10000 -1000,1000 -1100,300 -10000,-7799 0,0 7666,9333 0
row.6849 minecraft:badlands 5500,10000 -1000,1000 -1100,300 -10000,-7799 10000,10000 7666,9333 0
row.6850 minecraft:badlands 5500,10000 -1000,1000 300,10000 -10000,-7799 0,0 7666,9333 0
row.6851 minecraft:badlands 5500,10000 -1000,1000 300,10000 -10000,-7799 10000,10000 7666,9333 0
row.6852 minecraft:badlands 5500,10000 -1000,1000 -1100,300 -7799,-3750 0,0 7666,9333 0
row.6853 minecraft:badlands 5500,10000 -1000,1000 -1100,300 -7799,-3750 10000,10000 7666,9333 0
row.6854 minecraft:badlands 5500,10000 -1000,1000 300,10000 -7799,-3750 0,0 7666,9333 0
row.6855 minecraft:badlands 5500,10000 -1000,1000 300,10000 -7799,-3750 10000,10000 7666,9333 0
row.6856 minecraft:desert 5500,10000 -1000,1000 -1900,300 -3750,500 0,0 7666,9333 0
row.6857 minecraft:desert 5500,10000 -1000,1000 -1900,300 -3750,500 10000,10000 7666,9333 0
row.6858 minecraft:badlands 5500,10000 -1000,1000 300,10000 -3750,-2225 0,0 7666,9333 0
row.6859 minecraft:badlands 5500,10000 -1000,1000 300,10000 -3750,-2225 10000,10000 7666,9333 0
row.6860 minecraft:badlands 5500,10000 -1000,1000 300,3000 -2225,500 0,0 7666,9333 0
row.6861 minecraft:badlands 5500,10000 -1000,1000 300,3000 -2225,500 10000,10000 7666,9333 0
row.6862 minecraft:badlands 5500,10000 -1000,1000 3000,10000 -2225,500 0,0 7666,9333 0
row.6863 minecraft:badlands 5500,10000 -1000,1000 3000,10000 -2225,500 10000,10000 7666,9333 0
row.6864 minecraft:desert 5500,10000 -1000,1000 -1900,10000 500,4500 0,0 7666,9333 0
row.6865 minecraft:desert 5500,10000 -1000,1000 -1900,10000 500,4500 10000,10000 7666,9333 0
row.6866 minecraft:windswept_savanna 5500,10000 -1000,1000 -1900,300 4500,5500 0,0 7666,9333 0
row.6867 minecraft:windswept_savanna 5500,10000 -1000,1000 -1900,300 4500,5500 10000,10000 7666,9333 0
row.6868 minecraft:desert 5500,10000 -1000,1000 300,10000 4500,5500 0,0 7666,9333 0
row.6869 minecraft:desert 5500,10000 -1000,1000 300,10000 4500,5500 10000,10000 7666,9333 0
row.6870 minecraft:desert 5500,10000 -1000,1000 -1900,10000 5500,10000 0,0 7666,9333 0
row.6871 minecraft:desert 5500,10000 -1000,1000 -1900,10000 5500,10000 10000,10000 7666,9333 0
row.6872 minecraft:desert 5500,10000 1000,3000 -1900,-1100 -10000,-3750 0,0 7666,9333 0
row.6873 minecraft:desert 5500,10000 1000,3000 -1900,-1100 -10000,-3750 10000,10000 7666,9333 0
row.6874 minecraft:wooded_badlands 5500,10000 1000,3000 -1100,300 -10000,-7799 0,0 7666,9333 0
row.6875 minecraft:wooded_badlands 5500,10000 1000,3000 -1100,300 -10000,-7799 10000,10000 7666,9333 0
row.6876 minecraft:wooded_badlands 5500,10000 1000,3000 300,10000 -10000,-7799 0,0 7666,9333 0
row.6877 minecraft:wooded_badlands 5500,10000 1000,3000 300,10000 -10000,-7799 10000,10000 7666,9333 0
row.6878 minecraft:wooded_badlands 5500,10000 1000,3000 -1100,300 -7799,-3750 0,0 7666,9333 0
row.6879 minecraft:wooded_badlands 5500,10000 1000,3000 -1100,300 -7799,-3750 10000,10000 7666,9333 0
row.6880 minecraft:wooded_badlands 5500,10000 1000,3000 300,10000 -7799,-3750 0,0 7666,9333 0
row.6881 minecraft:wooded_badlands 5500,10000 1000,3000 300,10000 -7799,-3750 10000,10000 7666,9333 0
row.6882 minecraft:desert 5500,10000 1000,3000 -1900,300 -3750,500 0,0 7666,9333 0
row.6883 minecraft:desert 5500,10000 1000,3000 -1900,300 -3750,500 10000,10000 7666,9333 0
row.6884 minecraft:wooded_badlands 5500,10000 1000,3000 300,10000 -3750,-2225 0,0 7666,9333 0
row.6885 minecraft:wooded_badlands 5500,10000 1000,3000 300,10000 -3750,-2225 10000,10000 7666,9333 0
row.6886 minecraft:wooded_badlands 5500,10000 1000,3000 300,3000 -2225,500 0,0 7666,9333 0
row.6887 minecraft:wooded_badlands 5500,10000 1000,3000 300,3000 -2225,500 10000,10000 7666,9333 0
row.6888 minecraft:wooded_badlands 5500,10000 1000,3000 3000,10000 -2225,500 0,0 7666,9333 0
row.6889 minecraft:wooded_badlands 5500,10000 1000,3000 3000,10000 -2225,500 10000,10000 7666,9333 0
row.6890 minecraft:desert 5500,10000 1000,3000 -1900,10000 500,4500 0,0 7666,9333 0
row.6891 minecraft:desert 5500,10000 1000,3000 -1900,10000 500,4500 10000,10000 7666,9333 0
row.6892 minecraft:windswept_savanna 5500,10000 1000,3000 -1900,300 4500,5500 0,0 7666,9333 0
row.6893 minecraft:windswept_savanna 5500,10000 1000,3000 -1900,300 4500,5500 10000,10000 7666,9333 0
row.6894 minecraft:desert 5500,10000 1000,3000 300,10000 4500,5500 0,0 7666,9333 0
row.6895 minecraft:desert 5500,10000 1000,3000 300,10000 4500,5500 10000,10000 7666,9333 0
row.6896 minecraft:desert 5500,10000 1000,3000 -1900,10000 5500,10000 0,0 7666,9333 0
row.6897 minecraft:desert 5500,10000 1000,3000 -1900,10000 5500,10000 10000,10000 7666,9333 0
row.6898 minecraft:desert 5500,10000 3000,10000 -1900,-1100 -10000,-3750 0,0 7666,9333 0
row.6899 minecraft:desert 5500,10000 3000,10000 -1900,-1100 -10000,-3750 10000,10000 7666,9333 0
row.6900 minecraft:wooded_badlands 5500,10000 3000,10000 -1100,300 -10000,-7799 0,0 7666,9333 0
row.6901 minecraft:wooded_badlands 5500,10000 3000,10000 -1100,300 -10000,-7799 10000,10000 7666,9333 0
row.6902 minecraft:wooded_badlands 5500,10000 3000,10000 300,10000 -10000,-7799 0,0 7666,9333 0
row.6903 minecraft:wooded_badlands 5500,10000 3000,10000 300,10000 -10000,-7799 10000,10000 7666,9333 0
row.6904 minecraft:wooded_badlands 5500,10000 3000,10000 -1100,300 -7799,-3750 0,0 7666,9333 0
row.6905 minecraft:wooded_badlands 5500,10000 3000,10000 -1100,300 -7799,-3750 10000,10000 7666,9333 0
row.6906 minecraft:wooded_badlands 5500,10000 3000,10000 300,10000 -7799,-3750 0,0 7666,9333 0
row.6907 minecraft:wooded_badlands 5500,10000 3000,10000 300,10000 -7799,-3750 10000,10000 7666,9333 0
row.6908 minecraft:desert 5500,10000 3000,10000 -1900,300 -3750,500 0,0 7666,9333 0
row.6909 minecraft:desert 5500,10000 3000,10000 -1900,300 -3750,500 10000,10000 7666,9333 0
row.6910 minecraft:wooded_badlands 5500,10000 3000,10000 300,10000 -3750,-2225 0,0 7666,9333 0
row.6911 minecraft:wooded_badlands 5500,10000 3000,10000 300,10000 -3750,-2225 10000,10000 7666,9333 0
row.6912 minecraft:wooded_badlands 5500,10000 3000,10000 300,3000 -2225,500 0,0 7666,9333 0
row.6913 minecraft:wooded_badlands 5500,10000 3000,10000 300,3000 -2225,500 10000,10000 7666,9333 0
row.6914 minecraft:wooded_badlands 5500,10000 3000,10000 3000,10000 -2225,500 0,0 7666,9333 0
row.6915 minecraft:wooded_badlands 5500,10000 3000,10000 3000,10000 -2225,500 10000,10000 7666,9333 0
row.6916 minecraft:desert 5500,10000 3000,10000 -1900,10000 500,4500 0,0 7666,9333 0
row.6917 minecraft:desert 5500,10000 3000,10000 -1900,10000 500,4500 10000,10000 7666,9333 0
row.6918 minecraft:desert 5500,10000 3000,10000 -1900,300 4500,5500 0,0 7666,9333 0
row.6919 minecraft:desert 5500,10000 3000,10000 -1900,300 4500,5500 10000,10000 7666,9333 0
row.6920 minecraft:desert 5500,10000 3000,10000 300,10000 4500,5500 0,0 7666,9333 0
row.6921 minecraft:desert 5500,10000 3000,10000 300,10000 4500,5500 10000,10000 7666,9333 0
row.6922 minecraft:desert 5500,10000 3000,10000 -1900,10000 5500,10000 0,0 7666,9333 0
row.6923 minecraft:desert 5500,10000 3000,10000 -1900,10000 5500,10000 10000,10000 7666,9333 0
row.6924 minecraft:stony_shore -10000,10000 -10000,10000 -1900,-1100 -10000,-2225 0,0 9333,10000 0
row.6925 minecraft:stony_shore -10000,10000 -10000,10000 -1900,-1100 -10000,-2225 10000,10000 9333,10000 0
row.6926 minecraft:swamp -4500,2000 -10000,10000 -1100,10000 5500,10000 0,0 9333,10000 0
row.6927 minecraft:swamp -4500,2000 -10000,10000 -1100,10000 5500,10000 10000,10000 9333,10000 0
row.6928 minecraft:mangrove_swamp 2000,10000 -10000,10000 -1100,10000 5500,10000 0,0 9333,10000 0
row.6929 minecraft:mangrove_swamp 2000,10000 -10000,10000 -1100,10000 5500,10000 10000,10000 9333,10000 0
row.6930 minecraft:snowy_slopes -10000,-4500 -10000,-3500 -1100,10000 -10000,-7799 0,0 9333,10000 0
row.6931 minecraft:snowy_slopes -10000,-4500 -10000,-3500 -1100,10000 -10000,-7799 10000,10000 9333,10000 0
row.6932 minecraft:snowy_slopes -10000,-4500 -10000,-3500 -1100,3000 -7799,-3750 0,0 9333,10000 0
row.6933 minecraft:snowy_slopes -10000,-4500 -10000,-3500 -1100,3000 -7799,-3750 10000,10000 9333,10000 0
row.6934 minecraft:snowy_slopes -10000,-4500 -10000,-3500 3000,10000 -7799,-3750 0,0 9333,10000 0
row.6935 minecraft:snowy_slopes -10000,-4500 -10000,-3500 3000,10000 -7799,-3750 10000,10000 9333,10000 0
row.6936 minecraft:ice_spikes -10000,-4500 -10000,-3500 -1100,300 -3750,-2225 0,0 9333,10000 0
row.6937 minecraft:ice_spikes -10000,-4500 -10000,-3500 -1100,300 -3750,-2225 10000,10000 9333,10000 0
row.6938 minecraft:ice_spikes -10000,-4500 -10000,-3500 300,3000 -3750,-2225 0,0 9333,10000 0
row.6939 minecraft:ice_spikes -10000,-4500 -10000,-3500 300,3000 -3750,-2225 10000,10000 9333,10000 0
row.6940 minecraft:ice_spikes -10000,-4500 -10000,-3500 3000,10000 -3750,-2225 0,0 9333,10000 0
row.6941 minecraft:ice_spikes -10000,-4500 -10000,-3500 3000,10000 -3750,-2225 10000,10000 9333,10000 0
row.6942 minecraft:ice_spikes -10000,-4500 -10000,-3500 -1900,300 -2225,500 0,0 9333,10000 0
row.6943 minecraft:ice_spikes -10000,-4500 -10000,-3500 -1900,300 -2225,500 10000,10000 9333,10000 0
row.6944 minecraft:ice_spikes -10000,-4500 -10000,-3500 300,10000 -2225,500 0,0 9333,10000 0
row.6945 minecraft:ice_spikes -10000,-4500 -10000,-3500 300,10000 -2225,500 10000,10000 9333,10000 0
row.6946 minecraft:ice_spikes -10000,-4500 -10000,-3500 -1900,10000 500,4500 0,0 9333,10000 0
row.6947 minecraft:ice_spikes -10000,-4500 -10000,-3500 -1900,10000 500,4500 10000,10000 9333,10000 0
row.6948 minecraft:ice_spikes -10000,-4500 -10000,-3500 -1900,-1100 4500,5500 0,0 9333,10000 0
row.6949 minecraft:ice_spikes -10000,-4500 -10000,-3500 -1900,-1100 4500,5500 10000,10000 9333,10000 0
row.6950 minecraft:ice_spikes -10000,-4500 -10000,-3500 -1100,300 4500,5500 0,0 9333,10000 0
row.6951 minecraft:ice_spikes -10000,-4500 -10000,-3500 -1100,300 4500,5500 10000,10000 9333,10000 0
row.6952 minecraft:windswept_gravelly_hills -10000,-4500 -10000,-3500 300,10000 4500,5500 0,0 9333,10000 0
row.6953 minecraft:windswept_gravelly_hills -10000,-4500 -10000,-3500 300,10000 4500,5500 10000,10000 9333,10000 0
row.6954 minecraft:ice_spikes -10000,-4500 -10000,-3500 -1900,-1100 5500,10000 0,0 9333,10000 0
row.6955 minecraft:ice_spikes -10000,-4500 -10000,-3500 -1900,-1100 5500,10000 10000,10000 9333,10000 0
row.6956 minecraft:ice_spikes -10000,-4500 -10000,-3500 -1100,10000 5500,10000 0,0 9333,10000 0
row.6957 minecraft:ice_spikes -10000,-4500 -10000,-3500 -1100,10000 5500,10000 10000,10000 9333,10000 0
row.6958 minecraft:snowy_slopes -10000,-4500 -3500,-1000 -1100,10000 -10000,-7799 0,0 9333,10000 0
row.6959 minecraft:snowy_slopes -10000,-4500 -3500,-1000 -1100,10000 -10000,-7799 10000,10000 9333,10000 0
row.6960 minecraft:snowy_slopes -10000,-4500 -3500,-1000 -1100,3000 -7799,-3750 0,0 9333,10000 0
row.6961 minecraft:snowy_slopes -10000,-4500 -3500,-1000 -1100,3000 -7799,-3750 10000,10000 9333,10000 0
row.6962 minecraft:snowy_slopes -10000,-4500 -3500,-1000 3000,10000 -7799,-3750 0,0 9333,10000 0
row.6963 minecraft:snowy_slopes -10000,-4500 -3500,-1000 3000,10000 -7799,-3750 10000,10000 9333,10000 0
row.6964 minecraft:snowy_plains -10000,-4500 -3500,-1000 -1100,300 -3750,-2225 0,0 9333,10000 0
row.6965 minecraft:snowy_plains -10000,-4500 -3500,-1000 -1100,300 -3750,-2225 10000,10000 9333,10000 0
row.6966 minecraft:snowy_plains -10000,-4500 -3500,-1000 300,3000 -3750,-2225 0,0 9333,10000 0
row.6967 minecraft:snowy_plains -10000,-4500 -3500,-1000 300,3000 -3750,-2225 10000,10000 9333,10000 0
row.6968 minecraft:snowy_plains -10000,-4500 -3500,-1000 3000,10000 -3750,-2225 0,0 9333,10000 0
row.6969 minecraft:snowy_plains -10000,-4500 -3500,-1000 3000,10000 -3750,-2225 10000,10000 9333,10000 0
row.6970 minecraft:snowy_plains -10000,-4500 -3500,-1000 -1900,300 -2225,500 0,0 9333,10000 0
row.6971 minecraft:snowy_plains -10000,-4500 -3500,-1000 -1900,300 -2225,500 10000,10000 9333,10000 0
row.6972 minecraft:snowy_plains -10000,-4500 -3500,-1000 300,10000 -2225,500 0,0 9333,10000 0
row.6973 minecraft:snowy_plains -10000,-4500 -3500,-1000 300,10000 -2225,500 10000,10000 9333,10000 0
row.6974 minecraft:snowy_plains -10000,-4500 -3500,-1000 -1900,10000 500,4500 0,0 9333,10000 0
row.6975 minecraft:snowy_plains -10000,-4500 -3500,-1000 -1900,10000 500,4500 10000,10000 9333,10000 0
row.6976 minecraft:snowy_plains -10000,-4500 -3500,-1000 -1900,-1100 4500,5500 0,0 9333,10000 0
row.6977 minecraft:snowy_plains -10000,-4500 -3500,-1000 -1900,-1100 4500,5500 10000,10000 9333,10000 0
row.6978 minecraft:snowy_plains -10000,-4500 -3500,-1000 -1100,300 4500,5500 0,0 9333,10000 0
row.6979 minecraft:snowy_plains -10000,-4500 -3500,-1000 -1100,300 4500,5500 10000,10000 9333,10000 0
row.6980 minecraft:windswept_gravelly_hills -10000,-4500 -3500,-1000 300,10000 4500,5500 0,0 9333,10000 0
row.6981 minecraft:windswept_gravelly_hills -10000,-4500 -3500,-1000 300,10000 4500,5500 10000,10000 9333,10000 0
row.6982 minecraft:snowy_plains -10000,-4500 -3500,-1000 -1900,-1100 5500,10000 0,0 9333,10000 0
row.6983 minecraft:snowy_plains -10000,-4500 -3500,-1000 -1900,-1100 5500,10000 10000,10000 9333,10000 0
row.6984 minecraft:snowy_plains -10000,-4500 -3500,-1000 -1100,10000 5500,10000 0,0 9333,10000 0
row.6985 minecraft:snowy_plains -10000,-4500 -3500,-1000 -1100,10000 5500,10000 10000,10000 9333,10000 0
row.6986 minecraft:grove -10000,-4500 -1000,1000 -1100,10000 -10000,-7799 0,0 9333,10000 0
row.6987 minecraft:grove -10000,-4500 -1000,1000 -1100,10000 -10000,-7799 10000,10000 9333,10000 0
row.6988 minecraft:grove -10000,-4500 -1000,1000 -1100,3000 -7799,-3750 0,0 9333,10000 0
row.6989 minecraft:grove -10000,-4500 -1000,1000 -1100,3000 -7799,-3750 10000,10000 9333,10000 0
row.6990 minecraft:grove -10000,-4500 -1000,1000 3000,10000 -7799,-3750 0,0 9333,10000 0
row.6991 minecraft:grove -10000,-4500 -1000,1000 3000,10000 -7799,-3750 10000,10000 9333,10000 0
row.6992 minecraft:snowy_taiga -10000,-4500 -1000,1000 -1100,300 -3750,-2225 0,0 9333,10000 0
row.6993 minecraft:snowy_taiga -10000,-4500 -1000,1000 -1100,300 -3750,-2225 10000,10000 9333,10000 0
row.6994 minecraft:snowy_taiga -10000,-4500 -1000,1000 300,3000 -3750,-2225 0,0 9333,10000 0
row.6995 minecraft:snowy_taiga -10000,-4500 -1000,1000 300,3000 -3750,-2225 10000,10000 9333,10000 0
row.6996 minecraft:snowy_plains -10000,-4500 -1000,1000 3000,10000 -3750,-2225 0,0 9333,10000 0
row.6997 minecraft:snowy_plains -10000,-4500 -1000,1000 3000,10000 -3750,-2225 10000,10000 9333,10000 0
row.6998 minecraft:snowy_taiga -10000,-4500 -1000,1000 -1900,300 -2225,500 0,0 9333,10000 0
row.6999 minecraft:snowy_taiga -10000,-4500 -1000,1000 -1900,300 -2225,500 10000,10000 9333,10000 0
row.7000 minecraft:snowy_taiga -10000,-4500 -1000,1000 300,10000 -2225,500 0,0 9333,10000 0
row.7001 minecraft:snowy_taiga -10000,-4500 -1000,1000 300,10000 -2225,500 10000,10000 9333,10000 0
row.7002 minecraft:snowy_taiga -10000,-4500 -1000,1000 -1900,10000 500,4500 0,0 9333,10000 0
row.7003 minecraft:snowy_taiga -10000,-4500 -1000,1000 -1900,10000 500,4500 10000,10000 9333,10000 0
row.7004 minecraft:snowy_taiga -10000,-4500 -1000,1000 -1900,-1100 4500,5500 0,0 9333,10000 0
row.7005 minecraft:snowy_taiga -10000,-4500 -1000,1000 -1900,-1100 4500,5500 10000,10000 9333,10000 0
row.7006 minecraft:snowy_taiga -10000,-4500 -1000,1000 -1100,300 4500,5500 0,0 9333,10000 0
row.7007 minecraft:snowy_taiga -10000,-4500 -1000,1000 -1100,300 4500,5500 10000,10000 9333,10000 0
row.7008 minecraft:windswept_hills -10000,-4500 -1000,1000 300,10000 4500,5500 0,0 9333,10000 0
row.7009 minecraft:windswept_hills -10000,-4500 -1000,1000 300,10000 4500,5500 10000,10000 9333,10000 0
row.7010 minecraft:snowy_taiga -10000,-4500 -1000,1000 -1900,-1100 5500,10000 0,0 9333,10000 0
row.7011 minecraft:snowy_taiga -10000,-4500 -1000,1000 -1900,-1100 5500,10000 10000,10000 9333,10000 0
row.7012 minecraft:snowy_taiga -10000,-4500 -1000,1000 -1100,10000 5500,10000 0,0 9333,10000 0
row.7013 minecraft:snowy_taiga -10000,-4500 -1000,1000 -1100,10000 5500,10000 10000,10000 9333,10000 0
row.7014 minecraft:grove -10000,-4500 1000,3000 -1100,10000 -10000,-7799 0,0 9333,10000 0
row.7015 minecraft:grove -10000,-4500 1000,3000 -1100,10000 -10000,-7799 10000,10000 9333,10000 0
row.7016 minecraft:grove -10000,-4500 1000,3000 -1100,3000 -7799,-3750 0,0 9333,10000 0
row.7017 minecraft:grove -10000,-4500 1000,3000 -1100,3000 -7799,-3750 10000,10000 9333,10000 0
row.7018 minecraft:grove -10000,-4500 1000,3000 3000,10000 -7799,-3750 0,0 9333,10000 0
row.7019 minecraft:grove -10000,-4500 1000,3000 3000,10000 -7799,-3750 10000,10000 9333,10000 0
row.7020 minecraft:snowy_taiga -10000,-4500 1000,3000 -1100,300 -3750,-2225 0,0 9333,10000 0
row.7021 minecraft:snowy_taiga -10000,-4500 1000,3000 -1100,300 -3750,-2225 10000,10000 9333,10000 0
row.7022 minecraft:snowy_taiga -10000,-4500 1000,3000 300,3000 -3750,-2225 0,0 9333,10000 0
row.7023 minecraft:snowy_taiga -10000,-4500 1000,3000 300,3000 -3750,-2225 10000,10000 9333,10000 0
row.7024 minecraft:snowy_taiga -10000,-4500 1000,3000 3000,10000 -3750,-2225 0,0 9333,10000 0
row.7025 minecraft:snowy_taiga -10000,-4500 1000,3000 3000,10000 -3750,-2225 10000,10000 9333,10000 0
row.7026 minecraft:snowy_taiga -10000,-4500 1000,3000 -1900,300 -2225,500 0,0 9333,10000 0
row.7027 minecraft:snowy_taiga -10000,-4500 1000,3000 -1900,300 -2225,500 10000,10000 9333,10000 0
row.7028 minecraft:snowy_taiga -10000,-4500 1000,3000 300,10000 -2225,500 0,0 9333,10000 0
row.7029 minecraft:snowy_taiga -10000,-4500 1000,3000 300,10000 -2225,500 10000,10000 9333,10000 0
row.7030 minecraft:snowy_taiga -10000,-4500 1000,3000 -1900,10000 500,4500 0,0 9333,10000 0
row.7031 minecraft:snowy_taiga -10000,-4500 1000,3000 -1900,10000 500,4500 10000,10000 9333,10000 0
row.7032 minecraft:snowy_taiga -10000,-4500 1000,3000 -1900,-1100 4500,5500 0,0 9333,10000 0
row.7033 minecraft:snowy_taiga -10000,-4500 1000,3000 -1900,-1100 4500,5500 10000,10000 9333,10000 0
row.7034 minecraft:snowy_taiga -10000,-4500 1000,3000 -1100,300 4500,5500 0,0 9333,10000 0
row.7035 minecraft:snowy_taiga -10000,-4500 1000,3000 -1100,300 4500,5500 10000,10000 9333,10000 0
row.7036 minecraft:windswept_forest -10000,-4500 1000,3000 300,10000 4500,5500 0,0 9333,10000 0
row.7037 minecraft:windswept_forest -10000,-4500 1000,3000 300,10000 4500,5500 10000,10000 9333,10000 0
row.7038 minecraft:snowy_taiga -10000,-4500 1000,3000 -1900,-1100 5500,10000 0,0 9333,10000 0
row.7039 minecraft:snowy_taiga -10000,-4500 1000,3000 -1900,-1100 5500,10000 10000,10000 9333,10000 0
row.7040 minecraft:snowy_taiga -10000,-4500 1000,3000 -1100,10000 5500,10000 0,0 9333,10000 0
row.7041 minecraft:snowy_taiga -10000,-4500 1000,3000 -1100,10000 5500,10000 10000,10000 9333,10000 0
row.7042 minecraft:grove -10000,-4500 3000,10000 -1100,10000 -10000,-7799 0,0 9333,10000 0
row.7043 minecraft:grove -10000,-4500 3000,10000 -1100,10000 -10000,-7799 10000,10000 9333,10000 0
row.7044 minecraft:grove -10000,-4500 3000,10000 -1100,3000 -7799,-3750 0,0 9333,10000 0
row.7045 minecraft:grove -10000,-4500 3000,10000 -1100,3000 -7799,-3750 10000,10000 9333,10000 0
row.7046 minecraft:grove -10000,-4500 3000,10000 3000,10000 -7799,-3750 0,0 9333,10000 0
row.7047 minecraft:grove -10000,-4500 3000,10000 3000,10000 -7799,-3750 10000,10000 9333,10000 0
row.7048 minecraft:taiga -10000,-4500 3000,10000 -1100,300 -3750,-2225 0,0 9333,10000 0
row.7049 minecraft:taiga -10000,-4500 3000,10000 -1100,300 -3750,-2225 10000,10000 9333,10000 0
row.7050 minecraft:taiga -10000,-4500 3000,10000 300,3000 -3750,-2225 0,0 9333,10000 0
row.7051 minecraft:taiga -10000,-4500 3000,10000 300,3000 -3750,-2225 10000,10000 9333,10000 0
row.7052 minecraft:snowy_taiga -10000,-4500 3000,10000 3000,10000 -3750,-2225 0,0 9333,10000 0
row.7053 minecraft:snowy_taiga -10000,-4500 3000,10000 3000,10000 -3750,-2225 10000,10000 9333,10000 0
row.7054 minecraft:taiga -10000,-4500 3000,10000 -1900,300 -2225,500 0,0 9333,10000 0
row.7055 minecraft:taiga -10000,-4500 3000,10000 -1900,300 -2225,500 10000,10000 9333,10000 0
row.7056 minecraft:taiga -10000,-4500 3000,10000 300,10000 -2225,500 0,0 9333,10000 0
row.7057 minecraft:taiga -10000,-4500 3000,10000 300,10000 -2225,500 10000,10000 9333,10000 0
row.7058 minecraft:taiga -10000,-4500 3000,10000 -1900,10000 500,4500 0,0 9333,10000 0
row.7059 minecraft:taiga -10000,-4500 3000,10000 -1900,10000 500,4500 10000,10000 9333,10000 0
row.7060 minecraft:taiga -10000,-4500 3000,10000 -1900,-1100 4500,5500 0,0 9333,10000 0
row.7061 minecraft:taiga -10000,-4500 3000,10000 -1900,-1100 4500,5500 10000,10000 9333,10000 0
row.7062 minecraft:taiga -10000,-4500 3000,10000 -1100,300 4500,5500 0,0 9333,10000 0
row.7063 minecraft:taiga -10000,-4500 3000,10000 -1100,300 4500,5500 10000,10000 9333,10000 0
row.7064 minecraft:windswept_forest -10000,-4500 3000,10000 300,10000 4500,5500 0,0 9333,10000 0
row.7065 minecraft:windswept_forest -10000,-4500 3000,10000 300,10000 4500,5500 10000,10000 9333,10000 0
row.7066 minecraft:taiga -10000,-4500 3000,10000 -1900,-1100 5500,10000 0,0 9333,10000 0
row.7067 minecraft:taiga -10000,-4500 3000,10000 -1900,-1100 5500,10000 10000,10000 9333,10000 0
row.7068 minecraft:taiga -10000,-4500 3000,10000 -1100,10000 5500,10000 0,0 9333,10000 0
row.7069 minecraft:taiga -10000,-4500 3000,10000 -1100,10000 5500,10000 10000,10000 9333,10000 0
row.7070 minecraft:snowy_slopes -4500,-1500 -10000,-3500 -1100,10000 -10000,-7799 0,0 9333,10000 0
row.7071 minecraft:snowy_slopes -4500,-1500 -10000,-3500 -1100,10000 -10000,-7799 10000,10000 9333,10000 0
row.7072 minecraft:plains -4500,-1500 -10000,-3500 -1100,3000 -7799,-3750 0,0 9333,10000 0
row.7073 minecraft:plains -4500,-1500 -10000,-3500 -1100,3000 -7799,-3750 10000,10000 9333,10000 0
row.7074 minecraft:cherry_grove -4500,-1500 -10000,-3500 3000,10000 -7799,-3750 0,0 9333,10000 0
row.7075 minecraft:cherry_grove -4500,-1500 -10000,-3500 3000,10000 -7799,-3750 10000,10000 9333,10000 0
row.7076 minecraft:plains -4500,-1500 -10000,-3500 -1100,300 -3750,-2225 0,0 9333,10000 0
row.7077 minecraft:plains -4500,-1500 -10000,-3500 -1100,300 -3750,-2225 10000,10000 9333,10000 0
row.7078 minecraft:plains -4500,-1500 -10000,-3500 300,3000 -3750,-2225 0,0 9333,10000 0
row.7079 minecraft:plains -4500,-1500 -10000,-3500 300,3000 -3750,-2225 10000,10000 9333,10000 0
row.7080 minecraft:cherry_grove -4500,-1500 -10000,-3500 3000,10000 -3750,-2225 0,0 9333,10000 0
row.7081 minecraft:cherry_grove -4500,-1500 -10000,-3500 3000,10000 -3750,-2225 10000,10000 9333,10000 0
row.7082 minecraft:plains -4500,-1500 -10000,-3500 -1900,300 -2225,500 0,0 9333,10000 0
row.7083 minecraft:plains -4500,-1500 -10000,-3500 -1900,300 -2225,500 10000,10000 9333,10000 0
row.7084 minecraft:plains -4500,-1500 -10000,-3500 300,10000 -2225,500 0,0 9333,10000 0
row.7085 minecraft:plains -4500,-1500 -10000,-3500 300,10000 -2225,500 10000,10000 9333,10000 0
row.7086 minecraft:plains -4500,-1500 -10000,-3500 -1900,10000 500,4500 0,0 9333,10000 0
row.7087 minecraft:plains -4500,-1500 -10000,-3500 -1900,10000 500,4500 10000,10000 9333,10000 0
row.7088 minecraft:plains -4500,-1500 -10000,-3500 -1900,-1100 4500,5500 0,0 9333,10000 0
row.7089 minecraft:plains -4500,-1500 -10000,-3500 -1900,-1100 4500,5500 10000,10000 9333,10000 0
row.7090 minecraft:plains -4500,-1500 -10000,-3500 -1100,300 4500,5500 0,0 9333,10000 0
row.7091 minecraft:plains -4500,-1500 -10000,-3500 -1100,300 4500,5500 10000,10000 9333,10000 0
row.7092 minecraft:windswept_gravelly_hills -4500,-1500 -10000,-3500 300,10000 4500,5500 0,0 9333,10000 0
row.7093 minecraft:windswept_gravelly_hills -4500,-1500 -10000,-3500 300,10000 4500,5500 10000,10000 9333,10000 0
row.7094 minecraft:plains -4500,-1500 -10000,-3500 -1900,-1100 5500,10000 0,0 9333,10000 0
row.7095 minecraft:plains -4500,-1500 -10000,-3500 -1900,-1100 5500,10000 10000,10000 9333,10000 0
row.7096 minecraft:snowy_slopes -4500,-1500 -3500,-1000 -1100,10000 -10000,-7799 0,0 9333,10000 0
row.7097 minecraft:snowy_slopes -4500,-1500 -3500,-1000 -1100,10000 -10000,-7799 10000,10000 9333,10000 0
row.7098 minecraft:plains -4500,-1500 -3500,-1000 -1100,3000 -7799,-3750 0,0 9333,10000 0
row.7099 minecraft:plains -4500,-1500 -3500,-1000 -1100,3000 -7799,-3750 10000,10000 9333,10000 0
row.7100 minecraft:meadow -4500,-1500 -3500,-1000 3000,10000 -7799,-3750 0,0 9333,10000 0
row.7101 minecraft:meadow -4500,-1500 -3500,-1000 3000,10000 -7799,-3750 10000,10000 9333,10000 0
row.7102 minecraft:plains -4500,-1500 -3500,-1000 -1100,300 -3750,-2225 0,0 9333,10000 0
row.7103 minecraft:plains -4500,-1500 -3500,-1000 -1100,300 -3750,-2225 10000,10000 9333,10000 0
row.7104 minecraft:plains -4500,-1500 -3500,-1000 300,3000 -3750,-2225 0,0 9333,10000 0
row.7105 minecraft:plains -4500,-1500 -3500,-1000 300,3000 -3750,-2225 10000,10000 9333,10000 0
row.7106 minecraft:meadow -4500,-1500 -3500,-1000 3000,10000 -3750,-2225 0,0 9333,10000 0
row.7107 minecraft:meadow -4500,-1500 -3500,-1000 3000,10000 -3750,-2225 10000,10000 9333,10000 0
row.7108 minecraft:plains -4500,-1500 -3500,-1000 -1900,300 -2225,500 0,0 9333,10000 0
row.7109 minecraft:plains -4500,-1500 -3500,-1000 -1900,300 -2225,500 10000,10000 9333,10000 0
row.7110 minecraft:plains -4500,-1500 -3500,-1000 300,10000 -2225,500 0,0 9333,10000 0
row.7111 minecraft:plains -4500,-1500 -3500,-1000 300,10000 -2225,500 10000,10000 9333,10000 0
row.7112 minecraft:plains -4500,-1500 -3500,-1000 -1900,10000 500,4500 0,0 9333,10000 0
row.7113 minecraft:plains -4500,-1500 -3500,-1000 -1900,10000 500,4500 10000,10000 9333,10000 0
row.7114 minecraft:plains -4500,-1500 -3500,-1000 -1900,-1100 4500,5500 0,0 9333,10000 0
row.7115 minecraft:plains -4500,-1500 -3500,-1000 -1900,-1100 4500,5500 10000,10000 9333,10000 0
row.7116 minecraft:plains -4500,-1500 -3500,-1000 -1100,300 4500,5500 0,0 9333,10000 0
row.7117 minecraft:plains -4500,-1500 -3500,-1000 -1100,300 4500,5500 10000,10000 9333,10000 0
row.7118 minecraft:windswept_gravelly_hills -4500,-1500 -3500,-1000 300,10000 4500,5500 0,0 9333,10000 0
row.7119 minecraft:windswept_gravelly_hills -4500,-1500 -3500,-1000 300,10000 4500,5500 10000,10000 9333,10000 0
row.7120 minecraft:plains -4500,-1500 -3500,-1000 -1900,-1100 5500,10000 0,0 9333,10000 0
row.7121 minecraft:plains -4500,-1500 -3500,-1000 -1900,-1100 5500,10000 10000,10000 9333,10000 0
row.7122 minecraft:grove -4500,-1500 -1000,1000 -1100,10000 -10000,-7799 0,0 9333,10000 0
row.7123 minecraft:grove -4500,-1500 -1000,1000 -1100,10000 -10000,-7799 10000,10000 9333,10000 0
row.7124 minecraft:forest -4500,-1500 -1000,1000 -1100,3000 -7799,-3750 0,0 9333,10000 0
row.7125 minecraft:forest -4500,-1500 -1000,1000 -1100,3000 -7799,-3750 10000,10000 9333,10000 0
row.7126 minecraft:meadow -4500,-1500 -1000,1000 3000,10000 -7799,-3750 0,0 9333,10000 0
row.7127 minecraft:meadow -4500,-1500 -1000,1000 3000,10000 -7799,-3750 10000,10000 9333,10000 0
row.7128 minecraft:forest -4500,-1500 -1000,1000 -1100,300 -3750,-2225 0,0 9333,10000 0
row.7129 minecraft:forest -4500,-1500 -1000,1000 -1100,300 -3750,-2225 10000,10000 9333,10000 0
row.7130 minecraft:forest -4500,-1500 -1000,1000 300,3000 -3750,-2225 0,0 9333,10000 0
row.7131 minecraft:forest -4500,-1500 -1000,1000 300,3000 -3750,-2225 10000,10000 9333,10000 0
row.7132 minecraft:meadow -4500,-1500 -1000,1000 3000,10000 -3750,-2225 0,0 9333,10000 0
row.7133 minecraft:meadow -4500,-1500 -1000,1000 3000,10000 -3750,-2225 10000,10000 9333,10000 0
row.7134 minecraft:forest -4500,-1500 -1000,1000 -1900,300 -2225,500 0,0 9333,10000 0
row.7135 minecraft:forest -4500,-1500 -1000,1000 -1900,300 -2225,500 10000,10000 9333,10000 0
row.7136 minecraft:forest -4500,-1500 -1000,1000 300,10000 -2225,500 0,0 9333,10000 0
row.7137 minecraft:forest -4500,-1500 -1000,1000 300,10000 -2225,500 10000,10000 9333,10000 0
row.7138 minecraft:forest -4500,-1500 -1000,1000 -1900,10000 500,4500 0,0 9333,10000 0
row.7139 minecraft:forest -4500,-1500 -1000,1000 -1900,10000 500,4500 10000,10000 9333,10000 0
row.7140 minecraft:forest -4500,-1500 -1000,1000 -1900,-1100 4500,5500 0,0 9333,10000 0
row.7141 minecraft:forest -4500,-1500 -1000,1000 -1900,-1100 4500,5500 10000,10000 9333,10000 0
row.7142 minecraft:forest -4500,-1500 -1000,1000 -1100,300 4500,5500 0,0 9333,10000 0
row.7143 minecraft:forest -4500,-1500 -1000,1000 -1100,300 4500,5500 10000,10000 9333,10000 0
row.7144 minecraft:windswept_hills -4500,-1500 -1000,1000 300,10000 4500,5500 0,0 9333,10000 0
row.7145 minecraft:windswept_hills -4500,-1500 -1000,1000 300,10000 4500,5500 10000,10000 9333,10000 0
row.7146 minecraft:forest -4500,-1500 -1000,1000 -1900,-1100 5500,10000 0,0 9333,10000 0
row.7147 minecraft:forest -4500,-1500 -1000,1000 -1900,-1100 5500,10000 10000,10000 9333,10000 0
row.7148 minecraft:grove -4500,-1500 1000,3000 -1100,10000 -10000,-7799 0,0 9333,10000 0
row.7149 minecraft:grove -4500,-1500 1000,3000 -1100,10000 -10000,-7799 10000,10000 9333,10000 0
row.7150 minecraft:taiga -4500,-1500 1000,3000 -1100,3000 -7799,-3750 0,0 9333,10000 0
row.7151 minecraft:taiga -4500,-1500 1000,3000 -1100,3000 -7799,-3750 10000,10000 9333,10000 0
row.7152 minecraft:meadow -4500,-1500 1000,3000 3000,10000 -7799,-3750 0,0 9333,10000 0
row.7153 minecraft:meadow -4500,-1500 1000,3000 3000,10000 -7799,-3750 10000,10000 9333,10000 0
row.7154 minecraft:taiga -4500,-1500 1000,3000 -1100,300 -3750,-2225 0,0 9333,10000 0
row.7155 minecraft:taiga -4500,-1500 1000,3000 -1100,300 -3750,-2225 10000,10000 9333,10000 0
row.7156 minecraft:taiga -4500,-1500 1000,3000 300,3000 -3750,-2225 0,0 9333,10000 0
row.7157 minecraft:taiga -4500,-1500 1000,3000 300,3000 -3750,-2225 10000,10000 9333,10000 0
row.7158 minecraft:meadow -4500,-1500 1000,3000 3000,10000 -3750,-2225 0,0 9333,10000 0
row.7159 minecraft:meadow -4500,-1500 1000,3000 3000,10000 -3750,-2225 10000,10000 9333,10000 0
row.7160 minecraft:taiga -4500,-1500 1000,3000 -1900,300 -2225,500 0,0 9333,10000 0
row.7161 minecraft:taiga -4500,-1500 1000,3000 -1900,300 -2225,500 10000,10000 9333,10000 0
row.7162 minecraft:taiga -4500,-1500 1000,3000 300,10000 -2225,500 0,0 9333,10000 0
row.7163 minecraft:taiga -4500,-1500 1000,3000 300,10000 -2225,500 10000,10000 9333,10000 0
row.7164 minecraft:taiga -4500,-1500 1000,3000 -1900,10000 500,4500 0,0 9333,10000 0
row.7165 minecraft:taiga -4500,-1500 1000,3000 -1900,10000 500,4500 10000,10000 9333,10000 0
row.7166 minecraft:taiga -4500,-1500 1000,3000 -1900,-1100 4500,5500 0,0 9333,10000 0
row.7167 minecraft:taiga -4500,-1500 1000,3000 -1900,-1100 4500,5500 10000,10000 9333,10000 0
row.7168 minecraft:taiga -4500,-1500 1000,3000 -1100,300 4500,5500 0,0 9333,10000 0
row.7169 minecraft:taiga -4500,-1500 1000,3000 -1100,300 4500,5500 10000,10000 9333,10000 0
row.7170 minecraft:windswept_forest -4500,-1500 1000,3000 300,10000 4500,5500 0,0 9333,10000 0
row.7171 minecraft:windswept_forest -4500,-1500 1000,3000 300,10000 4500,5500 10000,10000 9333,10000 0
row.7172 minecraft:taiga -4500,-1500 1000,3000 -1900,-1100 5500,10000 0,0 9333,10000 0
row.7173 minecraft:taiga -4500,-1500 1000,3000 -1900,-1100 5500,10000 10000,10000 9333,10000 0
row.7174 minecraft:grove -4500,-1500 3000,10000 -1100,10000 -10000,-7799 0,0 9333,10000 0
row.7175 minecraft:grove -4500,-1500 3000,10000 -1100,10000 -10000,-7799 10000,10000 9333,10000 0
row.7176 minecraft:old_growth_pine_taiga -4500,-1500 3000,10000 -1100,3000 -7799,-3750 0,0 9333,10000 0
row.7177 minecraft:old_growth_pine_taiga -4500,-1500 3000,10000 -1100,3000 -7799,-3750 10000,10000 9333,10000 0
row.7178 minecraft:old_growth_pine_taiga -4500,-1500 3000,10000 3000,10000 -7799,-3750 0,0 9333,10000 0
row.7179 minecraft:old_growth_pine_taiga -4500,-1500 3000,10000 3000,10000 -7799,-3750 10000,10000 9333,10000 0
row.7180 minecraft:old_growth_pine_taiga -4500,-1500 3000,10000 -1100,300 -3750,-2225 0,0 9333,10000 0
row.7181 minecraft:old_growth_pine_taiga -4500,-1500 3000,10000 -1100,300 -3750,-2225 10000,10000 9333,10000 0
row.7182 minecraft:old_growth_pine_taiga -4500,-1500 3000,10000 300,3000 -3750,-2225 0,0 9333,10000 0
row.7183 minecraft:old_growth_pine_taiga -4500,-1500 3000,10000 300,3000 -3750,-2225 10000,10000 9333,10000 0
row.7184 minecraft:old_growth_pine_taiga -4500,-1500 3000,10000 3000,10000 -3750,-2225 0,0 9333,10000 0
row.7185 minecraft:old_growth_pine_taiga -4500,-1500 3000,10000 3000,10000 -3750,-2225 10000,10000 9333,10000 0
row.7186 minecraft:old_growth_pine_taiga -4500,-1500 3000,10000 -1900,300 -2225,500 0,0 9333,10000 0
row.7187 minecraft:old_growth_pine_taiga -4500,-1500 3000,10000 -1900,300 -2225,500 10000,10000 9333,10000 0
row.7188 minecraft:old_growth_pine_taiga -4500,-1500 3000,10000 300,10000 -2225,500 0,0 9333,10000 0
row.7189 minecraft:old_growth_pine_taiga -4500,-1500 3000,10000 300,10000 -2225,500 10000,10000 9333,10000 0
row.7190 minecraft:old_growth_pine_taiga -4500,-1500 3000,10000 -1900,10000 500,4500 0,0 9333,10000 0
row.7191 minecraft:old_growth_pine_taiga -4500,-1500 3000,10000 -1900,10000 500,4500 10000,10000 9333,10000 0
row.7192 minecraft:old_growth_pine_taiga -4500,-1500 3000,10000 -1900,-1100 4500,5500 0,0 9333,10000 0
row.7193 minecraft:old_growth_pine_taiga -4500,-1500 3000,10000 -1900,-1100 4500,5500 10000,10000 9333,10000 0
row.7194 minecraft:old_growth_pine_taiga -4500,-1500 3000,10000 -1100,300 4500,5500 0,0 9333,10000 0
row.7195 minecraft:old_growth_pine_taiga -4500,-1500 3000,10000 -1100,300 4500,5500 10000,10000 9333,10000 0
row.7196 minecraft:windswept_forest -4500,-1500 3000,10000 300,10000 4500,5500 0,0 9333,10000 0
row.7197 minecraft:windswept_forest -4500,-1500 3000,10000 300,10000 4500,5500 10000,10000 9333,10000 0
row.7198 minecraft:old_growth_pine_taiga -4500,-1500 3000,10000 -1900,-1100 5500,10000 0,0 9333,10000 0
row.7199 minecraft:old_growth_pine_taiga -4500,-1500 3000,10000 -1900,-1100 5500,10000 10000,10000 9333,10000 0
row.7200 minecraft:snowy_slopes -1500,2000 -10000,-3500 -1100,10000 -10000,-7799 0,0 9333,10000 0
row.7201 minecraft:snowy_slopes -1500,2000 -10000,-3500 -1100,10000 -10000,-7799 10000,10000 9333,10000 0
row.7202 minecraft:sunflower_plains -1500,2000 -10000,-3500 -1100,3000 -7799,-3750 0,0 9333,10000 0
row.7203 minecraft:sunflower_plains -1500,2000 -10000,-3500 -1100,3000 -7799,-3750 10000,10000 9333,10000 0
row.7204 minecraft:cherry_grove -1500,2000 -10000,-3500 3000,10000 -7799,-3750 0,0 9333,10000 0
row.7205 minecraft:cherry_grove -1500,2000 -10000,-3500 3000,10000 -7799,-3750 10000,10000 9333,10000 0
row.7206 minecraft:sunflower_plains -1500,2000 -10000,-3500 -1100,300 -3750,-2225 0,0 9333,10000 0
row.7207 minecraft:sunflower_plains -1500,2000 -10000,-3500 -1100,300 -3750,-2225 10000,10000 9333,10000 0
row.7208 minecraft:sunflower_plains -1500,2000 -10000,-3500 300,3000 -3750,-2225 0,0 9333,10000 0
row.7209 minecraft:sunflower_plains -1500,2000 -10000,-3500 300,3000 -3750,-2225 10000,10000 9333,10000 0
row.7210 minecraft:cherry_grove -1500,2000 -10000,-3500 3000,10000 -3750,-2225 0,0 9333,10000 0
row.7211 minecraft:cherry_grove -1500,2000 -10000,-3500 3000,10000 -3750,-2225 10000,10000 9333,10000 0
row.7212 minecraft:sunflower_plains -1500,2000 -10000,-3500 -1900,300 -2225,500 0,0 9333,10000 0
row.7213 minecraft:sunflower_plains -1500,2000 -10000,-3500 -1900,300 -2225,500 10000,10000 9333,10000 0
row.7214 minecraft:sunflower_plains -1500,2000 -10000,-3500 300,10000 -2225,500 0,0 9333,10000 0
row.7215 minecraft:sunflower_plains -1500,2000 -10000,-3500 300,10000 -2225,500 10000,10000 9333,10000 0
row.7216 minecraft:sunflower_plains -1500,2000 -10000,-3500 -1900,10000 500,4500 0,0 9333,10000 0
row.7217 minecraft:sunflower_plains -1500,2000 -10000,-3500 -1900,10000 500,4500 10000,10000 9333,10000 0
row.7218 minecraft:windswept_savanna -1500,2000 -10000,-3500 -1900,-1100 4500,5500 0,0 9333,10000 0
row.7219 minecraft:windswept_savanna -1500,2000 -10000,-3500 -1900,-1100 4500,5500 10000,10000 9333,10000 0
row.7220 minecraft:windswept_savanna -1500,2000 -10000,-3500 -1100,300 4500,5500 0,0 9333,10000 0
row.7221 minecraft:windswept_savanna -1500,2000 -10000,-3500 -1100,300 4500,5500 10000,10000 9333,10000 0
row.7222 minecraft:windswept_hills -1500,2000 -10000,-3500 300,10000 4500,5500 0,0 9333,10000 0
row.7223 minecraft:windswept_hills -1500,2000 -10000,-3500 300,10000 4500,5500 10000,10000 9333,10000 0
row.7224 minecraft:sunflower_plains -1500,2000 -10000,-3500 -1900,-1100 5500,10000 0,0 9333,10000 0
row.7225 minecraft:sunflower_plains -1500,2000 -10000,-3500 -1900,-1100 5500,10000 10000,10000 9333,10000 0
row.7226 minecraft:snowy_slopes -1500,2000 -3500,-1000 -1100,10000 -10000,-7799 0,0 9333,10000 0
row.7227 minecraft:snowy_slopes -1500,2000 -3500,-1000 -1100,10000 -10000,-7799 10000,10000 9333,10000 0
row.7228 minecraft:plains -1500,2000 -3500,-1000 -1100,3000 -7799,-3750 0,0 9333,10000 0
row.7229 minecraft:plains -1500,2000 -3500,-1000 -1100,3000 -7799,-3750 10000,10000 9333,10000 0
row.7230 minecraft:cherry_grove -1500,2000 -3500,-1000 3000,10000 -7799,-3750 0,0 9333,10000 0
row.7231 minecraft:cherry_grove -1500,2000 -3500,-1000 3000,10000 -7799,-3750 10000,10000 9333,10000 0
row.7232 minecraft:plains -1500,2000 -3500,-1000 -1100,300 -3750,-2225 0,0 9333,10000 0
row.7233 minecraft:plains -1500,2000 -3500,-1000 -1100,300 -3750,-2225 10000,10000 9333,10000 0
row.7234 minecraft:plains -1500,2000 -3500,-1000 300,3000 -3750,-2225 0,0 9333,10000 0
row.7235 minecraft:plains -1500,2000 -3500,-1000 300,3000 -3750,-2225 10000,10000 9333,10000 0
row.7236 minecraft:cherry_grove -1500,2000 -3500,-1000 3000,10000 -3750,-2225 0,0 9333,10000 0
row.7237 minecraft:cherry_grove -1500,2000 -3500,-1000 3000,10000 -3750,-2225 10000,10000 9333,10000 0
row.7238 minecraft:plains -1500,2000 -3500,-1000 -1900,300 -2225,500 0,0 9333,10000 0
row.7239 minecraft:plains -1500,2000 -3500,-1000 -1900,300 -2225,500 10000,10000 9333,10000 0
row.7240 minecraft:plains -1500,2000 -3500,-1000 300,10000 -2225,500 0,0 9333,10000 0
row.7241 minecraft:plains -1500,2000 -3500,-1000 300,10000 -2225,500 10000,10000 9333,10000 0
row.7242 minecraft:plains -1500,2000 -3500,-1000 -1900,10000 500,4500 0,0 9333,10000 0
row.7243 minecraft:plains -1500,2000 -3500,-1000 -1900,10000 500,4500 10000,10000 9333,10000 0
row.7244 minecraft:windswept_savanna -1500,2000 -3500,-1000 -1900,-1100 4500,5500 0,0 9333,10000 0
row.7245 minecraft:windswept_savanna -1500,2000 -3500,-1000 -1900,-1100 4500,5500 10000,10000 9333,10000 0
row.7246 minecraft:windswept_savanna -1500,2000 -3500,-1000 -1100,300 4500,5500 0,0 9333,10000 0
row.7247 minecraft:windswept_savanna -1500,2000 -3500,-1000 -1100,300 4500,5500 10000,10000 9333,10000 0
row.7248 minecraft:windswept_hills -1500,2000 -3500,-1000 300,10000 4500,5500 0,0 9333,10000 0
row.7249 minecraft:windswept_hills -1500,2000 -3500,-1000 300,10000 4500,5500 10000,10000 9333,10000 0
row.7250 minecraft:plains -1500,2000 -3500,-1000 -1900,-1100 5500,10000 0,0 9333,10000 0
row.7251 minecraft:plains -1500,2000 -3500,-1000 -1900,-1100 5500,10000 10000,10000 9333,10000 0
row.7252 minecraft:grove -1500,2000 -1000,1000 -1100,10000 -10000,-7799 0,0 9333,10000 0
row.7253 minecraft:grove -1500,2000 -1000,1000 -1100,10000 -10000,-7799 10000,10000 9333,10000 0
row.7254 minecraft:forest -1500,2000 -1000,1000 -1100,3000 -7799,-3750 0,0 9333,10000 0
row.7255 minecraft:forest -1500,2000 -1000,1000 -1100,3000 -7799,-3750 10000,10000 9333,10000 0
row.7256 minecraft:forest -1500,2000 -1000,1000 3000,10000 -7799,-3750 0,0 9333,10000 0
row.7257 minecraft:forest -1500,2000 -1000,1000 3000,10000 -7799,-3750 10000,10000 9333,10000 0
row.7258 minecraft:forest -1500,2000 -1000,1000 -1100,300 -3750,-2225 0,0 9333,10000 0
row.7259 minecraft:forest -1500,2000 -1000,1000 -1100,300 -3750,-2225 10000,10000 9333,10000 0
row.7260 minecraft:forest -1500,2000 -1000,1000 300,3000 -3750,-2225 0,0 9333,10000 0
row.7261 minecraft:forest -1500,2000 -1000,1000 300,3000 -3750,-2225 10000,10000 9333,10000 0
row.7262 minecraft:forest -1500,2000 -1000,1000 3000,10000 -3750,-2225 0,0 9333,10000 0
row.7263 minecraft:forest -1500,2000 -1000,1000 3000,10000 -3750,-2225 10000,10000 9333,10000 0
row.7264 minecraft:forest -1500,2000 -1000,1000 -1900,300 -2225,500 0,0 9333,10000 0
row.7265 minecraft:forest -1500,2000 -1000,1000 -1900,300 -2225,500 10000,10000 9333,10000 0
row.7266 minecraft:forest -1500,2000 -1000,1000 300,10000 -2225,500 0,0 9333,10000 0
row.7267 minecraft:forest -1500,2000 -1000,1000 300,10000 -2225,500 10000,10000 9333,10000 0
row.7268 minecraft:forest -1500,2000 -1000,1000 -1900,10000 500,4500 0,0 9333,10000 0
row.7269 minecraft:forest -1500,2000 -1000,1000 -1900,10000 500,4500 10000,10000 9333,10000 0
row.7270 minecraft:windswept_savanna -1500,2000 -1000,1000 -1900,-1100 4500,5500 0,0 9333,10000 0
row.7271 minecraft:windswept_savanna -1500,2000 -1000,1000 -1900,-1100 4500,5500 10000,10000 9333,10000 0
row.7272 minecraft:windswept_savanna -1500,2000 -1000,1000 -1100,300 4500,5500 0,0 9333,10000 0
row.7273 minecraft:windswept_savanna -1500,2000 -1000,1000 -1100,300 4500,5500 10000,10000 9333,10000 0
row.7274 minecraft:windswept_hills -1500,2000 -1000,1000 300,10000 4500,5500 0,0 9333,10000 0
row.7275 minecraft:windswept_hills -1500,2000 -1000,1000 300,10000 4500,5500 10000,10000 9333,10000 0
row.7276 minecraft:forest -1500,2000 -1000,1000 -1900,-1100 5500,10000 0,0 9333,10000 0
row.7277 minecraft:forest -1500,2000 -1000,1000 -1900,-1100 5500,10000 10000,10000 9333,10000 0
row.7278 minecraft:grove -1500,2000 1000,3000 -1100,10000 -10000,-7799 0,0 9333,10000 0
row.7279 minecraft:grove -1500,2000 1000,3000 -1100,10000 -10000,-7799 10000,10000 9333,10000 0
row.7280 minecraft:old_growth_birch_forest -1500,2000 1000,3000 -1100,3000 -7799,-3750 0,0 9333,10000 0
row.7281 minecraft:old_growth_birch_forest -1500,2000 1000,3000 -1100,3000 -7799,-3750 10000,10000 9333,10000 0
row.7282 minecraft:birch_forest -1500,2000 1000,3000 3000,10000 -7799,-3750 0,0 9333,10000 0
row.7283 minecraft:birch_forest -1500,2000 1000,3000 3000,10000 -7799,-3750 10000,10000 9333,10000 0
row.7284 minecraft:old_growth_birch_forest -1500,2000 1000,3000 -1100,300 -3750,-2225 0,0 9333,10000 0
row.7285 minecraft:old_growth_birch_forest -1500,2000 1000,3000 -1100,300 -3750,-2225 10000,10000 9333,10000 0
row.7286 minecraft:old_growth_birch_forest -1500,2000 1000,3000 300,3000 -3750,-2225 0,0 9333,10000 0
row.7287 minecraft:old_growth_birch_forest -1500,2000 1000,3000 300,3000 -3750,-2225 10000,10000 9333,10000 0
row.7288 minecraft:birch_forest -1500,2000 1000,3000 3000,10000 -3750,-2225 0,0 9333,10000 0
row.7289 minecraft:birch_forest -1500,2000 1000,3000 3000,10000 -3750,-2225 10000,10000 9333,10000 0
row.7290 minecraft:old_growth_birch_forest -1500,2000 1000,3000 -1900,300 -2225,500 0,0 9333,10000 0
row.7291 minecraft:old_growth_birch_forest -1500,2000 1000,3000 -1900,300 -2225,500 10000,10000 9333,10000 0
row.7292 minecraft:old_growth_birch_forest -1500,2000 1000,3000 300,10000 -2225,500 0,0 9333,10000 0
row.7293 minecraft:old_growth_birch_forest -1500,2000 1000,3000 300,10000 -2225,500 10000,10000 9333,10000 0
row.7294 minecraft:old_growth_birch_forest -1500,2000 1000,3000 -1900,10000 500,4500 0,0 9333,10000 0
row.7295 minecraft:old_growth_birch_forest -1500,2000 1000,3000 -1900,10000 500,4500 10000,10000 9333,10000 0
row.7296 minecraft:windswept_savanna -1500,2000 1000,3000 -1900,-1100 4500,5500 0,0 9333,10000 0
row.7297 minecraft:windswept_savanna -1500,2000 1000,3000 -1900,-1100 4500,5500 10000,10000 9333,10000 0
row.7298 minecraft:windswept_savanna -1500,2000 1000,3000 -1100,300 4500,5500 0,0 9333,10000 0
row.7299 minecraft:windswept_savanna -1500,2000 1000,3000 -1100,300 4500,5500 10000,10000 9333,10000 0
row.7300 minecraft:windswept_forest -1500,2000 1000,3000 300,10000 4500,5500 0,0 9333,10000 0
row.7301 minecraft:windswept_forest -1500,2000 1000,3000 300,10000 4500,5500 10000,10000 9333,10000 0
row.7302 minecraft:old_growth_birch_forest -1500,2000 1000,3000 -1900,-1100 5500,10000 0,0 9333,10000 0
row.7303 minecraft:old_growth_birch_forest -1500,2000 1000,3000 -1900,-1100 5500,10000 10000,10000 9333,10000 0
row.7304 minecraft:grove -1500,2000 3000,10000 -1100,10000 -10000,-7799 0,0 9333,10000 0
row.7305 minecraft:grove -1500,2000 3000,10000 -1100,10000 -10000,-7799 10000,10000 9333,10000 0
row.7306 minecraft:dark_forest -1500,2000 3000,10000 -1100,3000 -7799,-3750 0,0 9333,10000 0
row.7307 minecraft:dark_forest -1500,2000 3000,10000 -1100,3000 -7799,-3750 10000,10000 9333,10000 0
row.7308 minecraft:pale_garden -1500,2000 3000,10000 3000,10000 -7799,-3750 0,0 9333,10000 0
row.7309 minecraft:pale_garden -1500,2000 3000,10000 3000,10000 -7799,-3750 10000,10000 9333,10000 0
row.7310 minecraft:dark_forest -1500,2000 3000,10000 -1100,300 -3750,-2225 0,0 9333,10000 0
row.7311 minecraft:dark_forest -1500,2000 3000,10000 -1100,300 -3750,-2225 10000,10000 9333,10000 0
row.7312 minecraft:dark_forest -1500,2000 3000,10000 300,3000 -3750,-2225 0,0 9333,10000 0
row.7313 minecraft:dark_forest -1500,2000 3000,10000 300,3000 -3750,-2225 10000,10000 9333,10000 0
row.7314 minecraft:pale_garden -1500,2000 3000,10000 3000,10000 -3750,-2225 0,0 9333,10000 0
row.7315 minecraft:pale_garden -1500,2000 3000,10000 3000,10000 -3750,-2225 10000,10000 9333,10000 0
row.7316 minecraft:dark_forest -1500,2000 3000,10000 -1900,300 -2225,500 0,0 9333,10000 0
row.7317 minecraft:dark_forest -1500,2000 3000,10000 -1900,300 -2225,500 10000,10000 9333,10000 0
row.7318 minecraft:dark_forest -1500,2000 3000,10000 300,10000 -2225,500 0,0 9333,10000 0
row.7319 minecraft:dark_forest -1500,2000 3000,10000 300,10000 -2225,500 10000,10000 9333,10000 0
row.7320 minecraft:dark_forest -1500,2000 3000,10000 -1900,10000 500,4500 0,0 9333,10000 0
row.7321 minecraft:dark_forest -1500,2000 3000,10000 -1900,10000 500,4500 10000,10000 9333,10000 0
row.7322 minecraft:dark_forest -1500,2000 3000,10000 -1900,-1100 4500,5500 0,0 9333,10000 0
row.7323 minecraft:dark_forest -1500,2000 3000,10000 -1900,-1100 4500,5500 10000,10000 9333,10000 0
row.7324 minecraft:dark_forest -1500,2000 3000,10000 -1100,300 4500,5500 0,0 9333,10000 0
row.7325 minecraft:dark_forest -1500,2000 3000,10000 -1100,300 4500,5500 10000,10000 9333,10000 0
row.7326 minecraft:windswept_forest -1500,2000 3000,10000 300,10000 4500,5500 0,0 9333,10000 0
row.7327 minecraft:windswept_forest -1500,2000 3000,10000 300,10000 4500,5500 10000,10000 9333,10000 0
row.7328 minecraft:dark_forest -1500,2000 3000,10000 -1900,-1100 5500,10000 0,0 9333,10000 0
row.7329 minecraft:dark_forest -1500,2000 3000,10000 -1900,-1100 5500,10000 10000,10000 9333,10000 0
row.7330 minecraft:savanna_plateau 2000,5500 -10000,-3500 -1100,10000 -10000,-7799 0,0 9333,10000 0
row.7331 minecraft:savanna_plateau 2000,5500 -10000,-3500 -1100,10000 -10000,-7799 10000,10000 9333,10000 0
row.7332 minecraft:savanna 2000,5500 -10000,-3500 -1100,3000 -7799,-3750 0,0 9333,10000 0
row.7333 minecraft:savanna 2000,5500 -10000,-3500 -1100,3000 -7799,-3750 10000,10000 9333,10000 0
row.7334 minecraft:savanna_plateau 2000,5500 -10000,-3500 3000,10000 -7799,-3750 0,0 9333,10000 0
row.7335 minecraft:savanna_plateau 2000,5500 -10000,-3500 3000,10000 -7799,-3750 10000,10000 9333,10000 0
row.7336 minecraft:savanna 2000,5500 -10000,-3500 -1100,300 -3750,-2225 0,0 9333,10000 0
row.7337 minecraft:savanna 2000,5500 -10000,-3500 -1100,300 -3750,-2225 10000,10000 9333,10000 0
row.7338 minecraft:savanna 2000,5500 -10000,-3500 300,3000 -3750,-2225 0,0 9333,10000 0
row.7339 minecraft:savanna 2000,5500 -10000,-3500 300,3000 -3750,-2225 10000,10000 9333,10000 0
row.7340 minecraft:savanna_plateau 2000,5500 -10000,-3500 3000,10000 -3750,-2225 0,0 9333,10000 0
row.7341 minecraft:savanna_plateau 2000,5500 -10000,-3500 3000,10000 -3750,-2225 10000,10000 9333,10000 0
row.7342 minecraft:savanna 2000,5500 -10000,-3500 -1900,300 -2225,500 0,0 9333,10000 0
row.7343 minecraft:savanna 2000,5500 -10000,-3500 -1900,300 -2225,500 10000,10000 9333,10000 0
row.7344 minecraft:savanna 2000,5500 -10000,-3500 300,10000 -2225,500 0,0 9333,10000 0
row.7345 minecraft:savanna 2000,5500 -10000,-3500 300,10000 -2225,500 10000,10000 9333,10000 0
row.7346 minecraft:savanna 2000,5500 -10000,-3500 -1900,10000 500,4500 0,0 9333,10000 0
row.7347 minecraft:savanna 2000,5500 -10000,-3500 -1900,10000 500,4500 10000,10000 9333,10000 0
row.7348 minecraft:windswept_savanna 2000,5500 -10000,-3500 -1900,-1100 4500,5500 0,0 9333,10000 0
row.7349 minecraft:windswept_savanna 2000,5500 -10000,-3500 -1900,-1100 4500,5500 10000,10000 9333,10000 0
row.7350 minecraft:windswept_savanna 2000,5500 -10000,-3500 -1100,300 4500,5500 0,0 9333,10000 0
row.7351 minecraft:windswept_savanna 2000,5500 -10000,-3500 -1100,300 4500,5500 10000,10000 9333,10000 0
row.7352 minecraft:savanna 2000,5500 -10000,-3500 300,10000 4500,5500 0,0 9333,10000 0
row.7353 minecraft:savanna 2000,5500 -10000,-3500 300,10000 4500,5500 10000,10000 9333,10000 0
row.7354 minecraft:savanna 2000,5500 -10000,-3500 -1900,-1100 5500,10000 0,0 9333,10000 0
row.7355 minecraft:savanna 2000,5500 -10000,-3500 -1900,-1100 5500,10000 10000,10000 9333,10000 0
row.7356 minecraft:savanna_plateau 2000,5500 -3500,-1000 -1100,10000 -10000,-7799 0,0 9333,10000 0
row.7357 minecraft:savanna_plateau 2000,5500 -3500,-1000 -1100,10000 -10000,-7799 10000,10000 9333,10000 0
row.7358 minecraft:savanna 2000,5500 -3500,-1000 -1100,3000 -7799,-3750 0,0 9333,10000 0
row.7359 minecraft:savanna 2000,5500 -3500,-1000 -1100,3000 -7799,-3750 10000,10000 9333,10000 0
row.7360 minecraft:savanna_plateau 2000,5500 -3500,-1000 3000,10000 -7799,-3750 0,0 9333,10000 0
row.7361 minecraft:savanna_plateau 2000,5500 -3500,-1000 3000,10000 -7799,-3750 10000,10000 9333,10000 0
row.7362 minecraft:savanna 2000,5500 -3500,-1000 -1100,300 -3750,-2225 0,0 9333,10000 0
row.7363 minecraft:savanna 2000,5500 -3500,-1000 -1100,300 -3750,-2225 10000,10000 9333,10000 0
row.7364 minecraft:savanna 2000,5500 -3500,-1000 300,3000 -3750,-2225 0,0 9333,10000 0
row.7365 minecraft:savanna 2000,5500 -3500,-1000 300,3000 -3750,-2225 10000,10000 9333,10000 0
row.7366 minecraft:savanna_plateau 2000,5500 -3500,-1000 3000,10000 -3750,-2225 0,0 9333,10000 0
row.7367 minecraft:savanna_plateau 2000,5500 -3500,-1000 3000,10000 -3750,-2225 10000,10000 9333,10000 0
row.7368 minecraft:savanna 2000,5500 -3500,-1000 -1900,300 -2225,500 0,0 9333,10000 0
row.7369 minecraft:savanna 2000,5500 -3500,-1000 -1900,300 -2225,500 10000,10000 9333,10000 0
row.7370 minecraft:savanna 2000,5500 -3500,-1000 300,10000 -2225,500 0,0 9333,10000 0
row.7371 minecraft:savanna 2000,5500 -3500,-1000 300,10000 -2225,500 10000,10000 9333,10000 0
row.7372 minecraft:savanna 2000,5500 -3500,-1000 -1900,10000 500,4500 0,0 9333,10000 0
row.7373 minecraft:savanna 2000,5500 -3500,-1000 -1900,10000 500,4500 10000,10000 9333,10000 0
row.7374 minecraft:windswept_savanna 2000,5500 -3500,-1000 -1900,-1100 4500,5500 0,0 9333,10000 0
row.7375 minecraft:windswept_savanna 2000,5500 -3500,-1000 -1900,-1100 4500,5500 10000,10000 9333,10000 0
row.7376 minecraft:windswept_savanna 2000,5500 -3500,-1000 -1100,300 4500,5500 0,0 9333,10000 0
row.7377 minecraft:windswept_savanna 2000,5500 -3500,-1000 -1100,300 4500,5500 10000,10000 9333,10000 0
row.7378 minecraft:savanna 2000,5500 -3500,-1000 300,10000 4500,5500 0,0 9333,10000 0
row.7379 minecraft:savanna 2000,5500 -3500,-1000 300,10000 4500,5500 10000,10000 9333,10000 0
row.7380 minecraft:savanna 2000,5500 -3500,-1000 -1900,-1100 5500,10000 0,0 9333,10000 0
row.7381 minecraft:savanna 2000,5500 -3500,-1000 -1900,-1100 5500,10000 10000,10000 9333,10000 0
row.7382 minecraft:forest 2000,5500 -1000,1000 -1100,10000 -10000,-7799 0,0 9333,10000 0
row.7383 minecraft:forest 2000,5500 -1000,1000 -1100,10000 -10000,-7799 10000,10000 9333,10000 0
row.7384 minecraft:plains 2000,5500 -1000,1000 -1100,3000 -7799,-3750 0,0 9333,10000 0
row.7385 minecraft:plains 2000,5500 -1000,1000 -1100,3000 -7799,-3750 10000,10000 9333,10000 0
row.7386 minecraft:forest 2000,5500 -1000,1000 3000,10000 -7799,-3750 0,0 9333,10000 0
row.7387 minecraft:forest 2000,5500 -1000,1000 3000,10000 -7799,-3750 10000,10000 9333,10000 0
row.7388 minecraft:plains 2000,5500 -1000,1000 -1100,300 -3750,-2225 0,0 9333,10000 0
row.7389 minecraft:plains 2000,5500 -1000,1000 -1100,300 -3750,-2225 10000,10000 9333,10000 0
row.7390 minecraft:plains 2000,5500 -1000,1000 300,3000 -3750,-2225 0,0 9333,10000 0
row.7391 minecraft:plains 2000,5500 -1000,1000 300,3000 -3750,-2225 10000,10000 9333,10000 0
row.7392 minecraft:forest 2000,5500 -1000,1000 3000,10000 -3750,-2225 0,0 9333,10000 0
row.7393 minecraft:forest 2000,5500 -1000,1000 3000,10000 -3750,-2225 10000,10000 9333,10000 0
row.7394 minecraft:plains 2000,5500 -1000,1000 -1900,300 -2225,500 0,0 9333,10000 0
row.7395 minecraft:plains 2000,5500 -1000,1000 -1900,300 -2225,500 10000,10000 9333,10000 0
row.7396 minecraft:plains 2000,5500 -1000,1000 300,10000 -2225,500 0,0 9333,10000 0
row.7397 minecraft:plains 2000,5500 -1000,1000 300,10000 -2225,500 10000,10000 9333,10000 0
row.7398 minecraft:plains 2000,5500 -1000,1000 -1900,10000 500,4500 0,0 9333,10000 0
row.7399 minecraft:plains 2000,5500 -1000,1000 -1900,10000 500,4500 10000,10000 9333,10000 0
row.7400 minecraft:windswept_savanna 2000,5500 -1000,1000 -1900,-1100 4500,5500 0,0 9333,10000 0
row.7401 minecraft:windswept_savanna 2000,5500 -1000,1000 -1900,-1100 4500,5500 10000,10000 9333,10000 0
row.7402 minecraft:windswept_savanna 2000,5500 -1000,1000 -1100,300 4500,5500 0,0 9333,10000 0
row.7403 minecraft:windswept_savanna 2000,5500 -1000,1000 -1100,300 4500,5500 10000,10000 9333,10000 0
row.7404 minecraft:plains 2000,5500 -1000,1000 300,10000 4500,5500 0,0 9333,10000 0
row.7405 minecraft:plains 2000,5500 -1000,1000 300,10000 4500,5500 10000,10000 9333,10000 0
row.7406 minecraft:plains 2000,5500 -1000,1000 -1900,-1100 5500,10000 0,0 9333,10000 0
row.7407 minecraft:plains 2000,5500 -1000,1000 -1900,-1100 5500,10000 10000,10000 9333,10000 0
row.7408 minecraft:forest 2000,5500 1000,3000 -1100,10000 -10000,-7799 0,0 9333,10000 0
row.7409 minecraft:forest 2000,5500 1000,3000 -1100,10000 -10000,-7799 10000,10000 9333,10000 0
row.7410 minecraft:sparse_jungle 2000,5500 1000,3000 -1100,3000 -7799,-3750 0,0 9333,10000 0
row.7411 minecraft:sparse_jungle 2000,5500 1000,3000 -1100,3000 -7799,-3750 10000,10000 9333,10000 0
row.7412 minecraft:forest 2000,5500 1000,3000 3000,10000 -7799,-3750 0,0 9333,10000 0
row.7413 minecraft:forest 2000,5500 1000,3000 3000,10000 -7799,-3750 10000,10000 9333,10000 0
row.7414 minecraft:sparse_jungle 2000,5500 1000,3000 -1100,300 -3750,-2225 0,0 9333,10000 0
row.7415 minecraft:sparse_jungle 2000,5500 1000,3000 -1100,300 -3750,-2225 10000,10000 9333,10000 0
row.7416 minecraft:sparse_jungle 2000,5500 1000,3000 300,3000 -3750,-2225 0,0 9333,10000 0
row.7417 minecraft:sparse_jungle 2000,5500 1000,3000 300,3000 -3750,-2225 10000,10000 9333,10000 0
row.7418 minecraft:forest 2000,5500 1000,3000 3000,10000 -3750,-2225 0,0 9333,10000 0
row.7419 minecraft:forest 2000,5500 1000,3000 3000,10000 -3750,-2225 10000,10000 9333,10000 0
row.7420 minecraft:sparse_jungle 2000,5500 1000,3000 -1900,300 -2225,500 0,0 9333,10000 0
row.7421 minecraft:sparse_jungle 2000,5500 1000,3000 -1900,300 -2225,500 10000,10000 9333,10000 0
row.7422 minecraft:sparse_jungle 2000,5500 1000,3000 300,10000 -2225,500 0,0 9333,10000 0
row.7423 minecraft:sparse_jungle 2000,5500 1000,3000 300,10000 -2225,500 10000,10000 9333,10000 0
row.7424 minecraft:sparse_jungle 2000,5500 1000,3000 -1900,10000 500,4500 0,0 9333,10000 0
row.7425 minecraft:sparse_jungle 2000,5500 1000,3000 -1900,10000 500,4500 10000,10000 9333,10000 0
row.7426 minecraft:windswept_savanna 2000,5500 1000,3000 -1900,-1100 4500,5500 0,0 9333,10000 0
row.7427 minecraft:windswept_savanna 2000,5500 1000,3000 -1900,-1100 4500,5500 10000,10000 9333,10000 0
row.7428 minecraft:windswept_savanna 2000,5500 1000,3000 -1100,300 4500,5500 0,0 9333,10000 0
row.7429 minecraft:windswept_savanna 2000,5500 1000,3000 -1100,300 4500,5500 10000,10000 9333,10000 0
row.7430 minecraft:sparse_jungle 2000,5500 1000,3000 300,10000 4500,5500 0,0 9333,10000 0
row.7431 minecraft:sparse_jungle 2000,5500 1000,3000 300,10000 4500,5500 10000,10000 9333,10000 0
row.7432 minecraft:sparse_jungle 2000,5500 1000,3000 -1900,-1100 5500,10000 0,0 9333,10000 0
row.7433 minecraft:sparse_jungle 2000,5500 1000,3000 -1900,-1100 5500,10000 10000,10000 9333,10000 0
row.7434 minecraft:jungle 2000,5500 3000,10000 -1100,10000 -10000,-7799 0,0 9333,10000 0
row.7435 minecraft:jungle 2000,5500 3000,10000 -1100,10000 -10000,-7799 10000,10000 9333,10000 0
row.7436 minecraft:bamboo_jungle 2000,5500 3000,10000 -1100,3000 -7799,-3750 0,0 9333,10000 0
row.7437 minecraft:bamboo_jungle 2000,5500 3000,10000 -1100,3000 -7799,-3750 10000,10000 9333,10000 0
row.7438 minecraft:jungle 2000,5500 3000,10000 3000,10000 -7799,-3750 0,0 9333,10000 0
row.7439 minecraft:jungle 2000,5500 3000,10000 3000,10000 -7799,-3750 10000,10000 9333,10000 0
row.7440 minecraft:bamboo_jungle 2000,5500 3000,10000 -1100,300 -3750,-2225 0,0 9333,10000 0
row.7441 minecraft:bamboo_jungle 2000,5500 3000,10000 -1100,300 -3750,-2225 10000,10000 9333,10000 0
row.7442 minecraft:bamboo_jungle 2000,5500 3000,10000 300,3000 -3750,-2225 0,0 9333,10000 0
row.7443 minecraft:bamboo_jungle 2000,5500 3000,10000 300,3000 -3750,-2225 10000,10000 9333,10000 0
row.7444 minecraft:jungle 2000,5500 3000,10000 3000,10000 -3750,-2225 0,0 9333,10000 0
row.7445 minecraft:jungle 2000,5500 3000,10000 3000,10000 -3750,-2225 10000,10000 9333,10000 0
row.7446 minecraft:bamboo_jungle 2000,5500 3000,10000 -1900,300 -2225,500 0,0 9333,10000 0
row.7447 minecraft:bamboo_jungle 2000,5500 3000,10000 -1900,300 -2225,500 10000,10000 9333,10000 0
row.7448 minecraft:bamboo_jungle 2000,5500 3000,10000 300,10000 -2225,500 0,0 9333,10000 0
row.7449 minecraft:bamboo_jungle 2000,5500 3000,10000 300,10000 -2225,500 10000,10000 9333,10000 0
row.7450 minecraft:bamboo_jungle 2000,5500 3000,10000 -1900,10000 500,4500 0,0 9333,10000 0
row.7451 minecraft:bamboo_jungle 2000,5500 3000,10000 -1900,10000 500,4500 10000,10000 9333,10000 0
row.7452 minecraft:bamboo_jungle 2000,5500 3000,10000 -1900,-1100 4500,5500 0,0 9333,10000 0
row.7453 minecraft:bamboo_jungle 2000,5500 3000,10000 -1900,-1100 4500,5500 10000,10000 9333,10000 0
row.7454 minecraft:bamboo_jungle 2000,5500 3000,10000 -1100,300 4500,5500 0,0 9333,10000 0
row.7455 minecraft:bamboo_jungle 2000,5500 3000,10000 -1100,300 4500,5500 10000,10000 9333,10000 0
row.7456 minecraft:bamboo_jungle 2000,5500 3000,10000 300,10000 4500,5500 0,0 9333,10000 0
row.7457 minecraft:bamboo_jungle 2000,5500 3000,10000 300,10000 4500,5500 10000,10000 9333,10000 0
row.7458 minecraft:bamboo_jungle 2000,5500 3000,10000 -1900,-1100 5500,10000 0,0 9333,10000 0
row.7459 minecraft:bamboo_jungle 2000,5500 3000,10000 -1900,-1100 5500,10000 10000,10000 9333,10000 0
row.7460 minecraft:eroded_badlands 5500,10000 -10000,-3500 -1100,10000 -10000,-7799 0,0 9333,10000 0
row.7461 minecraft:eroded_badlands 5500,10000 -10000,-3500 -1100,10000 -10000,-7799 10000,10000 9333,10000 0
row.7462 minecraft:eroded_badlands 5500,10000 -10000,-3500 -1100,3000 -7799,-3750 0,0 9333,10000 0
row.7463 minecraft:eroded_badlands 5500,10000 -10000,-3500 -1100,3000 -7799,-3750 10000,10000 9333,10000 0
row.7464 minecraft:eroded_badlands 5500,10000 -10000,-3500 3000,10000 -7799,-3750 0,0 9333,10000 0
row.7465 minecraft:eroded_badlands 5500,10000 -10000,-3500 3000,10000 -7799,-3750 10000,10000 9333,10000 0
row.7466 minecraft:desert 5500,10000 -10000,-3500 -1100,300 -3750,-2225 0,0 9333,10000 0
row.7467 minecraft:desert 5500,10000 -10000,-3500 -1100,300 -3750,-2225 10000,10000 9333,10000 0
row.7468 minecraft:eroded_badlands 5500,10000 -10000,-3500 300,3000 -3750,-2225 0,0 9333,10000 0
row.7469 minecraft:eroded_badlands 5500,10000 -10000,-3500 300,3000 -3750,-2225 10000,10000 9333,10000 0
row.7470 minecraft:eroded_badlands 5500,10000 -10000,-3500 3000,10000 -3750,-2225 0,0 9333,10000 0
row.7471 minecraft:eroded_badlands 5500,10000 -10000,-3500 3000,10000 -3750,-2225 10000,10000 9333,10000 0
row.7472 minecraft:desert 5500,10000 -10000,-3500 -1900,300 -2225,500 0,0 9333,10000 0
row.7473 minecraft:desert 5500,10000 -10000,-3500 -1900,300 -2225,500 10000,10000 9333,10000 0
row.7474 minecraft:eroded_badlands 5500,10000 -10000,-3500 300,10000 -2225,500 0,0 9333,10000 0
row.7475 minecraft:eroded_badlands 5500,10000 -10000,-3500 300,10000 -2225,500 10000,10000 9333,10000 0
row.7476 minecraft:desert 5500,10000 -10000,-3500 -1900,10000 500,4500 0,0 9333,10000 0
row.7477 minecraft:desert 5500,10000 -10000,-3500 -1900,10000 500,4500 10000,10000 9333,10000 0
row.7478 minecraft:windswept_savanna 5500,10000 -10000,-3500 -1900,-1100 4500,5500 0,0 9333,10000 0
row.7479 minecraft:windswept_savanna 5500,10000 -10000,-3500 -1900,-1100 4500,5500 10000,10000 9333,10000 0
row.7480 minecraft:windswept_savanna 5500,10000 -10000,-3500 -1100,300 4500,5500 0,0 9333,10000 0
row.7481 minecraft:windswept_savanna 5500,10000 -10000,-3500 -1100,300 4500,5500 10000,10000 9333,10000 0
row.7482 minecraft:desert 5500,10000 -10000,-3500 300,10000 4500,5500 0,0 9333,10000 0
row.7483 minecraft:desert 5500,10000 -10000,-3500 300,10000 4500,5500 10000,10000 9333,10000 0
row.7484 minecraft:desert 5500,10000 -10000,-3500 -1900,-1100 5500,10000 0,0 9333,10000 0
row.7485 minecraft:desert 5500,10000 -10000,-3500 -1900,-1100 5500,10000 10000,10000 9333,10000 0
row.7486 minecraft:eroded_badlands 5500,10000 -3500,-1000 -1100,10000 -10000,-7799 0,0 9333,10000 0
row.7487 minecraft:eroded_badlands 5500,10000 -3500,-1000 -1100,10000 -10000,-7799 10000,10000 9333,10000 0
row.7488 minecraft:eroded_badlands 5500,10000 -3500,-1000 -1100,3000 -7799,-3750 0,0 9333,10000 0
row.7489 minecraft:eroded_badlands 5500,10000 -3500,-1000 -1100,3000 -7799,-3750 10000,10000 9333,10000 0
row.7490 minecraft:eroded_badlands 5500,10000 -3500,-1000 3000,10000 -7799,-3750 0,0 9333,10000 0
row.7491 minecraft:eroded_badlands 5500,10000 -3500,-1000 3000,10000 -7799,-3750 10000,10000 9333,10000 0
row.7492 minecraft:desert 5500,10000 -3500,-1000 -1100,300 -3750,-2225 0,0 9333,10000 0
row.7493 minecraft:desert 5500,10000 -3500,-1000 -1100,300 -3750,-2225 10000,10000 9333,10000 0
row.7494 minecraft:eroded_badlands 5500,10000 -3500,-1000 300,3000 -3750,-2225 0,0 9333,10000 0
row.7495 minecraft:eroded_badlands 5500,10000 -3500,-1000 300,3000 -3750,-2225 10000,10000 9333,10000 0
row.7496 minecraft:eroded_badlands 5500,10000 -3500,-1000 3000,10000 -3750,-2225 0,0 9333,10000 0
row.7497 minecraft:eroded_badlands 5500,10000 -3500,-1000 3000,10000 -3750,-2225 10000,10000 9333,10000 0
row.7498 minecraft:desert 5500,10000 -3500,-1000 -1900,300 -2225,500 0,0 9333,10000 0
row.7499 minecraft:desert 5500,10000 -3500,-1000 -1900,300 -2225,500 10000,10000 9333,10000 0
row.7500 minecraft:eroded_badlands 5500,10000 -3500,-1000 300,10000 -2225,500 0,0 9333,10000 0
row.7501 minecraft:eroded_badlands 5500,10000 -3500,-1000 300,10000 -2225,500 10000,10000 9333,10000 0
row.7502 minecraft:desert 5500,10000 -3500,-1000 -1900,10000 500,4500 0,0 9333,10000 0
row.7503 minecraft:desert 5500,10000 -3500,-1000 -1900,10000 500,4500 10000,10000 9333,10000 0
row.7504 minecraft:windswept_savanna 5500,10000 -3500,-1000 -1900,-1100 4500,5500 0,0 9333,10000 0
row.7505 minecraft:windswept_savanna 5500,10000 -3500,-1000 -1900,-1100 4500,5500 10000,10000 9333,10000 0
row.7506 minecraft:windswept_savanna 5500,10000 -3500,-1000 -1100,300 4500,5500 0,0 9333,10000 0
row.7507 minecraft:windswept_savanna 5500,10000 -3500,-1000 -1100,300 4500,5500 10000,10000 9333,10000 0
row.7508 minecraft:desert 5500,10000 -3500,-1000 300,10000 4500,5500 0,0 9333,10000 0
row.7509 minecraft:desert 5500,10000 -3500,-1000 300,10000 4500,5500 10000,10000 9333,10000 0
row.7510 minecraft:desert 5500,10000 -3500,-1000 -1900,-1100 5500,10000 0,0 9333,10000 0
row.7511 minecraft:desert 5500,10000 -3500,-1000 -1900,-1100 5500,10000 10000,10000 9333,10000 0
row.7512 minecraft:badlands 5500,10000 -1000,1000 -1100,10000 -10000,-7799 0,0 9333,10000 0
row.7513 minecraft:badlands 5500,10000 -1000,1000 -1100,10000 -10000,-7799 10000,10000 9333,10000 0
row.7514 minecraft:badlands 5500,10000 -1000,1000 -1100,3000 -7799,-3750 0,0 9333,10000 0
row.7515 minecraft:badlands 5500,10000 -1000,1000 -1100,3000 -7799,-3750 10000,10000 9333,10000 0
row.7516 minecraft:badlands 5500,10000 -1000,1000 3000,10000 -7799,-3750 0,0 9333,10000 0
row.7517 minecraft:badlands 5500,10000 -1000,1000 3000,10000 -7799,-3750 10000,10000 9333,10000 0
row.7518 minecraft:desert 5500,10000 -1000,1000 -1100,300 -3750,-2225 0,0 9333,10000 0
row.7519 minecraft:desert 5500,10000 -1000,1000 -1100,300 -3750,-2225 10000,10000 9333,10000 0
row.7520 minecraft:badlands 5500,10000 -1000,1000 300,3000 -3750,-2225 0,0 9333,10000 0
row.7521 minecraft:badlands 5500,10000 -1000,1000 300,3000 -3750,-2225 10000,10000 9333,10000 0
row.7522 minecraft:badlands 5500,10000 -1000,1000 3000,10000 -3750,-2225 0,0 9333,10000 0
row.7523 minecraft:badlands 5500,10000 -1000,1000 3000,10000 -3750,-2225 10000,10000 9333,10000 0
row.7524 minecraft:desert 5500,10000 -1000,1000 -1900,300 -2225,500 0,0 9333,10000 0
row.7525 minecraft:desert 5500,10000 -1000,1000 -1900,300 -2225,500 10000,10000 9333,10000 0
row.7526 minecraft:badlands 5500,10000 -1000,1000 300,10000 -2225,500 0,0 9333,10000 0
row.7527 minecraft:badlands 5500,10000 -1000,1000 300,10000 -2225,500 10000,10000 9333,10000 0
row.7528 minecraft:desert 5500,10000 -1000,1000 -1900,10000 500,4500 0,0 9333,10000 0
row.7529 minecraft:desert 5500,10000 -1000,1000 -1900,10000 500,4500 10000,10000 9333,10000 0
row.7530 minecraft:windswept_savanna 5500,10000 -1000,1000 -1900,-1100 4500,5500 0,0 9333,10000 0
row.7531 minecraft:windswept_savanna 5500,10000 -1000,1000 -1900,-1100 4500,5500 10000,10000 9333,10000 0
row.7532 minecraft:windswept_savanna 5500,10000 -1000,1000 -1100,300 4500,5500 0,0 9333,10000 0
row.7533 minecraft:windswept_savanna 5500,10000 -1000,1000 -1100,300 4500,5500 10000,10000 9333,10000 0
row.7534 minecraft:desert 5500,10000 -1000,1000 300,10000 4500,5500 0,0 9333,10000 0
row.7535 minecraft:desert 5500,10000 -1000,1000 300,10000 4500,5500 10000,10000 9333,10000 0
row.7536 minecraft:desert 5500,10000 -1000,1000 -1900,-1100 5500,10000 0,0 9333,10000 0
row.7537 minecraft:desert 5500,10000 -1000,1000 -1900,-1100 5500,10000 10000,10000 9333,10000 0
row.7538 minecraft:wooded_badlands 5500,10000 1000,3000 -1100,10000 -10000,-7799 0,0 9333,10000 0
row.7539 minecraft:wooded_badlands 5500,10000 1000,3000 -1100,10000 -10000,-7799 10000,10000 9333,10000 0
row.7540 minecraft:wooded_badlands 5500,10000 1000,3000 -1100,3000 -7799,-3750 0,0 9333,10000 0
row.7541 minecraft:wooded_badlands 5500,10000 1000,3000 -1100,3000 -7799,-3750 10000,10000 9333,10000 0
row.7542 minecraft:wooded_badlands 5500,10000 1000,3000 3000,10000 -7799,-3750 0,0 9333,10000 0
row.7543 minecraft:wooded_badlands 5500,10000 1000,3000 3000,10000 -7799,-3750 10000,10000 9333,10000 0
row.7544 minecraft:desert 5500,10000 1000,3000 -1100,300 -3750,-2225 0,0 9333,10000 0
row.7545 minecraft:desert 5500,10000 1000,3000 -1100,300 -3750,-2225 10000,10000 9333,10000 0
row.7546 minecraft:wooded_badlands 5500,10000 1000,3000 300,3000 -3750,-2225 0,0 9333,10000 0
row.7547 minecraft:wooded_badlands 5500,10000 1000,3000 300,3000 -3750,-2225 10000,10000 9333,10000 0
row.7548 minecraft:wooded_badlands 5500,10000 1000,3000 3000,10000 -3750,-2225 0,0 9333,10000 0
row.7549 minecraft:wooded_badlands 5500,10000 1000,3000 3000,10000 -3750,-2225 10000,10000 9333,10000 0
row.7550 minecraft:desert 5500,10000 1000,3000 -1900,300 -2225,500 0,0 9333,10000 0
row.7551 minecraft:desert 5500,10000 1000,3000 -1900,300 -2225,500 10000,10000 9333,10000 0
row.7552 minecraft:wooded_badlands 5500,10000 1000,3000 300,10000 -2225,500 0,0 9333,10000 0
row.7553 minecraft:wooded_badlands 5500,10000 1000,3000 300,10000 -2225,500 10000,10000 9333,10000 0
row.7554 minecraft:desert 5500,10000 1000,3000 -1900,10000 500,4500 0,0 9333,10000 0
row.7555 minecraft:desert 5500,10000 1000,3000 -1900,10000 500,4500 10000,10000 9333,10000 0
row.7556 minecraft:windswept_savanna 5500,10000 1000,3000 -1900,-1100 4500,5500 0,0 9333,10000 0
row.7557 minecraft:windswept_savanna 5500,10000 1000,3000 -1900,-1100 4500,5500 10000,10000 9333,10000 0
row.7558 minecraft:windswept_savanna 5500,10000 1000,3000 -1100,300 4500,5500 0,0 9333,10000 0
row.7559 minecraft:windswept_savanna 5500,10000 1000,3000 -1100,300 4500,5500 10000,10000 9333,10000 0
row.7560 minecraft:desert 5500,10000 1000,3000 300,10000 4500,5500 0,0 9333,10000 0
row.7561 minecraft:desert 5500,10000 1000,3000 300,10000 4500,5500 10000,10000 9333,10000 0
row.7562 minecraft:desert 5500,10000 1000,3000 -1900,-1100 5500,10000 0,0 9333,10000 0
row.7563 minecraft:desert 5500,10000 1000,3000 -1900,-1100 5500,10000 10000,10000 9333,10000 0
row.7564 minecraft:wooded_badlands 5500,10000 3000,10000 -1100,10000 -10000,-7799 0,0 9333,10000 0
row.7565 minecraft:wooded_badlands 5500,10000 3000,10000 -1100,10000 -10000,-7799 10000,10000 9333,10000 0
row.7566 minecraft:wooded_badlands 5500,10000 3000,10000 -1100,3000 -7799,-3750 0,0 9333,10000 0
row.7567 minecraft:wooded_badlands 5500,10000 3000,10000 -1100,3000 -7799,-3750 10000,10000 9333,10000 0
row.7568 minecraft:wooded_badlands 5500,10000 3000,10000 3000,10000 -7799,-3750 0,0 9333,10000 0
row.7569 minecraft:wooded_badlands 5500,10000 3000,10000 3000,10000 -7799,-3750 10000,10000 9333,10000 0
row.7570 minecraft:desert 5500,10000 3000,10000 -1100,300 -3750,-2225 0,0 9333,10000 0
row.7571 minecraft:desert 5500,10000 3000,10000 -1100,300 -3750,-2225 10000,10000 9333,10000 0
row.7572 minecraft:wooded_badlands 5500,10000 3000,10000 300,3000 -3750,-2225 0,0 9333,10000 0
row.7573 minecraft:wooded_badlands 5500,10000 3000,10000 300,3000 -3750,-2225 10000,10000 9333,10000 0
row.7574 minecraft:wooded_badlands 5500,10000 3000,10000 3000,10000 -3750,-2225 0,0 9333,10000 0
row.7575 minecraft:wooded_badlands 5500,10000 3000,10000 3000,10000 -3750,-2225 10000,10000 9333,10000 0
row.7576 minecraft:desert 5500,10000 3000,10000 -1900,300 -2225,500 0,0 9333,10000 0
row.7577 minecraft:desert 5500,10000 3000,10000 -1900,300 -2225,500 10000,10000 9333,10000 0
row.7578 minecraft:wooded_badlands 5500,10000 3000,10000 300,10000 -2225,500 0,0 9333,10000 0
row.7579 minecraft:wooded_badlands 5500,10000 3000,10000 300,10000 -2225,500 10000,10000 9333,10000 0
row.7580 minecraft:desert 5500,10000 3000,10000 -1900,10000 500,4500 0,0 9333,10000 0
row.7581 minecraft:desert 5500,10000 3000,10000 -1900,10000 500,4500 10000,10000 9333,10000 0
row.7582 minecraft:desert 5500,10000 3000,10000 -1900,-1100 4500,5500 0,0 9333,10000 0
row.7583 minecraft:desert 5500,10000 3000,10000 -1900,-1100 4500,5500 10000,10000 9333,10000 0
row.7584 minecraft:desert 5500,10000 3000,10000 -1100,300 4500,5500 0,0 9333,10000 0
row.7585 minecraft:desert 5500,10000 3000,10000 -1100,300 4500,5500 10000,10000 9333,10000 0
row.7586 minecraft:desert 5500,10000 3000,10000 300,10000 4500,5500 0,0 9333,10000 0
row.7587 minecraft:desert 5500,10000 3000,10000 300,10000 4500,5500 10000,10000 9333,10000 0
row.7588 minecraft:desert 5500,10000 3000,10000 -1900,-1100 5500,10000 0,0 9333,10000 0
row.7589 minecraft:desert 5500,10000 3000,10000 -1900,-1100 5500,10000 10000,10000 9333,10000 0
row.7590 minecraft:dripstone_caves -10000,10000 -10000,10000 8000,10000 -10000,10000 2000,9000 -10000,10000 0
row.7591 minecraft:lush_caves -10000,10000 7000,10000 -10000,10000 -10000,10000 2000,9000 -10000,10000 0
row.7592 minecraft:sulfur_caves -10000,10000 -10000,10000 -1900,5500 4500,10000 2000,9000 -11000,-8500 0
row.7593 minecraft:deep_dark -10000,10000 -10000,10000 -10000,10000 -10000,-3750 11000,11000 -10000,10000 0
